Workbook

Sheet TTR Summary
B2: Single-Site | I2: Multi-Site | M2: 4 | O2: PTE
B3: IP | C3: CP1 TT (s) | D3: CP2 TT (s) | E3: FT1 TT (s) | F3: FT2 TT (s) | G3: Total (s) | I3: CP1 TT (s) | J3: CP2 TT (s) | K3: FT1 TT (s) | L3: FT2 TT (s) | M3: Total (s) | O3: CP1 | P3: CP2 | Q3: FT1 | R3: FT2
B4: IO_JTAG | C4: =ROUND(IO_JTAG!F2/1000, 2) -> 1.12 | D4: =ROUND(IO_JTAG!I2/1000, 2) -> 1.12 | E4: =ROUND(IO_JTAG!L2/1000, 2) -> 1.12 | F4: =ROUND(IO_JTAG!O2/1000, 2) -> 1.12 | G4: =SUM(C4:F4) -> 4.48 | O4: =1-(I4-C4)/((M2-1)*C4) -> 1.3333333 | P4: =1-(J4-D4)/((M2-1)*D4) -> 1.3333333 | Q4: =1-(K4-E4)/((M2-1)*E4) -> 1.3333333 | R4: =1-(L4-F4)/((M2-1)*F4) -> 1.3333333
B5: ADCDFT | C5: =ROUND(ADCDFT!F2/1000, 2) -> 0.88 | D5: =ROUND(ADCDFT!I2/1000, 2) -> 0.88 | E5: =ROUND(ADCDFT!L2/1000, 2) -> 0.88 | F5: =ROUND(ADCDFT!O2/1000, 2) -> 0.88 | G5: =SUM(C5:F5) -> 3.52 | O5: =1-(I5-C5)/((M2-1)*C5) -> 1.3333333 | P5: =1-(J5-D5)/((M2-1)*D5) -> 1.3333333 | Q5: =1-(K5-E5)/((M2-1)*E5) -> 1.3333333 | R5: =1-(L5-F5)/((M2-1)*F5) -> 1.3333333
B6: MTRICTS | C6: =ROUND(MTRICTS!F2/1000, 2) -> 7.61 | D6: =ROUND(MTRICTS!I2/1000, 2) -> 7.61 | E6: =ROUND(MTRICTS!L2/1000, 2) -> 7.61 | F6: =ROUND(MTRICTS!O2/1000, 2) -> 7.61 | G6: =SUM(C6:F6) -> 30.44 | O6: =1-(I6-C6)/((M2-1)*C6) -> 1.3333333 | P6: =1-(J6-D6)/((M2-1)*D6) -> 1.3333333 | Q6: =1-(K6-E6)/((M2-1)*E6) -> 1.3333333 | R6: =1-(L6-F6)/((M2-1)*F6) -> 1.3333333
B7: NTSE | C7: =ROUND(NTSE!F2/1000, 2) -> 4.35 | D7: =ROUND(NTSE!I2/1000, 2) -> 4.35 | E7: =ROUND(NTSE!L2/1000, 2) -> 4.35 | F7: =ROUND(NTSE!O2/1000, 2) -> 4.35 | G7: =SUM(C7:F7) -> 17.4 | O7: =1-(I7-C7)/((M2-1)*C7) -> 1.3333333 | P7: =1-(J7-D7)/((M2-1)*D7) -> 1.3333333 | Q7: =1-(K7-E7)/((M2-1)*E7) -> 1.3333333 | R7: =1-(L7-F7)/((M2-1)*F7) -> 1.3333333
B8: NTSR | C8: =ROUND(NTSR!F2/1000, 2) -> 0.26 | D8: =ROUND(NTSR!I2/1000, 2) -> 0.26 | E8: =ROUND(NTSR!L2/1000, 2) -> 0.26 | F8: =ROUND(NTSR!O2/1000, 2) -> 0.26 | G8: =SUM(C8:F8) -> 1.04 | O8: =1-(I8-C8)/((M2-1)*C8) -> 1.3333333 | P8: =1-(J8-D8)/((M2-1)*D8) -> 1.3333333 | Q8: =1-(K8-E8)/((M2-1)*E8) -> 1.3333333 | R8: =1-(L8-F8)/((M2-1)*F8) -> 1.3333333
B9: MISC | C9: =ROUND(MISC!F2/1000, 2) -> 0.37 | D9: =ROUND(MISC!I2/1000, 2) -> 0.37 | E9: =ROUND(MISC!L2/1000, 2) -> 0.37 | F9: =ROUND(MISC!O2/1000, 2) -> 0.37 | G9: =SUM(C9:F9) -> 1.48 | O9: =1-(I9-C9)/((M2-1)*C9) -> 1.3333333 | P9: =1-(J9-D9)/((M2-1)*D9) -> 1.3333333 | Q9: =1-(K9-E9)/((M2-1)*E9) -> 1.3333333 | R9: =1-(L9-F9)/((M2-1)*F9) -> 1.3333333
B10: FRO | C10: =ROUND(FRO!F2/1000, 2) -> 0.01 | D10: =ROUND(FRO!I2/1000, 2) -> 0.01 | E10: =ROUND(FRO!L2/1000, 2) -> 0.01 | F10: =ROUND(FRO!O2/1000, 2) -> 0.01 | G10: =SUM(C10:F10) -> 0.04 | O10: =1-(I10-C10)/((M2-1)*C10) -> 1.3333333 | P10: =1-(J10-D10)/((M2-1)*D10) -> 1.3333333 | Q10: =1-(K10-E10)/((M2-1)*E10) -> 1.3333333 | R10: =1-(L10-F10)/((M2-1)*F10) -> 1.3333333
B11: CPLL | C11: =ROUND(CPLL!F2/1000, 2) -> 3.47 | D11: =ROUND(CPLL!I2/1000, 2) -> 3.47 | E11: =ROUND(CPLL!L2/1000, 2) -> 3.47 | F11: =ROUND(CPLL!O2/1000, 2) -> 3.47 | G11: =SUM(C11:F11) -> 13.88 | O11: =1-(I11-C11)/((M2-1)*C11) -> 1.3333333 | P11: =1-(J11-D11)/((M2-1)*D11) -> 1.3333333 | Q11: =1-(K11-E11)/((M2-1)*E11) -> 1.3333333 | R11: =1-(L11-F11)/((M2-1)*F11) -> 1.3333333
B12: ADCLK | C12: =ROUND(ADCLK!F2/1000, 2) -> 7.79 | D12: =ROUND(ADCLK!I2/1000, 2) -> 7.79 | E12: =ROUND(ADCLK!L2/1000, 2) -> 7.79 | F12: =ROUND(ADCLK!O2/1000, 2) -> 7.79 | G12: =SUM(C12:F12) -> 31.16 | O12: =1-(I12-C12)/((M2-1)*C12) -> 1.3333333 | P12: =1-(J12-D12)/((M2-1)*D12) -> 1.3333333 | Q12: =1-(K12-E12)/((M2-1)*E12) -> 1.3333333 | R12: =1-(L12-F12)/((M2-1)*F12) -> 1.3333333
B13: LAPLL | C13: =ROUND(LAPLL!F2/1000, 2) -> 4.58 | D13: =ROUND(LAPLL!I2/1000, 2) -> 4.58 | E13: =ROUND(LAPLL!L2/1000, 2) -> 4.58 | F13: =ROUND(LAPLL!O2/1000, 2) -> 4.58 | G13: =SUM(C13:F13) -> 18.32 | O13: =1-(I13-C13)/((M2-1)*C13) -> 1.3333333 | P13: =1-(J13-D13)/((M2-1)*D13) -> 1.3333333 | Q13: =1-(K13-E13)/((M2-1)*E13) -> 1.3333333 | R13: =1-(L13-F13)/((M2-1)*F13) -> 1.3333333
B14: PCIEREFGEN | C14: =ROUND(PCIEREFGEN!F2/1000, 2) -> 3.74 | D14: =ROUND(PCIEREFGEN!I2/1000, 2) -> 3.74 | E14: =ROUND(PCIEREFGEN!L2/1000, 2) -> 3.74 | F14: =ROUND(PCIEREFGEN!O2/1000, 2) -> 3.74 | G14: =SUM(C14:F14) -> 14.96 | O14: =1-(I14-C14)/((M2-1)*C14) -> 1.3333333 | P14: =1-(J14-D14)/((M2-1)*D14) -> 1.3333333 | Q14: =1-(K14-E14)/((M2-1)*E14) -> 1.3333333 | R14: =1-(L14-F14)/((M2-1)*F14) -> 1.3333333
B15: PCIE5CMN | C15: =ROUND(PCIE5CMN!F2/1000, 2) -> 0.84 | D15: =ROUND(PCIE5CMN!I2/1000, 2) -> 0.84 | E15: =ROUND(PCIE5CMN!L2/1000, 2) -> 0.84 | F15: =ROUND(PCIE5CMN!O2/1000, 2) -> 0.84 | G15: =SUM(C15:F15) -> 3.36 | O15: =1-(I15-C15)/((M2-1)*C15) -> 1.3333333 | P15: =1-(J15-D15)/((M2-1)*D15) -> 1.3333333 | Q15: =1-(K15-E15)/((M2-1)*E15) -> 1.3333333 | R15: =1-(L15-F15)/((M2-1)*F15) -> 1.3333333
B16: ACIPHYCMN | C16: =ROUND(ACIPHYCMN!F2/1000, 2) -> 0.37 | D16: =ROUND(ACIPHYCMN!I2/1000, 2) -> 0.37 | E16: =ROUND(ACIPHYCMN!L2/1000, 2) -> 0.37 | F16: =ROUND(ACIPHYCMN!O2/1000, 2) -> 0.37 | G16: =SUM(C16:F16) -> 1.48 | O16: =1-(I16-C16)/((M2-1)*C16) -> 1.3333333 | P16: =1-(J16-D16)/((M2-1)*D16) -> 1.3333333 | Q16: =1-(K16-E16)/((M2-1)*E16) -> 1.3333333 | R16: =1-(L16-F16)/((M2-1)*F16) -> 1.3333333
B17: ACIOPHYCMN | C17: =ROUND(ACIOPHYCMN!F2/1000, 2) -> 0.52 | D17: =ROUND(ACIOPHYCMN!I2/1000, 2) -> 0.52 | E17: =ROUND(ACIOPHYCMN!L2/1000, 2) -> 0.52 | F17: =ROUND(ACIOPHYCMN!O2/1000, 2) -> 0.52 | G17: =SUM(C17:F17) -> 2.08 | O17: =1-(I17-C17)/((M2-1)*C17) -> 1.3333333 | P17: =1-(J17-D17)/((M2-1)*D17) -> 1.3333333 | Q17: =1-(K17-E17)/((M2-1)*E17) -> 1.3333333 | R17: =1-(L17-F17)/((M2-1)*F17) -> 1.3333333
B18: LPDPTXCMN | C18: =ROUND(LPDPTXCMN!F2/1000, 2) -> 0.38 | D18: =ROUND(LPDPTXCMN!I2/1000, 2) -> 0.38 | E18: =ROUND(LPDPTXCMN!L2/1000, 2) -> 0.38 | F18: =ROUND(LPDPTXCMN!O2/1000, 2) -> 0.38 | G18: =SUM(C18:F18) -> 1.52 | O18: =1-(I18-C18)/((M2-1)*C18) -> 1.3333333 | P18: =1-(J18-D18)/((M2-1)*D18) -> 1.3333333 | Q18: =1-(K18-E18)/((M2-1)*E18) -> 1.3333333 | R18: =1-(L18-F18)/((M2-1)*F18) -> 1.3333333
B19: AMPCMN | C19: =ROUND(AMPCMN!F2/1000, 2) -> 1.58 | D19: =ROUND(AMPCMN!I2/1000, 2) -> 1.58 | E19: =ROUND(AMPCMN!L2/1000, 2) -> 1.58 | F19: =ROUND(AMPCMN!O2/1000, 2) -> 1.58 | G19: =SUM(C19:F19) -> 6.32 | O19: =1-(I19-C19)/((M2-1)*C19) -> 1.3333333 | P19: =1-(J19-D19)/((M2-1)*D19) -> 1.3333333 | Q19: =1-(K19-E19)/((M2-1)*E19) -> 1.3333333 | R19: =1-(L19-F19)/((M2-1)*F19) -> 1.3333333
B20: PCIEREFPLL | C20: =ROUND(PCIEREFPLL!F2/1000, 2) -> 1.69 | D20: =ROUND(PCIEREFPLL!I2/1000, 2) -> 1.69 | E20: =ROUND(PCIEREFPLL!L2/1000, 2) -> 1.69 | F20: =ROUND(PCIEREFPLL!O2/1000, 2) -> 1.69 | G20: =SUM(C20:F20) -> 6.76 | O20: =1-(I20-C20)/((M2-1)*C20) -> 1.3333333 | P20: =1-(J20-D20)/((M2-1)*D20) -> 1.3333333 | Q20: =1-(K20-E20)/((M2-1)*E20) -> 1.3333333 | R20: =1-(L20-F20)/((M2-1)*F20) -> 1.3333333
B21: PCIEPLL | C21: =ROUND(PCIEPLL!F2/1000, 2) -> 5.38 | D21: =ROUND(PCIEPLL!I2/1000, 2) -> 5.38 | E21: =ROUND(PCIEPLL!L2/1000, 2) -> 5.38 | F21: =ROUND(PCIEPLL!O2/1000, 2) -> 5.38 | G21: =SUM(C21:F21) -> 21.52 | O21: =1-(I21-C21)/((M2-1)*C21) -> 1.3333333 | P21: =1-(J21-D21)/((M2-1)*D21) -> 1.3333333 | Q21: =1-(K21-E21)/((M2-1)*E21) -> 1.3333333 | R21: =1-(L21-F21)/((M2-1)*F21) -> 1.3333333
B22: CIOCIOPLL | C22: =ROUND(CIOCIOPLL!F2/1000, 2) -> 4.74 | D22: =ROUND(CIOCIOPLL!I2/1000, 2) -> 4.74 | E22: =ROUND(CIOCIOPLL!L2/1000, 2) -> 4.74 | F22: =ROUND(CIOCIOPLL!O2/1000, 2) -> 4.74 | G22: =SUM(C22:F22) -> 18.96 | O22: =1-(I22-C22)/((M2-1)*C22) -> 1.3333333 | P22: =1-(J22-D22)/((M2-1)*D22) -> 1.3333333 | Q22: =1-(K22-E22)/((M2-1)*E22) -> 1.3333333 | R22: =1-(L22-F22)/((M2-1)*F22) -> 1.3333333
B23: CIODPPLL | C23: =ROUND(CIODPPLL!F2/1000, 2) -> 2.18 | D23: =ROUND(CIODPPLL!I2/1000, 2) -> 2.18 | E23: =ROUND(CIODPPLL!L2/1000, 2) -> 2.18 | F23: =ROUND(CIODPPLL!O2/1000, 2) -> 2.18 | G23: =SUM(C23:F23) -> 8.72 | O23: =1-(I23-C23)/((M2-1)*C23) -> 1.3333333 | P23: =1-(J23-D23)/((M2-1)*D23) -> 1.3333333 | Q23: =1-(K23-E23)/((M2-1)*E23) -> 1.3333333 | R23: =1-(L23-F23)/((M2-1)*F23) -> 1.3333333
B24: LPDPDPPLL | C24: =ROUND(LPDPDPPLL!F2/1000, 2) -> 2.24 | D24: =ROUND(LPDPDPPLL!I2/1000, 2) -> 2.24 | E24: =ROUND(LPDPDPPLL!L2/1000, 2) -> 2.24 | F24: =ROUND(LPDPDPPLL!O2/1000, 2) -> 2.24 | G24: =SUM(C24:F24) -> 8.96 | O24: =1-(I24-C24)/((M2-1)*C24) -> 1.3333333 | P24: =1-(J24-D24)/((M2-1)*D24) -> 1.3333333 | Q24: =1-(K24-E24)/((M2-1)*E24) -> 1.3333333 | R24: =1-(L24-F24)/((M2-1)*F24) -> 1.3333333
B25: LPDDRPLL | C25: =ROUND(LPDDRPLL!F2/1000, 2) -> 7.16 | D25: =ROUND(LPDDRPLL!I2/1000, 2) -> 7.16 | E25: =ROUND(LPDDRPLL!L2/1000, 2) -> 7.16 | F25: =ROUND(LPDDRPLL!O2/1000, 2) -> 7.16 | G25: =SUM(C25:F25) -> 28.64 | O25: =1-(I25-C25)/((M2-1)*C25) -> 1.3333333 | P25: =1-(J25-D25)/((M2-1)*D25) -> 1.3333333 | Q25: =1-(K25-E25)/((M2-1)*E25) -> 1.3333333 | R25: =1-(L25-F25)/((M2-1)*F25) -> 1.3333333
B26: HSCSAROSC | C26: =ROUND(HSCSAROSC!F2/1000, 2) -> 0.26 | D26: =ROUND(HSCSAROSC!I2/1000, 2) -> 0.26 | E26: =ROUND(HSCSAROSC!L2/1000, 2) -> 0.26 | F26: =ROUND(HSCSAROSC!O2/1000, 2) -> 0.26 | G26: =SUM(C26:F26) -> 1.04 | O26: =1-(I26-C26)/((M2-1)*C26) -> 1.3333333 | P26: =1-(J26-D26)/((M2-1)*D26) -> 1.3333333 | Q26: =1-(K26-E26)/((M2-1)*E26) -> 1.3333333 | R26: =1-(L26-F26)/((M2-1)*F26) -> 1.3333333
B27: ULPPLL | C27: =ROUND(ULPPLL!F2/1000, 2) -> 0.42 | D27: =ROUND(ULPPLL!I2/1000, 2) -> 0.42 | E27: =ROUND(ULPPLL!L2/1000, 2) -> 0.42 | F27: =ROUND(ULPPLL!O2/1000, 2) -> 0.42 | G27: =SUM(C27:F27) -> 1.68 | O27: =1-(I27-C27)/((M2-1)*C27) -> 1.3333333 | P27: =1-(J27-D27)/((M2-1)*D27) -> 1.3333333 | Q27: =1-(K27-E27)/((M2-1)*E27) -> 1.3333333 | R27: =1-(L27-F27)/((M2-1)*F27) -> 1.3333333
B28: FLPPLL | C28: =ROUND(FLPPLL!F2/1000, 2) -> 0.78 | D28: =ROUND(FLPPLL!I2/1000, 2) -> 0.78 | E28: =ROUND(FLPPLL!L2/1000, 2) -> 0.78 | F28: =ROUND(FLPPLL!O2/1000, 2) -> 0.78 | G28: =SUM(C28:F28) -> 3.12 | O28: =1-(I28-C28)/((M2-1)*C28) -> 1.3333333 | P28: =1-(J28-D28)/((M2-1)*D28) -> 1.3333333 | Q28: =1-(K28-E28)/((M2-1)*E28) -> 1.3333333 | R28: =1-(L28-F28)/((M2-1)*F28) -> 1.3333333
B29: SEPVMC | C29: =ROUND(SEPVMC!F2/1000, 2) -> 1.38 | D29: =ROUND(SEPVMC!I2/1000, 2) -> 1.38 | E29: =ROUND(SEPVMC!L2/1000, 2) -> 1.38 | F29: =ROUND(SEPVMC!O2/1000, 2) -> 1.38 | G29: =SUM(C29:F29) -> 5.52 | O29: =1-(I29-C29)/((M2-1)*C29) -> 1.3333333 | P29: =1-(J29-D29)/((M2-1)*D29) -> 1.3333333 | Q29: =1-(K29-E29)/((M2-1)*E29) -> 1.3333333 | R29: =1-(L29-F29)/((M2-1)*F29) -> 1.3333333
B30: SEPF2M | C30: =ROUND(SEPF2M!F2/1000, 2) -> 0.92 | D30: =ROUND(SEPF2M!I2/1000, 2) -> 0.92 | E30: =ROUND(SEPF2M!L2/1000, 2) -> 0.92 | F30: =ROUND(SEPF2M!O2/1000, 2) -> 0.92 | G30: =SUM(C30:F30) -> 3.68 | O30: =1-(I30-C30)/((M2-1)*C30) -> 1.3333333 | P30: =1-(J30-D30)/((M2-1)*D30) -> 1.3333333 | Q30: =1-(K30-E30)/((M2-1)*E30) -> 1.3333333 | R30: =1-(L30-F30)/((M2-1)*F30) -> 1.3333333
B31: MIDBIASLDO | C31: =ROUND(MIDBIASLDO!F2/1000, 2) -> 0.06 | D31: =ROUND(MIDBIASLDO!I2/1000, 2) -> 0.06 | E31: =ROUND(MIDBIASLDO!L2/1000, 2) -> 0.06 | F31: =ROUND(MIDBIASLDO!O2/1000, 2) -> 0.06 | G31: =SUM(C31:F31) -> 0.24 | O31: =1-(I31-C31)/((M2-1)*C31) -> 1.3333333 | P31: =1-(J31-D31)/((M2-1)*D31) -> 1.3333333 | Q31: =1-(K31-E31)/((M2-1)*E31) -> 1.3333333 | R31: =1-(L31-F31)/((M2-1)*F31) -> 1.3333333
B32: VMADC | C32: =ROUND(VMADC!F2/1000, 2) -> 0.44 | D32: =ROUND(VMADC!I2/1000, 2) -> 0.44 | E32: =ROUND(VMADC!L2/1000, 2) -> 0.44 | F32: =ROUND(VMADC!O2/1000, 2) -> 0.44 | G32: =SUM(C32:F32) -> 1.76 | O32: =1-(I32-C32)/((M2-1)*C32) -> 1.3333333 | P32: =1-(J32-D32)/((M2-1)*D32) -> 1.3333333 | Q32: =1-(K32-E32)/((M2-1)*E32) -> 1.3333333 | R32: =1-(L32-F32)/((M2-1)*F32) -> 1.3333333
B33: ACIOPHY | C33: =ROUND(ACIOPHY!F2/1000, 2) -> 6.41 | D33: =ROUND(ACIOPHY!I2/1000, 2) -> 6.41 | E33: =ROUND(ACIOPHY!L2/1000, 2) -> 6.41 | F33: =ROUND(ACIOPHY!O2/1000, 2) -> 6.41 | G33: =SUM(C33:F33) -> 25.64 | O33: =1-(I33-C33)/((M2-1)*C33) -> 1.3333333 | P33: =1-(J33-D33)/((M2-1)*D33) -> 1.3333333 | Q33: =1-(K33-E33)/((M2-1)*E33) -> 1.3333333 | R33: =1-(L33-F33)/((M2-1)*F33) -> 1.3333333
B34: ACIPHY | C34: =ROUND(ACIPHY!F2/1000, 2) -> 12.69 | D34: =ROUND(ACIPHY!I2/1000, 2) -> 12.69 | E34: =ROUND(ACIPHY!L2/1000, 2) -> 12.69 | F34: =ROUND(ACIPHY!O2/1000, 2) -> 12.69 | G34: =SUM(C34:F34) -> 50.76 | O34: =1-(I34-C34)/((M2-1)*C34) -> 1.3333333 | P34: =1-(J34-D34)/((M2-1)*D34) -> 1.3333333 | Q34: =1-(K34-E34)/((M2-1)*E34) -> 1.3333333 | R34: =1-(L34-F34)/((M2-1)*F34) -> 1.3333333
B35: LPDPTX | C35: =ROUND(LPDPTX!F2/1000, 2) -> 1.05 | D35: =ROUND(LPDPTX!I2/1000, 2) -> 1.05 | E35: =ROUND(LPDPTX!L2/1000, 2) -> 1.05 | F35: =ROUND(LPDPTX!O2/1000, 2) -> 1.05 | G35: =SUM(C35:F35) -> 4.2 | O35: =1-(I35-C35)/((M2-1)*C35) -> 1.3333333 | P35: =1-(J35-D35)/((M2-1)*D35) -> 1.3333333 | Q35: =1-(K35-E35)/((M2-1)*E35) -> 1.3333333 | R35: =1-(L35-F35)/((M2-1)*F35) -> 1.3333333
B36: PCIE5 | C36: =ROUND(PCIE5!F2/1000, 2) -> 7 | D36: =ROUND(PCIE5!I2/1000, 2) -> 7 | E36: =ROUND(PCIE5!L2/1000, 2) -> 7 | F36: =ROUND(PCIE5!O2/1000, 2) -> 7 | G36: =SUM(C36:F36) -> 28 | O36: =1-(I36-C36)/((M2-1)*C36) -> 1.3333333 | P36: =1-(J36-D36)/((M2-1)*D36) -> 1.3333333 | Q36: =1-(K36-E36)/((M2-1)*E36) -> 1.3333333 | R36: =1-(L36-F36)/((M2-1)*F36) -> 1.3333333
B37: NTSX | C37: =ROUND(NTSX!F2/1000, 2) -> 0.09 | D37: =ROUND(NTSX!I2/1000, 2) -> 0.09 | E37: =ROUND(NTSX!L2/1000, 2) -> 0.09 | F37: =ROUND(NTSX!O2/1000, 2) -> 0.09 | G37: =SUM(C37:F37) -> 0.36 | O37: =1-(I37-C37)/((M2-1)*C37) -> 1.3333333 | P37: =1-(J37-D37)/((M2-1)*D37) -> 1.3333333 | Q37: =1-(K37-E37)/((M2-1)*E37) -> 1.3333333 | R37: =1-(L37-F37)/((M2-1)*F37) -> 1.3333333
B38: PCIEREFBUF | C38: =ROUND(PCIEREFBUF!F2/1000, 2) -> 0.08 | D38: =ROUND(PCIEREFBUF!I2/1000, 2) -> 0.08 | E38: =ROUND(PCIEREFBUF!L2/1000, 2) -> 0.08 | F38: =ROUND(PCIEREFBUF!O2/1000, 2) -> 0.08 | G38: =SUM(C38:F38) -> 0.32 | O38: =1-(I38-C38)/((M2-1)*C38) -> 1.3333333 | P38: =1-(J38-D38)/((M2-1)*D38) -> 1.3333333 | Q38: =1-(K38-E38)/((M2-1)*E38) -> 1.3333333 | R38: =1-(L38-F38)/((M2-1)*F38) -> 1.3333333
B39: EUSB | C39: =ROUND(EUSB!F2/1000, 2) -> 0.11 | D39: =ROUND(EUSB!I2/1000, 2) -> 0.11 | E39: =ROUND(EUSB!L2/1000, 2) -> 0.11 | F39: =ROUND(EUSB!O2/1000, 2) -> 0.11 | G39: =SUM(C39:F39) -> 0.44 | O39: =1-(I39-C39)/((M2-1)*C39) -> 1.3333333 | P39: =1-(J39-D39)/((M2-1)*D39) -> 1.3333333 | Q39: =1-(K39-E39)/((M2-1)*E39) -> 1.3333333 | R39: =1-(L39-F39)/((M2-1)*F39) -> 1.3333333
B40: DSGRINGS | C40: =ROUND(#REF!/1000, 2) -> #REF! | D40: =ROUND(#REF!/1000, 2) -> #REF! | E40: =ROUND(#REF!/1000, 2) -> #REF! | F40: =ROUND(#REF!/1000, 2) -> #REF! | G40: =SUM(C40:F40) -> #REF! | O40: =1-(I40-C40)/((M2-1)*C40) -> #REF! | P40: =1-(J40-D40)/((M2-1)*D40) -> #REF! | Q40: =1-(K40-E40)/((M2-1)*E40) -> #REF! | R40: =1-(L40-F40)/((M2-1)*F40) -> #REF!
B41: AMP | C41: =ROUND(AMP!F2/1000, 2) -> 8.66 | D41: =ROUND(AMP!I2/1000, 2) -> 8.66 | E41: =ROUND(AMP!L2/1000, 2) -> 8.66 | F41: =ROUND(AMP!O2/1000, 2) -> 8.66 | G41: =SUM(C41:F41) -> 34.64 | O41: =1-(I41-C41)/((M2-1)*C41) -> 1.3333333 | P41: =1-(J41-D41)/((M2-1)*D41) -> 1.3333333 | Q41: =1-(K41-E41)/((M2-1)*E41) -> 1.3333333 | R41: =1-(L41-F41)/((M2-1)*F41) -> 1.3333333
B43: Total: | C43: =SUM(C4:C41) -> #REF! | D43: =SUM(D4:D41) -> #REF! | E43: =SUM(E4:E41) -> #REF! | F43: =SUM(F4:F41) -> #REF! | G43: =SUM(G4:G41) -> #REF! | I43: =SUM(I4:I41) -> 0 | J43: =SUM(J4:J41) -> 0 | K43: =SUM(K4:K41) -> 0 | L43: =SUM(L4:L41) -> 0 | M43: =SUM(M4:M41) -> 0 | O43: =1-(I43-C43)/((M2-1)*C43) -> #REF! | P43: =1-(J43-D43)/((M2-1)*D43) -> #REF! | Q43: =1-(K43-E43)/((M2-1)*E43) -> #REF! | R43: =1-(L43-F43)/((M2-1)*F43) -> #REF!

Sheet IO_JTAG
A2: Proposal for TTR | D2: Total (ms) | F2: =SUM(E5:G21) -> 1118.72 | I2: =SUM(H5:J21) -> 1118.72 | L2: =SUM(K5:M21) -> 1118.72 | O2: =SUM(N5:P21) -> 1118.72
E3: CP1 (ms) | H3: CP2 (ms) | K3: FT1 (ms) | N3: FT2 (ms)
A4: Category | B4: SubBlock | C4: Pattern | D4: Run If Fail | E4: LV | F4: NV | G4: HV | H4: LV | I4: NV | J4: HV | K4: LV | L4: NV | M4: HV | N4: LV | O4: NV | P4: HV | Q4: Prod CP1 | R4: Prod CP2 | S4: Prod FT1 | T4: Prod FT2 | U4: Mon | V4: T0Tx | W4: RMA Room | X4: RMA Hot
A5: IO_JTAG | B5: TAPBSD | C5: PP_KMDA0_S_FULP_IO_BSCN_BSD_JIO_UNS_ALLFRV_SI_TAP_BSD | E5: 24.32 | G5: 24.75 | H5: 24.32 | J5: 24.75 | K5: 24.32 | M5: 24.75 | N5: 24.32 | P5: 24.75 | Q5: LV,HV | R5: LV,HV | S5: NV
A6: IO_JTAG | B6: DAPIDBYP | C6: PP_KMDA0_S_FULP_FU_BSCN_PFF_JTG_JCC_ALLFRV_SI_DAP_IDBYP | R6: LV,HV | T6: LV,HV
A7: IO_JTAG | B7: DCLP | C7: PP_KMDA0_S_FULP_IO_BSCN_DCT_DAA_DIO_ALLFRV_SI_DC_LP | E7: 43.62 | G7: 8.95 | H7: 43.62 | J7: 8.95 | K7: 43.62 | M7: 8.95 | N7: 43.62 | P7: 8.95 | Q7: LV,HV | R7: LV,HV
A8: IO_JTAG | B8: FUNCVILH | C8: PP_KMDA0_S_FULP_IO_POPX_NAN_DAA_DIO_ALLFRV_SI_FUNC_VILH | E8: 83.85 | G8: 83.48 | H8: 83.85 | J8: 83.48 | K8: 83.85 | M8: 83.48 | N8: 83.85 | P8: 83.48 | Q8: LV,HV | R8: LV,HV
A9: IO_JTAG | B9: IMPDPU | C9: PP_KMDA0_S_FULP_IO_POPU_NAN_DAA_DIO_ALLFRV_SI_IMPD_PU | G9: 159.93 | J9: 159.93 | M9: 159.93 | P9: 159.93 | Q9: HV | R9: LV
A10: IO_JTAG | B10: DCDS4TRIM | C10: PP_KMDA0_S_FULP_IO_BSCN_DCT_DAA_DIO_ALLFRV_SI_DC_DS4 | F10: 25.57 | I10: 25.57 | L10: 25.57 | O10: 25.57
A11: IO_JTAG | B11: DCDS8TRIM | C11: PP_KMDA0_S_FULP_IO_BSCN_DCT_DAA_DIO_ALLFRV_SI_DC_DS8 | F11: 22.95 | I11: 22.95 | L11: 22.95 | O11: 22.95
A12: IO_JTAG | B12: DCDS14TRIM | C12: PP_KMDA0_S_FULP_IO_BSCN_DCT_DAA_DIO_ALLFRV_SI_DC_DS14 | F12: 22.8 | I12: 22.8 | L12: 22.8 | O12: 22.8
A13: IO_JTAG | B13: DCDS4ALLD13 | C13: PP_KMDA0_S_FULP_IO_BSCN_DCT_DAA_DIO_ALLFRV_SI_DC_DS4 | G13: 37.93 | J13: 37.93 | M13: 37.93 | P13: 37.93 | Q13: HV | R13: LV
A14: IO_JTAG | B14: DCDS4ALLD22 | C14: PP_KMDA0_S_FULP_IO_BSCN_DCT_DAA_DIO_ALLFRV_SI_DC_DS4 | G14: 29.04 | J14: 29.04 | M14: 29.04 | P14: 29.04 | Q14: HV | R14: LV
A15: IO_JTAG | B15: DCDS8ALLD13 | C15: PP_KMDA0_S_FULP_IO_BSCN_DCT_DAA_DIO_ALLFRV_SI_DC_DS8 | G15: 38.45 | J15: 38.45 | M15: 38.45 | P15: 38.45 | Q15: HV | R15: LV
A16: IO_JTAG | B16: DCDS8ALLD22 | C16: PP_KMDA0_S_FULP_IO_BSCN_DCT_DAA_DIO_ALLFRV_SI_DC_DS8 | G16: 29.07 | J16: 29.07 | M16: 29.07 | P16: 29.07 | Q16: HV | R16: LV
A17: IO_JTAG | B17: DCDS14ALLD13 | C17: PP_KMDA0_S_FULP_IO_BSCN_DCT_DAA_DIO_ALLFRV_SI_DC_DS14 | G17: 56.1 | J17: 56.1 | M17: 56.1 | P17: 56.1 | Q17: HV | R17: LV
A18: IO_JTAG | B18: DCDS14ALLD22 | C18: PP_KMDA0_S_FULP_IO_BSCN_DCT_DAA_DIO_ALLFRV_SI_DC_DS14 | G18: 42.51 | J18: 42.51 | M18: 42.51 | P18: 42.51 | Q18: HV | R18: LV
A19: IO_JTAG | B19: IOLEAK | C19: PP_KMDA0_S_FULP_IO_BSCN_BSD_JIO_UNS_ALLFRV_SI_IO_LEAK | G19: 57.67 | J19: 57.67 | M19: 57.67 | P19: 57.67 | Q19: HV | R19: HV
A20: IO_JTAG | B20: VOHFUNCD22 | C20: PP_KMDA0_S_FULP_IO_BSCN_DCT_DAA_DIO_ALLFRV_SI_FUNC_VOLHD22 | G20: 162.76 | J20: 162.76 | M20: 162.76 | P20: 162.76 | Q20: HV | R20: LV
A21: IO_JTAG | B21: VOHFUNCD13 | C21: PP_KMDA0_S_FULP_IO_BSCN_DCT_DAA_DIO_ALLFRV_SI_FUNC_VOLHD13 | G21: 164.97 | J21: 164.97 | M21: 164.97 | P21: 164.97 | Q21: HV | R21: LV

Sheet ADCDFT
A2: Proposal for TTR | D2: Total (ms) | F2: =SUM(E5:G28) -> 878.24 | I2: =SUM(H5:J28) -> 878.24 | L2: =SUM(K5:M28) -> 878.24 | O2: =SUM(N5:P28) -> 878.24
E3: CP1 (ms) | H3: CP2 (ms) | K3: FT1 (ms) | N3: FT2 (ms)
A4: Category | B4: SubBlock | C4: Pattern | D4: Run If Fail | E4: LV | F4: NV | G4: HV | H4: LV | I4: NV | J4: HV | K4: LV | L4: NV | M4: HV | N4: LV | O4: NV | P4: HV | Q4: Prod CP1 | R4: Prod CP2 | S4: Prod FT1 | T4: Prod FT2 | U4: Mon | V4: T0Tx | W4: RMA Room | X4: RMA Hot
A5: ADCDFT | B5: OTHER | C5: ADCDFT_RELAY_ON_K80_K83 | F5: 3.34 | I5: 3.34 | L5: 3.34 | O5: 3.34 | Q5: NV,LV,HV | R5: NV,LV,HV | S5: NV,LV,HV | T5: NV,LV,HV | U5: NV,LV,HV | V5: NV,LV,HV | W5: NV,LV,HV | X5: NV,LV,HV
A6: ADCDFT | B6: OTHER | C6: ADCDFT_RELAY_OFF_K80_K83 | Q6: NV,LV,HV | R6: NV,LV,HV | S6: NV,LV,HV | T6: NV,LV,HV | U6: NV,LV,HV | V6: NV,LV,HV | W6: NV,LV,HV | X6: NV,LV,HV
A7: ADCDFT | B7: OTHER | C7: ADCDFT_FUSE_PREWRITE_HSC_UCSDM0_DFT_NREFG | Q7: NV
A8: ADCDFT | B8: OTHER | C8: ADCDFT_FUSE_READ_HSC_UCSDM0_DFT_NREFG | R8: NV | S8: NV | T8: NV
A9: ADCDFT | B9: OTHER | C9: ADCDFT_FUSE_PREWRITE_HSC_UCSDM1_DFT_NREFG | Q9: NV
A10: ADCDFT | B10: OTHER | C10: ADCDFT_FUSE_READ_HSC_UCSDM1_DFT_NREFG | F10: 3.57 | I10: 3.57 | L10: 3.57 | O10: 3.57 | R10: NV | S10: NV | T10: NV
A11: ADCDFT | B11: UCSDMT1 | C11: PP_KMDA0_S_FULP_AN_AA07_MEA_JTG_VIX_ALLFRV_SI_UCSDM_T1 | F11: 241.4 | I11: 241.4 | L11: 241.4 | O11: 241.4 | Q11: NV
A12: ADCDFT | B12: UCSDMCALT3A | C12: PP_KMDA0_S_FULP_AN_AA07_MEA_JTG_VIX_ALLFRV_SI_UCSDM_T3A | F12: 103.33 | I12: 103.33 | L12: 103.33 | O12: 103.33 | Q12: NV | R12: NV | S12: NV | T12: NV
A13: ADCDFT | B13: UCSDMVER0P139 | C13: PP_KMDA0_S_FULP_AN_AA07_MEA_JTG_VIX_ALLFRV_SI_UCSDM_T3B | F13: 80.69 | I13: 80.69 | L13: 80.69 | O13: 80.69 | Q13: NV
A14: ADCDFT | B14: UCSDMVER0P558 | C14: PP_KMDA0_S_FULP_AN_AA07_MEA_JTG_VIX_ALLFRV_SI_UCSDM_T3B | F14: 66.29 | I14: 66.29 | L14: 66.29 | O14: 66.29 | Q14: NV
A15: ADCDFT | B15: UCSDMVER0P837 | C15: PP_KMDA0_S_FULP_AN_AA07_MEA_JTG_VIX_ALLFRV_SI_UCSDM_T3B | F15: 65.77 | I15: 65.77 | L15: 65.77 | O15: 65.77 | Q15: NV
A16: ADCDFT | B16: UCSDMVER0P976 | C16: PP_KMDA0_S_FULP_AN_AA07_MEA_JTG_VIX_ALLFRV_SI_UCSDM_T3B | F16: 65.77 | I16: 65.77 | L16: 65.77 | O16: 65.77 | Q16: NV
A17: ADCDFT | B17: UCSDMT4A | C17: PP_KMDA0_S_FULP_AN_AA07_MEA_JTG_VIX_ALLFRV_SI_UCSDM_T4A | F17: 52.18 | I17: 52.18 | L17: 52.18 | O17: 52.18 | Q17: NV
A18: ADCDFT | B18: UCSDMT4B | C18: PP_KMDA0_S_FULP_AN_AA07_MEA_JTG_VIX_ALLFRV_SI_UCSDM_T4B | F18: 125.59 | I18: 125.59 | L18: 125.59 | O18: 125.59 | Q18: NV
A19: ADCDFT | B19: UCSDMT8 | C19: PP_KMDA0_S_FULP_AN_AA07_MEA_JTG_VIX_ALLFRV_SI_UCSDM_T8 | F19: 70.31 | I19: 70.31 | L19: 70.31 | O19: 70.31 | Q19: NV
A20: ADCDFT | B20: UCSDMCALT5A | C20: MN_KMDA0_S_FULP_AN_AA07_MEA_JTG_VIX_ALLFRV_SI_UCSDM_T5A | U20: LV,HV
A21: ADCDFT | B21: UCSDMMNVER0P139 | C21: MN_KMDA0_S_FULP_AN_AA07_MEA_JTG_VIX_ALLFRV_SI_UCSDM_T5B | U21: LV,HV
A22: ADCDFT | B22: UCSDMMNVER0P558 | C22: MN_KMDA0_S_FULP_AN_AA07_MEA_JTG_VIX_ALLFRV_SI_UCSDM_T5B | U22: LV,HV
A23: ADCDFT | B23: UCSDMMNVER0P837 | C23: MN_KMDA0_S_FULP_AN_AA07_MEA_JTG_VIX_ALLFRV_SI_UCSDM_T5B | U23: LV,HV
A24: ADCDFT | B24: MNUCSDMT6 | C24: MN_KMDA0_S_FULP_AN_AA07_MEA_JTG_VIX_ALLFRV_SI_UCSDM_T6 | U24: LV,HV
A25: ADCDFT | B25: MNUCSDMT9A | C25: MN_KMDA0_S_FULP_AN_AA07_MEA_JTG_VIX_ALLFRV_SI_UCSDM_T9A | U25: LV,HV
A26: ADCDFT | B26: MNUCSDMT9B | C26: MN_KMDA0_S_FULP_AN_AA07_MEA_JTG_VIX_ALLFRV_SI_UCSDM_T9B | U26: LV,HV
A27: ADCDFT | B27: MNUCSDMT9C | C27: MN_KMDA0_S_FULP_AN_AA07_MEA_JTG_VIX_ALLFRV_SI_UCSDM_T9C | U27: LV,HV
A28: ADCDFT | B28: MNUCSDMT9D | C28: MN_KMDA0_S_FULP_AN_AA07_MEA_JTG_VIX_ALLFRV_SI_UCSDM_T9D | U28: LV,HV

Sheet MTRICTS
A2: Proposal for TTR | D2: Total (ms) | F2: =SUM(E5:G27) -> 7607.59 | I2: =SUM(H5:J27) -> 7607.59 | L2: =SUM(K5:M27) -> 7607.59 | O2: =SUM(N5:P27) -> 7607.59
E3: CP1 (ms) | H3: CP2 (ms) | K3: FT1 (ms) | N3: FT2 (ms)
A4: Category | B4: SubBlock | C4: Pattern | D4: Run If Fail | E4: LV | F4: NV | G4: HV | H4: LV | I4: NV | J4: HV | K4: LV | L4: NV | M4: HV | N4: LV | O4: NV | P4: HV | Q4: Prod CP1 | R4: Prod CP2 | S4: Prod FT1 | T4: Prod FT2 | U4: Mon | V4: T0Tx | W4: RMA Room | X4: RMA Hot
A5: MTRICTS | B5: NBRIDGET2P1 | C5: PP_KMDA0_S_FULP_AN_ICTS_DLL_JTG_COD_ALLFRV_SI_NBRIDGE_T2P1 | F5: 344.08 | I5: 344.08 | L5: 344.08 | O5: 344.08 | Q5: NV
A6: MTRICTS | B6: OTHER | C6: MTRICTS_T2P1_FUSE_PREWRITE_CAL | Q6: NV
A7: MTRICTS | B7: OTHER | C7: MTRICTS_T2P1_FUSE_READ_CAL | R7: NV | S7: NV | T7: NV
A8: MTRICTS | B8: OTHER | C8: MTRICTS_T2P1P1_FUSE_PREWRITE_CAL | R8: NV
A9: MTRICTS | B9: OTHER | C9: MTRICTS_T2P1P1_FUSE_READ_CAL | S9: NV | T9: NV
A10: MTRICTS | B10: OTHER | C10: MTRICTS_T3P2_FUSE_PREWRITE_CAL | Q10: NV
A11: MTRICTS | B11: OTHER | C11: MTRICTS_T3P2_FUSE_READ_CAL | R11: NV | S11: NV | T11: NV
A12: MTRICTS | B12: OTHER | C12: MTRICTS_BPBN_ASSIGMENT | Q12: NV
A13: MTRICTS | B13: OTHER | C13: MTRICTS_T4P1_FUSE_PREWRITE_CAL | Q13: NV
A14: MTRICTS | B14: OTHER | C14: MTRICTS_T4P1_FUSE_READ_CAL | R14: NV | S14: NV | T14: NV
A15: MTRICTS | B15: OTHER | C15: MTRICTS_T5P1P1_FUSE_PREWRITE_CAL | R15: NV
A16: MTRICTS | B16: OTHER | C16: MTRICTS_T5P1P1_FUSE_READ_CAL | S16: NV | T16: NV
A17: MTRICTS | B17: NBRIDGET2P1A | C17: PP_KMDA0_S_FULP_AN_ICTS_DLL_JTG_COD_ALLFRV_SI_NBRIDGE_T2P1A | F17: 248.68 | I17: 248.68 | L17: 248.68 | O17: 248.68 | Q17: NV | R17: NV
A18: MTRICTS | B18: NBRIDGET2P1P1 | C18: PP_KMDA0_S_FULP_AN_ICTS_DLL_JTG_COD_ALLFRV_SI_NBRIDGE_T2P1P1 | F18: 30.42 | I18: 30.42 | L18: 30.42 | O18: 30.42 | Q18: NV | R18: NV
A19: MTRICTS | B19: RBRIDGET3P1 | C19: PP_KMDA0_S_FULP_AN_ICTS_DLL_JTG_COD_ALLFRV_SI_RBRIDGE_T3P1 | F19: 227.65 | I19: 227.65 | L19: 227.65 | O19: 227.65 | Q19: NV
A20: MTRICTS | B20: RBRIDGET3P2 | C20: PP_KMDA0_S_FULP_AN_ICTS_DLL_JTG_COD_ALLFRV_SI_RBRIDGE_T3P2 | F20: 1262.89 | I20: 1262.89 | L20: 1262.89 | O20: 1262.89 | Q20: NV
A21: MTRICTS | B21: READT4P1 | C21: PP_KMDA0_S_FULP_AN_ICTS_DLL_JTG_COD_ALLFRV_SI_READ_T4P1 | F21: 1172.05 | I21: 1172.05 | L21: 1172.05 | O21: 1172.05 | Q21: NV
A22: MTRICTS | B22: TEMPT5P1 | C22: PP_KMDA0_S_FULP_AN_ICTS_DLL_JTG_COD_ALLFRV_SI_TEMP_T5P1 | F22: 4074.13 | I22: 4074.13 | L22: 4074.13 | O22: 4074.13 | Q22: LV,HV.NV | R22: LV,HV.NV | S22: LV,HV.NV | T22: LV,HV.NV
A23: MTRICTS | B23: TEMPT5P1P1 | C23: PP_KMDA0_S_FULP_AN_ICTS_DLL_JTG_COD_ALLFRV_SI_TEMP_T5P1P1 | F23: 247.69 | I23: 247.69 | L23: 247.69 | O23: 247.69 | Q23: NV | R23: NV | S23: NV | T23: NV
A24: MTRICTS | B24: MNPWRT1P1 | C24: MN_KMDA0_S_FULP_AN_ICTS_DLL_JTG_COD_ALLFRV_SI_PWR_T1P1 | U24: LV,HV
A25: MTRICTS | B25: MNIREFT1P2 | C25: MN_KMDA0_S_FULP_AN_ICTS_DLL_JTG_COD_ALLFRV_SI_IREF_T1P2 | U25: LV,HV
A26: MTRICTS | B26: MNANATESTT1P3 | C26: MN_KMDA0_S_FULP_AN_ICTS_DLL_JTG_COD_ALLFRV_SI_ANATEST_T1P3 | U26: LV,HV
A27: MTRICTS | B27: MNOSCT6P1 | C27: MN_KMDA0_S_FULP_AN_ICTS_DLL_JTG_COD_ALLFRV_SI_OSC_T6P1 | U27: LV,HV

Sheet NTSE
A2: Proposal for TTR | D2: Total (ms) | F2: =SUM(E5:G20) -> 4350.88 | I2: =SUM(H5:J20) -> 4350.88 | L2: =SUM(K5:M20) -> 4350.88 | O2: =SUM(N5:P20) -> 4350.88
E3: CP1 (ms) | H3: CP2 (ms) | K3: FT1 (ms) | N3: FT2 (ms)
A4: Category | B4: SubBlock | C4: Pattern | D4: Run If Fail | E4: LV | F4: NV | G4: HV | H4: LV | I4: NV | J4: HV | K4: LV | L4: NV | M4: HV | N4: LV | O4: NV | P4: HV | Q4: Prod CP1 | R4: Prod CP2 | S4: Prod FT1 | T4: Prod FT2 | U4: Mon | V4: T0Tx | W4: RMA Room | X4: RMA Hot
A5: NTSE | B5: NTSEREADT1P1CP1 | C5: PP_KMDA0_S_FULP_AN_MT02_DLL_JTG_COD_ALLFRV_SI_NTSEREAD_T1P1 | F5: 1050.16 | I5: 1050.16 | L5: 1050.16 | O5: 1050.16 | Q5: NV
A6: NTSE | B6: OTHER | C6: NTSE_NTSEREADT1P1CP1_FUSE_PREWRITE_CAL_D_0_CP1 | Q6: NV
A7: NTSE | B7: OTHER | C7: NTSE_NTSEREADT1P1CP1_FUSE_PREWRITE_CAL_VREF_DIG_CP1 | Q7: NV
A8: NTSE | B8: OTHER | C8: NTSE_NTSEREADT1P1FT1_FUSE_PREWRITE_CAL_D_0_FT1 | S8: NV
A9: NTSE | B9: OTHER | C9: NTSE_NTSEREADT1P1FT1_FUSE_READ_CAL_D_0_FT1 | T9: NV
A10: NTSE | B10: OTHER | C10: NTSE_NTSEREADT1P1FT1_FUSE_PREWRITE_CAL_NTSE_TEMP_FT1 | S10: NV
A11: NTSE | B11: OTHER | C11: NTSE_NTSEREADT1P1FT1_FUSE_READ_CAL_NTSE_TEMP_FT1 | T11: NV
A12: NTSE | B12: OTHER | C12: NTSE_NTSEREADT1P1FT2_FUSE_PREWRITE_CAL_VREF_DIG_FT2 | T12: NV
A13: NTSE | B13: OTHER | C13: NTSE_NTSEREADT1P1FT2_FUSE_PREWRITE_CAL_D_0_FT2 | T13: NV
A14: NTSE | B14: OTHER | C14: NTSE_NTSEREADT1P1FT2_FUSE_READ_CAL_D_0_FT2
A15: NTSE | B15: OTHER | C15: NTSE_NTSEREADT1P1FT2_FUSE_PREWRITE_CAL_NTSE_TEMP_FT2 | T15: NV
A16: NTSE | B16: OTHER | C16: NTSE_NTSEREADT1P1FT2_FUSE_READ_CAL_NTSE_TEMP_FT2
A17: NTSE | B17: NTSEREADT1P1FT1 | C17: PP_KMDA0_S_FULP_AN_MT02_DLL_JTG_COD_ALLFRV_SI_NTSEREAD_T1P1 | S17: NV
A18: NTSE | B18: NTSEREADT1P1FT2 | C18: PP_KMDA0_S_FULP_AN_MT02_DLL_JTG_COD_ALLFRV_SI_NTSEREAD_T1P1 | T18: NV
A19: NTSE | B19: NTSEREADT2 | C19: PP_KMDA0_S_FULP_AN_MT02_DLL_JTG_COD_ALLFRV_SI_NTSEREAD_T2 | T19: NV
A20: NTSE | B20: MNNTSEREADT1P0 | C20: MN_KMDA0_S_FULP_AN_MT02_DLL_JTG_COD_ALLFRV_SI_NTSEREAD_T1P0 | F20: 3300.72 | I20: 3300.72 | L20: 3300.72 | O20: 3300.72 | U20: LV,HV

Sheet NTSR
A2: Proposal for TTR | D2: Total (ms) | F2: =SUM(E5:G16) -> 260.48 | I2: =SUM(H5:J16) -> 260.48 | L2: =SUM(K5:M16) -> 260.48 | O2: =SUM(N5:P16) -> 260.48
E3: CP1 (ms) | H3: CP2 (ms) | K3: FT1 (ms) | N3: FT2 (ms)
A4: Category | B4: SubBlock | C4: Pattern | D4: Run If Fail | E4: LV | F4: NV | G4: HV | H4: LV | I4: NV | J4: HV | K4: LV | L4: NV | M4: HV | N4: LV | O4: NV | P4: HV | Q4: Prod CP1 | R4: Prod CP2 | S4: Prod FT1 | T4: Prod FT2 | U4: Mon | V4: T0Tx | W4: RMA Room | X4: RMA Hot
A5: NTSR | B5: NTSRREADT1P1CP1 | C5: PP_KMDA0_S_FULP_AN_MT02_DLL_JTG_COD_ALLFRV_SI_NTSRREAD_T1P1 | F5: 65.49 | I5: 65.49 | L5: 65.49 | O5: 65.49 | Q5: NV
A6: NTSR | B6: OTHER | C6: NTSR_T1P1_CP1_FUSE_PREWRITE_CAL | Q6: NV
A7: NTSR | B7: OTHER | C7: NTSR_T1P1_CP1_FUSE_READ_CAL | R7: NV | S7: NV | T7: NV
A8: NTSR | B8: OTHER | C8: NTSR_T1P1_CP2_FUSE_PREWRITE_CAL | R8: NV
A9: NTSR | B9: OTHER | C9: NTSR_T1P1_CP2_FUSE_READ_CAL | S9: NV | T9: NV
A10: NTSR | B10: OTHER | C10: NTSR_T1P1_FT1_FUSE_PREWRITE_CAL | S10: NV
A11: NTSR | B11: OTHER | C11: NTSR_T1P1_FT1_FUSE_READ_CAL | T11: NV
A12: NTSR | B12: NTSRREADT1P1CP2 | C12: PP_KMDA0_S_FULP_AN_MT02_DLL_JTG_COD_ALLFRV_SI_NTSRREAD_T1P1 | R12: NV
A13: NTSR | B13: NTSRREADT1P1FT1 | C13: PP_KMDA0_S_FULP_AN_MT02_DLL_JTG_COD_ALLFRV_SI_NTSRREAD_T1P1 | S13: NV
A14: NTSR | B14: NTSRREADT1P1FT2 | C14: PP_KMDA0_S_FULP_AN_MT02_DLL_JTG_COD_ALLFRV_SI_NTSRREAD_T1P1 | T14: NV
A15: NTSR | B15: NTSRREADT2 | C15: PP_KMDA0_S_FULP_AN_MT02_DLL_JTG_COD_ALLFRV_SI_NTSRREAD_T2 | T15: NV
A16: NTSR | B16: MNNTSRREADT1P0 | C16: MN_KMDA0_S_FULP_AN_MT02_DLL_JTG_COD_ALLFRV_SI_NTSRREAD_T1P0 | F16: 194.99 | I16: 194.99 | L16: 194.99 | O16: 194.99 | U16: LV,HV

Sheet MISC
A2: Proposal for TTR | D2: Total (ms) | F2: =SUM(E5:G18) -> 373.08 | I2: =SUM(H5:J18) -> 373.08 | L2: =SUM(K5:M18) -> 373.08 | O2: =SUM(N5:P18) -> 373.08
E3: CP1 (ms) | H3: CP2 (ms) | K3: FT1 (ms) | N3: FT2 (ms)
A4: Category | B4: SubBlock | C4: Pattern | D4: Run If Fail | E4: LV | F4: NV | G4: HV | H4: LV | I4: NV | J4: HV | K4: LV | L4: NV | M4: HV | N4: LV | O4: NV | P4: HV | Q4: Prod CP1 | R4: Prod CP2 | S4: Prod FT1 | T4: Prod FT2 | U4: Mon | V4: T0Tx | W4: RMA Room | X4: RMA Hot
A5: MISC | B5: SIOAOP | C5: PP_KMDA0_S_FULP_IO_POPX_NAN_DAA_DIO_ALLFRV_SI_SIO_AOP | E5: 12.65 | G5: 12.48 | H5: 12.65 | J5: 12.48 | K5: 12.65 | M5: 12.48 | N5: 12.65 | P5: 12.48 | Q5: LV,HV | T5: LV,HV
A6: MISC | B6: SIOBSD | C6: PP_KMDA0_S_FULP_IO_POPX_NAN_DAA_DIO_ALLFRV_SI_SIO_BSD | E6: 9.89 | G6: 9.73 | H6: 9.89 | J6: 9.73 | K6: 9.89 | M6: 9.73 | N6: 9.89 | P6: 9.73 | Q6: LV,HV | T6: LV,HV
A7: MISC | B7: SIOSIO | C7: PP_KMDA0_S_FULP_IO_POPX_NAN_DAA_DIO_ALLFRV_SI_SIO_SIO | E7: 9.74 | G7: 10.05 | H7: 9.74 | J7: 10.05 | K7: 9.74 | M7: 10.05 | N7: 9.74 | P7: 10.05 | Q7: LV,HV | T7: LV,HV
A8: MISC | B8: SIOQSPIMC | C8: PP_KMDA0_S_FULP_IO_POPX_NAN_DAA_DIO_ALLFRV_SI_SIO_QSPIMC | E8: 24.94 | G8: 9.57 | H8: 24.94 | J8: 9.57 | K8: 24.94 | M8: 9.57 | N8: 24.94 | P8: 9.57 | Q8: LV,HV | T8: LV,HV
A9: MISC | B9: SIONUB | C9: PP_KMDA0_S_FULP_IO_POPX_NAN_DAA_DIO_ALLFRV_SI_SIO_NUB | E9: 9.79 | G9: 9.95 | H9: 9.79 | J9: 9.95 | K9: 9.79 | M9: 9.95 | N9: 9.79 | P9: 9.95 | Q9: LV,HV | T9: LV,HV
A10: MISC | B10: XX | C10: PP_KMDA0_S_FULP_PW_PTSX_PFF_DAA_PWR_ALLFRV_SI_X_X | E10: 11.01 | G10: 11.99 | H10: 11.01 | J10: 11.99 | K10: 11.01 | M10: 11.99 | N10: 11.01 | P10: 11.99 | Q10: LV,HV | T10: LV,HV
A11: MISC | B11: DELAYEN | C11: PP_KMDA0_S_FULP_PW_PTSX_PFF_DAA_PWR_ALLFRV_SI_DELAY_EN | E11: 28.08 | G11: 28.05 | H11: 28.08 | J11: 28.05 | K11: 28.08 | M11: 28.05 | N11: 28.08 | P11: 28.05 | Q11: LV,HV | T11: LV,HV
A12: MISC | B12: SELSRAMMEMON | C12: PP_KMDA0_S_FULP_PW_PTSX_PFF_DAA_PWR_ALLFRV_SI_SELSRAM_MEMON | E12: 10.73 | G12: 10.83 | H12: 10.73 | J12: 10.83 | K12: 10.73 | M12: 10.83 | N12: 10.73 | P12: 10.83 | Q12: LV,HV | T12: LV,HV
A13: MISC | B13: SELSRAMMEMOFF | C13: PP_KMDA0_S_FULP_PW_PTSX_PFF_DAA_PWR_ALLFRV_SI_SELSRAM_MEMOFF | E13: 10.3 | G13: 10.46 | H13: 10.3 | J13: 10.46 | K13: 10.3 | M13: 10.46 | N13: 10.3 | P13: 10.46 | Q13: LV,HV | T13: LV,HV
A14: MISC | B14: TBBACC | C14: PP_KMDA0_C_FULP_AN_TBBX_PFF_JTG_CAL_ALLFRV_SI_TBB_ACC | E14: 14.47 | G14: 13.58 | H14: 14.47 | J14: 13.58 | K14: 14.47 | M14: 13.58 | N14: 14.47 | P14: 13.58 | Q14: LV,HV | T14: LV,HV
A15: MISC | B15: TBBANE | C15: PP_KMDA0_S_FULP_AN_TBBX_PFF_JTG_CAL_ALLFRV_SI_TBB_ANE | E15: 9.45 | G15: 9.7 | H15: 9.45 | J15: 9.7 | K15: 9.45 | M15: 9.7 | N15: 9.45 | P15: 9.7 | Q15: LV,HV | T15: LV,HV
A16: MISC | B16: TBBDCS | C16: PP_KMDA0_S_FULP_AN_TBBX_PFF_JTG_CAL_ALLFRV_SI_TBB_DCS | E16: 10.38 | G16: 10.56 | H16: 10.38 | J16: 10.56 | K16: 10.38 | M16: 10.56 | N16: 10.38 | P16: 10.56 | Q16: LV,HV | T16: LV,HV
... A19: MISC | B19: ATBOFMS | C19: PP_KMDA0_S_FULP_PW_PTSX_PFF_DAA_PWR_ALLFRV_SI_PWRCHAIN_ACC | E19: 22.26 | G19: 21.59 | H19: 22.26 | J19: 21.59 | K19: 22.26 | M19: 21.59 | N19: 22.26 | P19: 21.59 | Q19: LV,HV | T19: LV,HV

Sheet FRO
A2: Proposal for TTR | D2: Total (ms) | F2: =SUM(E5:G8) -> 14.13 | I2: =SUM(H5:J8) -> 14.13 | L2: =SUM(K5:M8) -> 14.13 | O2: =SUM(N5:P8) -> 14.13
E3: CP1 (ms) | H3: CP2 (ms) | K3: FT1 (ms) | N3: FT2 (ms)
A4: Category | B4: SubBlock | C4: Pattern | D4: Run If Fail | E4: LV | F4: NV | G4: HV | H4: LV | I4: NV | J4: HV | K4: LV | L4: NV | M4: HV | N4: LV | O4: NV | P4: HV | Q4: Prod CP1 | R4: Prod CP2 | S4: Prod FT1 | T4: Prod FT2 | U4: Mon | V4: T0Tx | W4: RMA Room | X4: RMA Hot
A5: FRO | B5: PDDBGFREQMEAS | C5: PP_KMDA0_S_FULP_AN_AR00_FRQ_JTG_FRQ_ALLFRV_SI_PDDBG_FREQMEAS | F5: 14.13 | I5: 14.13 | L5: 14.13 | O5: 14.13 | Q5: NV
A6: FRO | B6: MNPDDEBUG | C6: MN_KMDA0_S_FULP_AN_AR00_FRQ_JTG_FRQ_ALLFRV_SI_PD_DEBUG | U6: LV,HV
A7: FRO | B7: MNPDSEPFRO | C7: MN_KMDA0_S_FULP_AN_AR00_FRQ_JTG_FRQ_ALLFRV_SI_PD_SEPFRO | U7: LV,HV
A8: FRO | B8: MNPDSEPFRO2 | C8: MN_KMDA0_S_FULP_AN_AR00_FRQ_JTG_FRQ_ALLFRV_SI_PD_SEPFRO2 | U8: LV,HV

Sheet CPLL
A2: Proposal for TTR | D2: Total (ms) | F2: =SUM(E5:G80) -> 3466.52 | I2: =SUM(H5:J80) -> 3466.52 | L2: =SUM(K5:M80) -> 3466.52 | O2: =SUM(N5:P80) -> 3466.52
E3: CP1 (ms) | H3: CP2 (ms) | K3: FT1 (ms) | N3: FT2 (ms)
A4: Category | B4: SubBlock | C4: Pattern | D4: Run If Fail | E4: LV | F4: NV | G4: HV | H4: LV | I4: NV | J4: HV | K4: LV | L4: NV | M4: HV | N4: LV | O4: NV | P4: HV | Q4: Prod CP1 | R4: Prod CP2 | S4: Prod FT1 | T4: Prod FT2 | U4: Mon | V4: T0Tx | W4: RMA Room | X4: RMA Hot
A5: CPLL | B5: CPLLT0 | C5: PP_KMDA0_C_FULP_AN_AA00_DLL_JTG_VIX_ALLFRV_SI_CPLL_T0 | F5: 162.04 | I5: 162.04 | L5: 162.04 | O5: 162.04 | Q5: NV | S5: NV
A6: CPLL | B6: OTHER | C6: CPLL_T0_FUSE_PREWRITE_CAL | S6: NV
A7: CPLL | B7: OTHER | C7: CPLL_T0_FUSE_READ_CAL | T7: NV
A8: CPLL | B8: OTHER | C8: CPLL_T1_FUSE_PREWRITE_CAL | S8: NV
A9: CPLL | B9: OTHER | C9: CPLL_T1_FUSE_READ_CAL | T9: NV
A10: CPLL | B10: CPLLT1 | C10: PP_KMDA0_C_FULP_AN_AA00_DLL_JTG_VIX_ALLFRV_SI_CPLL_T1 | F10: 98 | I10: 98 | L10: 98 | O10: 98 | Q10: NV | S10: NV
A11: CPLL | B11: CPLLT2P105G | C11: PP_KMDA0_C_FULP_AN_AA00_DLL_JTG_VIX_ALLFRV_SI_CPLL_T2P105G | E11: 206.13 | G11: 198.84 | H11: 206.13 | J11: 198.84 | K11: 206.13 | M11: 198.84 | N11: 206.13 | P11: 198.84 | Q11: HV | T11: HV
A12: CPLL | B12: CPLLT2P108G | C12: PP_KMDA0_C_FULP_AN_AA00_DLL_JTG_VIX_ALLFRV_SI_CPLL_T2P108G | E12: 188.21 | G12: 190.85 | H12: 188.21 | J12: 190.85 | K12: 188.21 | M12: 190.85 | N12: 188.21 | P12: 190.85 | S12: HV
A13: CPLL | B13: CPLLT2P109G | C13: PP_KMDA0_C_FULP_AN_AA00_DLL_JTG_VIX_ALLFRV_SI_CPLL_T2P109G | E13: 208.82 | G13: 187.22 | H13: 208.82 | J13: 187.22 | K13: 208.82 | M13: 187.22 | N13: 208.82 | P13: 187.22 | T13: HV
A14: CPLL | B14: CPLLT2P110G | C14: PP_KMDA0_C_FULP_AN_AA00_DLL_JTG_VIX_ALLFRV_SI_CPLL_T2P110G | E14: 188.42 | G14: 199.9 | H14: 188.42 | J14: 199.9 | K14: 188.42 | M14: 199.9 | N14: 188.42 | P14: 199.9 | Q14: LV
A15: CPLL | B15: CPLLT2P111G | C15: PP_KMDA0_C_FULP_AN_AA00_DLL_JTG_VIX_ALLFRV_SI_CPLL_T2P111G | E15: 200.65 | G15: 202.81 | H15: 200.65 | J15: 202.81 | K15: 200.65 | M15: 202.81 | N15: 200.65 | P15: 202.81 | S15: LV
A16: CPLL | B16: CPLLT2P112G | C16: PP_KMDA0_C_FULP_AN_AA00_DLL_JTG_VIX_ALLFRV_SI_CPLL_T2P112G | E16: 188.4 | G16: 187.79 | H16: 188.4 | J16: 187.79 | K16: 188.4 | M16: 187.79 | N16: 188.4 | P16: 187.79 | S16: LV | T16: LV
A17: CPLL | B17: CPLLT3 | C17: PP_KMDA0_C_FULP_AN_AA00_DLL_JTG_VIX_ALLFRV_SI_CPLL_T3 | E17: 342.47 | G17: 335.14 | H17: 342.47 | J17: 335.14 | K17: 342.47 | M17: 335.14 | N17: 342.47 | P17: 335.14 | T17: HV
A18: CPLL | B18: CPLLT7 | C18: PP_KMDA0_C_FULP_AN_AA00_DLL_JTG_VIX_ALLFRV_SI_CPLL_T7 | E18: 49.31 | G18: 34.1 | H18: 49.31 | J18: 34.1 | K18: 49.31 | M18: 34.1 | N18: 49.31 | P18: 34.1 | T18: HV
A19: CPLL | B19: CPLLT13P108G | C19: PP_KMDA0_C_FULP_AN_AA00_DLL_JTG_VIX_ALLFRV_SI_CPLL_T13P108G | E19: 20.67 | G19: 17.59 | H19: 20.67 | J19: 17.59 | K19: 20.67 | M19: 17.59 | N19: 20.67 | P19: 17.59 | S19: LV
A20: CPLL | B20: CPLLT13P111G | C20: PP_KMDA0_C_FULP_AN_AA00_DLL_JTG_VIX_ALLFRV_SI_CPLL_T13P111G | E20: 20.93 | G20: 38.23 | H20: 20.93 | J20: 38.23 | K20: 20.93 | M20: 38.23 | N20: 20.93 | P20: 38.23
A21: CPLL | B21: MNCPLLT0 | C21: MN_KMDA0_C_FULP_AN_AA00_DLL_JTG_VIX_ALLFRV_SI_CPLL_T0 | U21: LV,HV
A22: CPLL | B22: MNCPLLT1 | C22: MN_KMDA0_C_FULP_AN_AA00_DLL_JTG_VIX_ALLFRV_SI_CPLL_T1 | U22: LV,HV
A23: CPLL | B23: MNCPLLT2P101G | C23: MN_KMDA0_C_FULP_AN_AA00_DLL_JTG_VIX_ALLFRV_SI_CPLL_T2P101G | U23: LV,HV
A24: CPLL | B24: MNCPLLT2P102G | C24: MN_KMDA0_C_FULP_AN_AA00_DLL_JTG_VIX_ALLFRV_SI_CPLL_T2P102G | U24: LV,HV
A25: CPLL | B25: MNCPLLT2P103G | C25: MN_KMDA0_C_FULP_AN_AA00_DLL_JTG_VIX_ALLFRV_SI_CPLL_T2P103G | U25: LV,HV
A26: CPLL | B26: MNCPLLT2P104G | C26: MN_KMDA0_C_FULP_AN_AA00_DLL_JTG_VIX_ALLFRV_SI_CPLL_T2P104G | U26: LV,HV
A27: CPLL | B27: MNCPLLT2P105G | C27: MN_KMDA0_C_FULP_AN_AA00_DLL_JTG_VIX_ALLFRV_SI_CPLL_T2P105G | U27: LV,HV
A28: CPLL | B28: MNCPLLT2P106G | C28: MN_KMDA0_C_FULP_AN_AA00_DLL_JTG_VIX_ALLFRV_SI_CPLL_T2P106G | U28: LV,HV
A29: CPLL | B29: MNCPLLT2P107G | C29: MN_KMDA0_C_FULP_AN_AA00_DLL_JTG_VIX_ALLFRV_SI_CPLL_T2P107G | U29: LV,HV
A30: CPLL | B30: MNCPLLT2P108G | C30: MN_KMDA0_C_FULP_AN_AA00_DLL_JTG_VIX_ALLFRV_SI_CPLL_T2P108G | U30: LV,HV
A31: CPLL | B31: MNCPLLT2P109G | C31: MN_KMDA0_C_FULP_AN_AA00_DLL_JTG_VIX_ALLFRV_SI_CPLL_T2P109G | U31: LV,HV
A32: CPLL | B32: MNCPLLT2P110G | C32: MN_KMDA0_C_FULP_AN_AA00_DLL_JTG_VIX_ALLFRV_SI_CPLL_T2P110G | U32: LV,HV
... A80: CPLL | B80: MNCPLLT13P810G | C80: MN_KMDA0_C_FULP_AN_AA00_DLL_JTG_VIX_ALLFRV_SI_CPLL_T13P810G | U80: LV,HV

Sheet ADCLK
A2: Proposal for TTR | D2: Total (ms) | F2: =SUM(E5:G57) -> 7787.42 | I2: =SUM(H5:J57) -> 7787.42 | L2: =SUM(K5:M57) -> 7787.42 | O2: =SUM(N5:P57) -> 7787.42
E3: CP1 (ms) | H3: CP2 (ms) | K3: FT1 (ms) | N3: FT2 (ms)
A4: Category | B4: SubBlock | C4: Pattern | D4: Run If Fail | E4: LV | F4: NV | G4: HV | H4: LV | I4: NV | J4: HV | K4: LV | L4: NV | M4: HV | N4: LV | O4: NV | P4: HV | Q4: Prod CP1 | R4: Prod CP2 | S4: Prod FT1 | T4: Prod FT2 | U4: Mon | V4: T0Tx | W4: RMA Room | X4: RMA Hot
A5: ADCLK | B5: ADCLKT1 | C5: PP_KMDA0_C_FULP_AN_AA01_DLL_JTG_CAL_ALLFRV_SI_ADCLK_T1 | F5: 27.32 | I5: 27.32 | L5: 27.32 | O5: 27.32 | Q5: NV | S5: NV
A6: ADCLK | B6: OTHER | C6: ADCLK_T1_FUSE_PREWRITE_CAL1 | S6: NV
A7: ADCLK | B7: OTHER | C7: ADCLK_T1_FUSE_PREWRITE_CAL2 | S7: NV
A8: ADCLK | B8: OTHER | C8: ADCLK_T1_FUSE_PREWRITE_CAL3 | S8: NV
A9: ADCLK | B9: OTHER | C9: ADCLK_T1_FUSE_READ_CAL1 | T9: NV
A10: ADCLK | B10: OTHER | C10: ADCLK_T1_FUSE_READ_CAL2 | T10: NV
A11: ADCLK | B11: OTHER | C11: ADCLK_T1_FUSE_READ_CAL3 | T11: NV
A12: ADCLK | B12: ADCLKT2P1P0B | C12: PP_KMDA0_C_FULP_AN_AA01_DLL_JTG_VIX_ALLFRV_SI_ADCLK_T2P1P0B | E12: 441.85 | G12: 436.87 | H12: 441.85 | J12: 436.87 | K12: 441.85 | M12: 436.87 | N12: 441.85 | P12: 436.87 | Q12: HV | T12: HV
A13: ADCLK | B13: ADCLKT2P2P | C13: PP_KMDA0_C_FULP_AN_AA01_DLL_JTG_VIX_ALLFRV_SI_ADCLK_T2P2P | E13: 414.5 | G13: 422.57 | H13: 414.5 | J13: 422.57 | K13: 414.5 | M13: 422.57 | N13: 414.5 | P13: 422.57 | Q13: LV | T13: LV
A14: ADCLK | B14: ADCLKT2P6P | C14: PP_KMDA0_C_FULP_AN_AA01_DLL_JTG_VIX_ALLFRV_SI_ADCLK_T2P6P | E14: 422.81 | G14: 411.16 | H14: 422.81 | J14: 411.16 | K14: 422.81 | M14: 411.16 | N14: 422.81 | P14: 411.16 | S14: LV
A15: ADCLK | B15: ADCLKT2P7P | C15: PP_KMDA0_C_FULP_AN_AA01_DLL_JTG_VIX_ALLFRV_SI_ADCLK_T2P7P | E15: 426.79 | G15: 428.5 | H15: 426.79 | J15: 428.5 | K15: 426.79 | M15: 428.5 | N15: 426.79 | P15: 428.5 | S15: LV
A16: ADCLK | B16: ADCLKT3 | C16: PP_KMDA0_C_FULP_AN_AA01_MEA_JTG_VMX_ALLFRV_SI_ADCLK_T3 | E16: 1155.04 | G16: 1181.74 | H16: 1155.04 | J16: 1181.74 | K16: 1155.04 | M16: 1181.74 | N16: 1155.04 | P16: 1181.74 | T16: HV
A17: ADCLK | B17: ADCLKT4 | C17: PP_KMDA0_C_FULP_AN_AA01_DLL_JTG_FRQ_ALLFRV_SI_ADCLK_T4 | E17: 41.48 | G17: 40.53 | H17: 41.48 | J17: 40.53 | K17: 41.48 | M17: 40.53 | N17: 41.48 | P17: 40.53 | S17: NV
A18: ADCLK | B18: ADCLKT7P1P | C18: PP_KMDA0_C_FULP_AN_AA01_MEA_JTG_LKK_ALLFRV_SI_ADCLK_T7P1P | E18: 112.41 | G18: 111.37 | H18: 112.41 | J18: 111.37 | K18: 112.41 | M18: 111.37 | N18: 112.41 | P18: 111.37
A19: ADCLK | B19: ADCLKT7P2P | C19: PP_KMDA0_C_FULP_AN_AA01_MEA_JTG_LKK_ALLFRV_SI_ADCLK_T7P2P | E19: 109.62 | G19: 97.11 | H19: 109.62 | J19: 97.11 | K19: 109.62 | M19: 97.11 | N19: 109.62 | P19: 97.11
A20: ADCLK | B20: ADCLKT7P3P | C20: PP_KMDA0_C_FULP_AN_AA01_MEA_JTG_LKK_ALLFRV_SI_ADCLK_T7P3P | E20: 99.9 | G20: 109.56 | H20: 99.9 | J20: 109.56 | K20: 99.9 | M20: 109.56 | N20: 99.9 | P20: 109.56 | Q20: LV | T20: HV
A21: ADCLK | B21: ADCLKT7P4P | C21: PP_KMDA0_C_FULP_AN_AA01_MEA_JTG_LKK_ALLFRV_SI_ADCLK_T7P4P | E21: 111.29 | G21: 95.77 | H21: 111.29 | J21: 95.77 | K21: 111.29 | M21: 95.77 | N21: 111.29 | P21: 95.77
A22: ADCLK | B22: ADCLKT7P5P | C22: PP_KMDA0_C_FULP_AN_AA01_MEA_JTG_LKK_ALLFRV_SI_ADCLK_T7P5P | E22: 111.16 | G22: 110.57 | H22: 111.16 | J22: 110.57 | K22: 111.16 | M22: 110.57 | N22: 111.16 | P22: 110.57
A23: ADCLK | B23: ADCLKT7P6P | C23: PP_KMDA0_C_FULP_AN_AA01_MEA_JTG_LKK_ALLFRV_SI_ADCLK_T7P6P | E23: 94.74 | G23: 110.52 | H23: 94.74 | J23: 110.52 | K23: 94.74 | M23: 110.52 | N23: 94.74 | P23: 110.52
A24: ADCLK | B24: ADCLKT11 | C24: PP_KMDA0_C_FULP_AN_AA01_MEA_JTG_DYC_ALLFRV_SI_ADCLK_T11 | E24: 98.22 | G24: 95.79 | H24: 98.22 | J24: 95.79 | K24: 98.22 | M24: 95.79 | N24: 98.22 | P24: 95.79 | S24: LV
A25: ADCLK | B25: ADCLKT14 | C25: PP_KMDA0_C_FULP_AN_AA01_MEA_JTG_DYC_ALLFRV_SI_ADCLK_T14 | E25: 136.51 | G25: 124.56 | H25: 136.51 | J25: 124.56 | K25: 136.51 | M25: 124.56 | N25: 136.51 | P25: 124.56 | T25: HV
A26: ADCLK | B26: ADCLKT15 | C26: PP_KMDA0_C_FULP_AN_AA01_MEA_JTG_DYC_ALLFRV_SI_ADCLK_T15 | E26: 53.78 | G26: 73.52 | H26: 53.78 | J26: 73.52 | K26: 53.78 | M26: 73.52 | N26: 53.78 | P26: 73.52 | T26: HV
A27: ADCLK | B27: ADCLKT16 | C27: PP_KMDA0_C_FULP_AN_AA01_MEA_JTG_DYC_ALLFRV_SI_ADCLK_T16 | E27: 40.65 | G27: 39.21 | H27: 40.65 | J27: 39.21 | K27: 40.65 | M27: 39.21 | N27: 40.65 | P27: 39.21 | S27: LV
A28: ADCLK | B28: MNADCLKT2P1P0B | C28: MN_KMDA0_C_FULP_AN_AA01_DLL_JTG_VIX_ALLFRV_SI_ADCLK_T2P1P0B | U28: LV,HV
A29: ADCLK | B29: MNADCLKT2P1PHB | C29: MN_KMDA0_C_FULP_AN_AA01_DLL_JTG_VIX_ALLFRV_SI_ADCLK_T2P1PHB | U29: LV,HV
A30: ADCLK | B30: MNADCLKT2P1PQB | C30: MN_KMDA0_C_FULP_AN_AA01_DLL_JTG_VIX_ALLFRV_SI_ADCLK_T2P1PQB | U30: LV,HV
A31: ADCLK | B31: MNADCLKT2P2PHB | C31: MN_KMDA0_C_FULP_AN_AA01_DLL_JTG_VIX_ALLFRV_SI_ADCLK_T2P2PHB | U31: LV,HV
A32: ADCLK | B32: MNADCLKT2P2PQB | C32: MN_KMDA0_C_FULP_AN_AA01_DLL_JTG_VIX_ALLFRV_SI_ADCLK_T2P2PQB | U32: LV,HV
A33: ADCLK | B33: MNADCLKT2P2P | C33: MN_KMDA0_C_FULP_AN_AA01_DLL_JTG_VIX_ALLFRV_SI_ADCLK_T2P2P | U33: LV,HV
A34: ADCLK | B34: MNADCLKT2P3PHB | C34: MN_KMDA0_C_FULP_AN_AA01_DLL_JTG_VIX_ALLFRV_SI_ADCLK_T2P3PHB | U34: LV,HV
A35: ADCLK | B35: MNADCLKT2P3PQB | C35: MN_KMDA0_C_FULP_AN_AA01_DLL_JTG_VIX_ALLFRV_SI_ADCLK_T2P3PQB | U35: LV,HV
A36: ADCLK | B36: MNADCLKT2P3P | C36: MN_KMDA0_C_FULP_AN_AA01_DLL_JTG_VIX_ALLFRV_SI_ADCLK_T2P3P | U36: LV,HV
A37: ADCLK | B37: MNADCLKT2P4PHB | C37: MN_KMDA0_C_FULP_AN_AA01_DLL_JTG_VIX_ALLFRV_SI_ADCLK_T2P4PHB | U37: LV,HV
A38: ADCLK | B38: MNADCLKT2P4P | C38: MN_KMDA0_C_FULP_AN_AA01_DLL_JTG_VIX_ALLFRV_SI_ADCLK_T2P4P | U38: LV,HV
A39: ADCLK | B39: MNADCLKT2P5P | C39: MN_KMDA0_C_FULP_AN_AA01_DLL_JTG_VIX_ALLFRV_SI_ADCLK_T2P5P | U39: LV,HV
... A57: ADCLK | B57: MNADCLKT8P4P | C57: MN_KMDA0_C_FULP_AN_AA01_MEA_JTG_LKK_ALLFRV_SI_ADCLK_T8P4P | U57: LV,HV

Sheet LAPLL
A2: Proposal for TTR | D2: Total (ms) | F2: =SUM(E5:G55) -> 4584.36 | I2: =SUM(H5:J55) -> 4584.36 | L2: =SUM(K5:M55) -> 4584.36 | O2: =SUM(N5:P55) -> 4584.36
E3: CP1 (ms) | H3: CP2 (ms) | K3: FT1 (ms) | N3: FT2 (ms)
A4: Category | B4: SubBlock | C4: Pattern | D4: Run If Fail | E4: LV | F4: NV | G4: HV | H4: LV | I4: NV | J4: HV | K4: LV | L4: NV | M4: HV | N4: LV | O4: NV | P4: HV | Q4: Prod CP1 | R4: Prod CP2 | S4: Prod FT1 | T4: Prod FT2 | U4: Mon | V4: T0Tx | W4: RMA Room | X4: RMA Hot
A5: LAPLL | B5: LAPLLT2P1S | C5: PP_KMDA0_C_FULP_AN_AA06_DLL_JTG_VIX_ALLFRV_SI_LAPLL_T2P1S | E5: 194.25 | G5: 203.02 | H5: 194.25 | J5: 203.02 | K5: 194.25 | M5: 203.02 | N5: 194.25 | P5: 203.02 | Q5: LV,HV | R5: LV,HV | S5: LV,HV | T5: LV,HV
A6: LAPLL | B6: LAPLLT2P2S | C6: PP_KMDA0_C_FULP_AN_AA06_DLL_JTG_VIX_ALLFRV_SI_LAPLL_T2P2S | E6: 200.31 | G6: 200.86 | H6: 200.31 | J6: 200.86 | K6: 200.31 | M6: 200.86 | N6: 200.31 | P6: 200.86 | Q6: LV,HV | R6: LV,HV | S6: LV,HV | T6: LV,HV
A7: LAPLL | B7: LAPLLT2P3S | C7: PP_KMDA0_C_FULP_AN_AA06_DLL_JTG_VIX_ALLFRV_SI_LAPLL_T2P3S | E7: 193.89 | G7: 192.62 | H7: 193.89 | J7: 192.62 | K7: 193.89 | M7: 192.62 | N7: 193.89 | P7: 192.62 | Q7: LV,HV | R7: LV,HV | S7: LV,HV | T7: LV,HV
A8: LAPLL | B8: LAPLLT2P4S | C8: PP_KMDA0_C_FULP_AN_AA06_DLL_JTG_VIX_ALLFRV_SI_LAPLL_T2P4S | E8: 194.74 | G8: 194.66 | H8: 194.74 | J8: 194.66 | K8: 194.74 | M8: 194.66 | N8: 194.74 | P8: 194.66 | Q8: LV,HV | R8: LV,HV | S8: LV,HV | T8: LV,HV
A9: LAPLL | B9: LAPLLT2P5S | C9: PP_KMDA0_C_FULP_AN_AA06_DLL_JTG_VIX_ALLFRV_SI_LAPLL_T2P5S | E9: 178.25 | G9: 179.64 | H9: 178.25 | J9: 179.64 | K9: 178.25 | M9: 179.64 | N9: 178.25 | P9: 179.64 | Q9: LV,HV | R9: LV,HV | S9: LV,HV | T9: LV,HV
A10: LAPLL | B10: LAPLLT2P6S | C10: PP_KMDA0_C_FULP_AN_AA06_DLL_JTG_VIX_ALLFRV_SI_LAPLL_T2P6S | E10: 196.96 | G10: 194.22 | H10: 196.96 | J10: 194.22 | K10: 196.96 | M10: 194.22 | N10: 196.96 | P10: 194.22 | Q10: LV,HV | R10: LV,HV | S10: LV,HV | T10: LV,HV
A11: LAPLL | B11: LAPLLT2P7S | C11: PP_KMDA0_C_FULP_AN_AA06_DLL_JTG_VIX_ALLFRV_SI_LAPLL_T2P7S | E11: 193.46 | G11: 192.23 | H11: 193.46 | J11: 192.23 | K11: 193.46 | M11: 192.23 | N11: 193.46 | P11: 192.23 | Q11: LV,HV | R11: LV,HV | S11: LV,HV | T11: LV,HV
A12: LAPLL | B12: LAPLLT2P8S | C12: PP_KMDA0_C_FULP_AN_AA06_DLL_JTG_VIX_ALLFRV_SI_LAPLL_T2P8S | E12: 201.89 | G12: 193.32 | H12: 201.89 | J12: 193.32 | K12: 201.89 | M12: 193.32 | N12: 201.89 | P12: 193.32 | Q12: LV,HV | R12: LV,HV | S12: LV,HV | T12: LV,HV
A13: LAPLL | B13: LAPLLT2P9S | C13: PP_KMDA0_C_FULP_AN_AA06_DLL_JTG_VIX_ALLFRV_SI_LAPLL_T2P9S | E13: 206.85 | G13: 198.28 | H13: 206.85 | J13: 198.28 | K13: 206.85 | M13: 198.28 | N13: 206.85 | P13: 198.28 | Q13: LV,HV | R13: LV,HV | S13: LV,HV | T13: LV,HV
A14: LAPLL | B14: LAPLLT2P10S | C14: PP_KMDA0_C_FULP_AN_AA06_DLL_JTG_VIX_ALLFRV_SI_LAPLL_T2P10S | E14: 199.35 | G14: 203.88 | H14: 199.35 | J14: 203.88 | K14: 199.35 | M14: 203.88 | N14: 199.35 | P14: 203.88 | Q14: LV,HV | R14: LV,HV | S14: LV,HV | T14: LV,HV
A15: LAPLL | B15: LAPLLT3 | C15: PP_KMDA0_C_FULP_AN_AA06_MEA_JTG_IMX_ALLFRV_SI_LAPLL_T3 | E15: 287 | G15: 287.68 | H15: 287 | J15: 287.68 | K15: 287 | M15: 287.68 | N15: 287 | P15: 287.68 | Q15: LV,HV | R15: LV,HV | S15: LV,HV | T15: LV,HV
A16: LAPLL | B16: LAPLLT4 | C16: PP_KMDA0_C_FULP_AN_AA06_DLL_JTG_FRQ_ALLFRV_SI_LAPLL_T4 | E16: 21.1 | G16: 19.79 | H16: 21.1 | J16: 19.79 | K16: 21.1 | M16: 19.79 | N16: 21.1 | P16: 19.79 | Q16: LV,HV | R16: LV,HV | S16: LV,HV | T16: LV,HV
A17: LAPLL | B17: LAPLLT12 | C17: PP_KMDA0_C_FULP_AN_AA06_DLL_JTG_VIX_ALLFRV_SI_LAPLL_T12 | E17: 25.87 | G17: 30.24 | H17: 25.87 | J17: 30.24 | K17: 25.87 | M17: 30.24 | N17: 25.87 | P17: 30.24 | Q17: LV,HV | R17: LV,HV | S17: LV,HV | T17: LV,HV
A18: LAPLL | B18: MNLAPLLT2P1S | C18: MN_KMDA0_C_FULP_AN_AA06_DLL_JTG_VIX_ALLFRV_SI_LAPLL_T2P1S | U18: LV,HV
A19: LAPLL | B19: MNLAPLLT2P2S | C19: MN_KMDA0_C_FULP_AN_AA06_DLL_JTG_VIX_ALLFRV_SI_LAPLL_T2P2S | U19: LV,HV
A20: LAPLL | B20: MNLAPLLT2P3S | C20: MN_KMDA0_C_FULP_AN_AA06_DLL_JTG_VIX_ALLFRV_SI_LAPLL_T2P3S | U20: LV,HV
A21: LAPLL | B21: MNLAPLLT2P4S | C21: MN_KMDA0_C_FULP_AN_AA06_DLL_JTG_VIX_ALLFRV_SI_LAPLL_T2P4S | U21: LV,HV
A22: LAPLL | B22: MNLAPLLT2P5S | C22: MN_KMDA0_C_FULP_AN_AA06_DLL_JTG_VIX_ALLFRV_SI_LAPLL_T2P5S | U22: LV,HV
A23: LAPLL | B23: MNLAPLLT2P6S | C23: MN_KMDA0_C_FULP_AN_AA06_DLL_JTG_VIX_ALLFRV_SI_LAPLL_T2P6S | U23: LV,HV
A24: LAPLL | B24: MNLAPLLT2P7S | C24: MN_KMDA0_C_FULP_AN_AA06_DLL_JTG_VIX_ALLFRV_SI_LAPLL_T2P7S | U24: LV,HV
A25: LAPLL | B25: MNLAPLLT2P8S | C25: MN_KMDA0_C_FULP_AN_AA06_DLL_JTG_VIX_ALLFRV_SI_LAPLL_T2P8S | U25: LV,HV
A26: LAPLL | B26: MNLAPLLT2P9S | C26: MN_KMDA0_C_FULP_AN_AA06_DLL_JTG_VIX_ALLFRV_SI_LAPLL_T2P9S | U26: LV,HV
A27: LAPLL | B27: MNLAPLLT2P10S | C27: MN_KMDA0_C_FULP_AN_AA06_DLL_JTG_VIX_ALLFRV_SI_LAPLL_T2P10S | U27: LV,HV
A28: LAPLL | B28: MNLAPLLT2P11S | C28: MN_KMDA0_C_FULP_AN_AA06_DLL_JTG_VIX_ALLFRV_SI_LAPLL_T2P11S | U28: LV,HV
A29: LAPLL | B29: MNLAPLLT2P12S | C29: MN_KMDA0_C_FULP_AN_AA06_DLL_JTG_VIX_ALLFRV_SI_LAPLL_T2P12S | U29: LV,HV
... A55: LAPLL | B55: MNLAPLLT12 | C55: MN_KMDA0_C_FULP_AN_AA06_DLL_JTG_VIX_ALLFRV_SI_LAPLL_T12 | U55: LV,HV

Sheet PCIEREFGEN
A2: Proposal for TTR | D2: Total (ms) | F2: =SUM(E5:G16) -> 3739.7 | I2: =SUM(H5:J16) -> 3739.7 | L2: =SUM(K5:M16) -> 3739.7 | O2: =SUM(N5:P16) -> 3739.7
E3: CP1 (ms) | H3: CP2 (ms) | K3: FT1 (ms) | N3: FT2 (ms)
A4: Category | B4: SubBlock | C4: Pattern | D4: HIP_FailRun | E4: LV | F4: NV | G4: HV | H4: LV | I4: NV | J4: HV | K4: LV | L4: NV | M4: HV | N4: LV | O4: NV | P4: HV | Q4: Prod CP1 | R4: Prod CP2 | S4: Prod FT1 | T4: Prod FT2 | U4: Mon | V4: T0Tx | W4: RMA Room | X4: RMA Hot
A5: PCIEREFGEN | B5: REFGENCMNTRIMBGCOARSEMOSI | C5: PP_KMDA0_S_FULP_AN_REFG_MEA_JTG_CAL_ALLFRV_SI_REFGEN_T1 | F5: 28.8 | I5: 28.8 | L5: 28.8 | O5: 28.8 | Q5: NV | S5: NV
A6: PCIEREFGEN | B6: OTHER | C6: PCIEREFGEN_FUSE_PREWRITE_REFGEN_0_MOS_TRIM_I | S6: NV
A7: PCIEREFGEN | B7: OTHER | C7: PCIEREFGEN_FUSE_READ_REFGEN_0_MOS_TRIM_I | T7: NV
A8: PCIEREFGEN | B8: OTHER | C8: PCIEREFGEN_FUSE_PREWRITE_FINE_MOS | S8: NV
A9: PCIEREFGEN | B9: OTHER | C9: PCIEREFGEN_FUSE_READ_FUSE_PREWRITE_FINE_MOS | T9: NV
A10: PCIEREFGEN | B10: OTHER | C10: PCIEREFGEN_SOCREFGEN_FUSE_PREWRITE_REFGEN_0_BJT_TRIM_V | S10: NV
A11: PCIEREFGEN | B11: OTHER | C11: PCIEREFGEN_SOCREFGEN_FUSE_READ_REFGEN_0_BJT_TRIM_V | T11: NV
A12: PCIEREFGEN | B12: REFGENT2P1FINEMOSRUNNVFLOWONLY | C12: PP_KMDA0_S_FULP_AN_REFG_MEA_JTG_CAL_ALLFRV_SI_REFGEN_T2P1 | F12: 117.62 | I12: 117.62 | L12: 117.62 | O12: 117.62 | Q12: NV | S12: NV
A13: PCIEREFGEN | B13: PCIEREFGENCMNTRIMBGFINE | C13: PP_KMDA0_S_FULP_AN_REFG_MEA_JTG_CAL_ALLFRV_SI_REFGEN_T2P2 | F13: 46.95 | I13: 46.95 | L13: 46.95 | O13: 46.95
A14: PCIEREFGEN | B14: REFGENCMNTRIMV2I | C14: PP_KMDA0_S_FULP_AN_REFG_MEA_JTG_CAL_ALLFRV_SI_REFGEN_T3 | F14: 1812.45 | I14: 1812.45 | L14: 1812.45 | O14: 1812.45
A15: PCIEREFGEN | B15: REFGENT4P1MOSANALOGTESTPOINTS | C15: PP_KMDA0_S_FULP_AN_REFG_MEA_JTG_CAL_ALLFRV_SI_REFGEN_T4P1 | F15: 881.21 | I15: 881.21 | L15: 881.21 | O15: 881.21
A16: PCIEREFGEN | B16: REFGENT4P2BJTANALOGTESTPOINTS | C16: PP_KMDA0_S_FULP_AN_REFG_MEA_JTG_CAL_ALLFRV_SI_REFGEN_T4P2 | F16: 852.67 | I16: 852.67 | L16: 852.67 | O16: 852.67

Sheet PCIE5CMN
A2: Proposal for TTR | D2: Total (ms) | F2: =SUM(E5:G18) -> 838.88 | I2: =SUM(H5:J18) -> 838.88 | L2: =SUM(K5:M18) -> 838.88 | O2: =SUM(N5:P18) -> 838.88
E3: CP1 (ms) | H3: CP2 (ms) | K3: FT1 (ms) | N3: FT2 (ms)
A4: Category | B4: SubBlock | C4: Pattern | D4: HIP_FailRun | E4: LV | F4: NV | G4: HV | H4: LV | I4: NV | J4: HV | K4: LV | L4: NV | M4: HV | N4: LV | O4: NV | P4: HV | Q4: Prod CP1 | R4: Prod CP2 | S4: Prod FT1 | T4: Prod FT2 | U4: Mon | V4: T0Tx | W4: RMA Room | X4: RMA Hot
A5: PCIE5CMN | B5: PCIE5CMNTRIMBGCOARSE_MULTIPLE | C5: PP_KMDA0_S_FULP_AN_P5CM_MEA_JTG_CAL_ALLFRV_SI_CMNTRIM_BGCOARSE | F5: 34.14 | I5: 34.14 | L5: 34.14 | O5: 34.14 | Q5: NV | S5: NV
A6: PCIE5CMN | B6: PCIE5CMNTRIMBGFINE_MULTIPLE | C6: PP_KMDA0_S_FULP_AN_P5CM_MEA_JTG_CAL_ALLFRV_SI_CMNTRIM_BGFINE | F6: 36.44 | I6: 36.44 | L6: 36.44 | O6: 36.44 | Q6: NV | S6: NV
A7: PCIE5CMN | B7: OTHER | C7: PCIE5CMN_PCIE5_BGFINE_FUSE_PREWRITE_CAL | S7: NV
A8: PCIE5CMN | B8: OTHER | C8: PCIE5CMN_PCIE5_BGFINE_FUSE_READ_CAL | T8: NV
A9: PCIE5CMN | B9: OTHER | C9: PCIE5CMN_PCIE5_MOSI_FUSE_PREWRITE_CAL | S9: NV
A10: PCIE5CMN | B10: OTHER | C10: PCIE5CMN_PCIE5_MOSI_FUSE_READ_CAL | T10: NV
A11: PCIE5CMN | B11: OTHER | C11: PCIE5CMN_PCIE5_MOSV_FUSE_PREWRITE_CAL | S11: NV
A12: PCIE5CMN | B12: OTHER | C12: PCIE5CMN_PCIE5_MOSV_FUSE_READ_CAL | T12: NV
A13: PCIE5CMN | B13: OTHER | C13: PCIE5CMN_PCIE5_VREGTRIM_FUSE_PREWRITE_CAL | S13: NV
A14: PCIE5CMN | B14: OTHER | C14: PCIE5CMN_PCIE5_VREGTRIM_FUSE_READ_CAL | T14: NV
A15: PCIE5CMN | B15: PCIE5CMNTRIMV2I_MULTIPLE | C15: PP_KMDA0_S_FULP_AN_P5CM_MEA_JTG_CAL_ALLFRV_SI_CMNTRIM_V2I | F15: 33.33 | I15: 33.33 | L15: 33.33 | O15: 33.33 | Q15: NV | S15: NV
A16: PCIE5CMN | B16: PCIE5CMNTRIMMOSI_MULTIPLE | C16: PP_KMDA0_S_FULP_AN_P5CM_MEA_JTG_CAL_ALLFRV_SI_CMNTRIM_MOSI | F16: 34.94 | I16: 34.94 | L16: 34.94 | O16: 34.94 | Q16: NV | S16: NV
A17: PCIE5CMN | B17: PCIE5CMNTRIMMOSV_MULTIPLE | C17: PP_KMDA0_S_FULP_AN_P5CM_MEA_JTG_CAL_ALLFRV_SI_CMNTRIM_MOSV | F17: 173.39 | I17: 173.39 | L17: 173.39 | O17: 173.39 | Q17: NV | S17: NV
A18: PCIE5CMN | B18: PCIE5CMNTRIMVREGTRIM_MULTIPLE | C18: PP_KMDA0_S_FULP_AN_P5CM_MEA_JTG_CAL_ALLFRV_SI_CMNTRIM_VREGTRIM | F18: 526.64 | I18: 526.64 | L18: 526.64 | O18: 526.64 | Q18: NV | S18: NV

Sheet ACIPHYCMN
A2: Proposal for TTR | D2: Total (ms) | F2: =SUM(E5:G18) -> 370.94 | I2: =SUM(H5:J18) -> 370.94 | L2: =SUM(K5:M18) -> 370.94 | O2: =SUM(N5:P18) -> 370.94
E3: CP1 (ms) | H3: CP2 (ms) | K3: FT1 (ms) | N3: FT2 (ms)
A4: Category | B4: SubBlock | C4: Pattern | D4: HIP_FailRun | E4: LV | F4: NV | G4: HV | H4: LV | I4: NV | J4: HV | K4: LV | L4: NV | M4: HV | N4: LV | O4: NV | P4: HV | Q4: Prod CP1 | R4: Prod CP2 | S4: Prod FT1 | T4: Prod FT2 | U4: Mon | V4: T0Tx | W4: RMA Room | X4: RMA Hot
A5: ACIPHYCMN | B5: ACIPHYCMNTRIMBGCOARSE_MULTIPLE | C5: PP_KMDA0_S_FULP_AN_RXCM_MEA_JTG_CAL_ALLFRV_SI_CMNTRIM_BGCOARSE | F5: 27.97 | I5: 27.97 | L5: 27.97 | O5: 27.97 | Q5: NV | S5: NV
A6: ACIPHYCMN | B6: ACIPHYCMNTRIMBGFINE_MULTIPLE | C6: PP_KMDA0_S_FULP_AN_RXCM_MEA_JTG_CAL_ALLFRV_SI_CMNTRIM_BGFINE | F6: 32.03 | I6: 32.03 | L6: 32.03 | O6: 32.03 | Q6: NV | S6: NV
A7: ACIPHYCMN | B7: OTHER | C7: ACIPHYCMN_ACIPHY_BGFINE_FUSE_PREWRITE_CAL | S7: NV
A8: ACIPHYCMN | B8: OTHER | C8: ACIPHYCMN_ACIPHY_BGFINE_FUSE_READ_CAL | T8: NV
A9: ACIPHYCMN | B9: OTHER | C9: ACIPHYCMN_ACIPHY_MOSI_FUSE_PREWRITE_CAL | S9: NV
A10: ACIPHYCMN | B10: OTHER | C10: ACIPHYCMN_ACIPHY_MOSI_FUSE_READ_CAL | T10: NV
A11: ACIPHYCMN | B11: OTHER | C11: ACIPHYCMN_ACIPHY_MOSV_FUSE_PREWRITE_CAL | S11: NV
A12: ACIPHYCMN | B12: OTHER | C12: ACIPHYCMN_ACIPHY_MOSV_FUSE_READ_CAL | T12: NV
A13: ACIPHYCMN | B13: OTHER | C13: ACIPHYCMN_ACIPHY_VREGTRIM_FUSE_PREWRITE_CAL | S13: NV
A14: ACIPHYCMN | B14: OTHER | C14: ACIPHYCMN_ACIPHY_VREGTRIM_FUSE_READ_CAL | T14: NV
A15: ACIPHYCMN | B15: ACIPHYCMNTRIMV2I_MULTIPLE | C15: PP_KMDA0_S_FULP_AN_RXCM_MEA_JTG_CAL_ALLFRV_SI_CMNTRIM_V2I | F15: 28.26 | I15: 28.26 | L15: 28.26 | O15: 28.26 | Q15: NV | S15: NV
A16: ACIPHYCMN | B16: ACIPHYCMNTRIMMOSI_MULTIPLE | C16: PP_KMDA0_S_FULP_AN_RXCM_MEA_JTG_CAL_ALLFRV_SI_CMNTRIM_MOSI | F16: 41.23 | I16: 41.23 | L16: 41.23 | O16: 41.23 | Q16: NV | S16: NV
A17: ACIPHYCMN | B17: ACIPHYCMNTRIMMOSV_MULTIPLE | C17: PP_KMDA0_S_FULP_AN_RXCM_MEA_JTG_CAL_ALLFRV_SI_CMNTRIM_MOSV | F17: 123.19 | I17: 123.19 | L17: 123.19 | O17: 123.19 | Q17: NV | S17: NV
A18: ACIPHYCMN | B18: ACIPHYCMNVREGTRIM_MULTIPLE | C18: PP_KMDA0_S_FULP_AN_RXCM_MEA_JTG_VMX_ALLFRV_SI_CMN_VREGTRIM | F18: 118.26 | I18: 118.26 | L18: 118.26 | O18: 118.26 | Q18: NV | S18: NV

Sheet ACIOPHYCMN
A2: Proposal for TTR | D2: Total (ms) | F2: =SUM(E5:G18) -> 519.85 | I2: =SUM(H5:J18) -> 519.85 | L2: =SUM(K5:M18) -> 519.85 | O2: =SUM(N5:P18) -> 519.85
E3: CP1 (ms) | H3: CP2 (ms) | K3: FT1 (ms) | N3: FT2 (ms)
A4: Category | B4: SubBlock | C4: Pattern | D4: HIP_FailRun | E4: LV | F4: NV | G4: HV | H4: LV | I4: NV | J4: HV | K4: LV | L4: NV | M4: HV | N4: LV | O4: NV | P4: HV | Q4: Prod CP1 | R4: Prod CP2 | S4: Prod FT1 | T4: Prod FT2 | U4: Mon | V4: T0Tx | W4: RMA Room | X4: RMA Hot
A5: ACIOPHYCMN | B5: ACIOPHYCMNTRIMBGCOARSE_MULTIPLE | C5: PP_KMDA0_S_FULP_AN_CICM_MEA_JTG_CAL_ALLFRV_SI_CMNTRIM_BGCOARSE | F5: 38.89 | I5: 38.89 | L5: 38.89 | O5: 38.89 | Q5: NV | S5: NV
A6: ACIOPHYCMN | B6: ACIOPHYCMNTRIMBGFINE_MULTIPLE | C6: PP_KMDA0_S_FULP_AN_CICM_MEA_JTG_CAL_ALLFRV_SI_CMNTRIM_BGFINE | F6: 41.5 | I6: 41.5 | L6: 41.5 | O6: 41.5 | Q6: NV | S6: NV
A7: ACIOPHYCMN | B7: OTHER | C7: ACIOPHYCMN_ACIOPHY_BGFINE_FUSE_PREWRITE_CAL | S7: NV
A8: ACIOPHYCMN | B8: OTHER | C8: ACIOPHYCMN_ACIOPHY_BGFINE_FUSE_READ_CAL | T8: NV
A9: ACIOPHYCMN | B9: OTHER | C9: ACIOPHYCMN_ACIOPHY_MOSI_FUSE_PREWRITE_CAL | S9: NV
A10: ACIOPHYCMN | B10: OTHER | C10: ACIOPHYCMN_ACIOPHY_MOSI_FUSE_READ_CAL | T10: NV
A11: ACIOPHYCMN | B11: OTHER | C11: ACIOPHYCMN_ACIOPHY_MOSV_FUSE_PREWRITE_CAL | S11: NV
A12: ACIOPHYCMN | B12: OTHER | C12: ACIOPHYCMN_ACIOPHY_MOSV_FUSE_READ_CAL | T12: NV
A13: ACIOPHYCMN | B13: OTHER | C13: ACIOPHYCMN_ACIOPHY_VREGTRIM_FUSE_PREWRITE_CAL | S13: NV
A14: ACIOPHYCMN | B14: OTHER | C14: ACIOPHYCMN_ACIOPHY_VREGTRIM_FUSE_READ_CAL | T14: NV
A15: ACIOPHYCMN | B15: ACIOPHYCMNTRIMV2I_MULTIPLE | C15: PP_KMDA0_S_FULP_AN_CICM_MEA_JTG_CAL_ALLFRV_SI_CMNTRIM_V2I | F15: 37.78 | I15: 37.78 | L15: 37.78 | O15: 37.78 | Q15: NV | S15: NV
A16: ACIOPHYCMN | B16: ACIOPHYCMNTRIMMOSI_MULTIPLE | C16: PP_KMDA0_S_FULP_AN_CICM_MEA_JTG_CAL_ALLFRV_SI_CMNTRIM_MOSI | F16: 51.61 | I16: 51.61 | L16: 51.61 | O16: 51.61 | Q16: NV | S16: NV
A17: ACIOPHYCMN | B17: ACIOPHYCMNTRIMMOSV_MULTIPLE | C17: PP_KMDA0_S_FULP_AN_CICM_MEA_JTG_CAL_ALLFRV_SI_CMNTRIM_MOSV | F17: 186.4 | I17: 186.4 | L17: 186.4 | O17: 186.4 | Q17: NV | S17: NV
A18: ACIOPHYCMN | B18: CMNTRIMVREGTRIM_MULTIPLE | C18: PP_KMDA0_S_FULP_AN_CICM_MEA_JTG_CAL_ALLFRV_SI_CMNTRIM_VREGTRIM | F18: 163.67 | I18: 163.67 | L18: 163.67 | O18: 163.67 | Q18: NV | S18: NV

Sheet LPDPTXCMN
A2: Proposal for TTR | D2: Total (ms) | F2: =SUM(E5:G18) -> 381.59 | I2: =SUM(H5:J18) -> 381.59 | L2: =SUM(K5:M18) -> 381.59 | O2: =SUM(N5:P18) -> 381.59
E3: CP1 (ms) | H3: CP2 (ms) | K3: FT1 (ms) | N3: FT2 (ms)
A4: Category | B4: SubBlock | C4: Pattern | D4: HIP_FailRun | E4: LV | F4: NV | G4: HV | H4: LV | I4: NV | J4: HV | K4: LV | L4: NV | M4: HV | N4: LV | O4: NV | P4: HV | Q4: Prod CP1 | R4: Prod CP2 | S4: Prod FT1 | T4: Prod FT2 | U4: Mon | V4: T0Tx | W4: RMA Room | X4: RMA Hot
A5: LPDPTXCMN | B5: LPDPTXCMNTRIMBGCOARSE_MULTIPLE | C5: PP_KMDA0_S_FULP_AN_TXCM_MEA_JTG_CAL_ALLFRV_SI_CMNTRIM_BGCOARSE | F5: 27.39 | I5: 27.39 | L5: 27.39 | O5: 27.39 | Q5: NV | S5: NV
A6: LPDPTXCMN | B6: LPDPTXCMNTRIMBGFINE_MULTIPLE | C6: PP_KMDA0_S_FULP_AN_TXCM_MEA_JTG_CAL_ALLFRV_SI_CMNTRIM_BGFINE | F6: 28.7 | I6: 28.7 | L6: 28.7 | O6: 28.7 | Q6: NV | S6: NV
A7: LPDPTXCMN | B7: OTHER | C7: LPDPTXCMN_LPDPTX_FUSE_PREWRITE_REFGEN_0_BJT_TRIM_V | S7: NV
A8: LPDPTXCMN | B8: OTHER | C8: LPDPTXCMN_LPDPTX_FUSE_READ_REFGEN_0_BJT_TRIM_V | T8: NV
A9: LPDPTXCMN | B9: OTHER | C9: LPDPTXCMN_LPDPTX_FUSE_PREWRITE_REFGEN_0_MOS_TRIM_I | S9: NV
A10: LPDPTXCMN | B10: OTHER | C10: LPDPTXCMN_LPDPTX_FUSE_READ_REFGEN_0_MOS_TRIM_I | T10: NV
A11: LPDPTXCMN | B11: OTHER | C11: LPDPTXCMN_LPDPTX_FUSE_PREWRITE_FINE_MOS | S11: NV
A12: LPDPTXCMN | B12: OTHER | C12: LPDPTXCMN_LPDPTX_FUSE_READ_FUSE_PREWRITE_FINE_MOS | T12: NV
A13: LPDPTXCMN | B13: OTHER | C13: LPDPTXCMN_LPDPTX_FUSE_PREWRITE_CMN_VREG | S13: NV
A14: LPDPTXCMN | B14: OTHER | C14: LPDPTXCMN_LPDPTX_FUSE_READ_FUSE_PREWRITE_CMN_VREG | T14: NV
A15: LPDPTXCMN | B15: LPDPTXCMNTRIMV2I_MULTIPLE | C15: PP_KMDA0_S_FULP_AN_TXCM_MEA_JTG_CAL_ALLFRV_SI_CMNTRIM_V2I | F15: 27.27 | I15: 27.27 | L15: 27.27 | O15: 27.27 | Q15: NV | S15: NV
A16: LPDPTXCMN | B16: LPDPTXCMNTRIMMOSI_MULTIPLE | C16: PP_KMDA0_S_FULP_AN_TXCM_MEA_JTG_CAL_ALLFRV_SI_CMNTRIM_MOSI | F16: 27.47 | I16: 27.47 | L16: 27.47 | O16: 27.47 | Q16: NV | S16: NV
A17: LPDPTXCMN | B17: LPDPTXCMNTRIMMOSV_MULTIPLE | C17: PP_KMDA0_S_FULP_AN_TXCM_MEA_JTG_CAL_ALLFRV_SI_CMNTRIM_MOSV | F17: 155.04 | I17: 155.04 | L17: 155.04 | O17: 155.04 | Q17: NV | S17: NV
A18: LPDPTXCMN | B18: LPDPTXCMNVREGTRIM_MULTIPLE | C18: PP_KMDA0_S_FULP_AN_TXCM_MEA_JTG_CAL_ALLFRV_SI_CMNTRIM_VREGTRIM | F18: 115.72 | I18: 115.72 | L18: 115.72 | O18: 115.72 | Q18: NV | S18: NV

Sheet AMPCMN
A2: Proposal for TTR | D2: Total (ms) | F2: =SUM(E5:G18) -> 1581.35 | I2: =SUM(H5:J18) -> 1581.35 | L2: =SUM(K5:M18) -> 1581.35 | O2: =SUM(N5:P18) -> 1581.35
E3: CP1 (ms) | H3: CP2 (ms) | K3: FT1 (ms) | N3: FT2 (ms)
A4: Category | B4: SubBlock | C4: Pattern | D4: Run If Fail | E4: LV | F4: NV | G4: HV | H4: LV | I4: NV | J4: HV | K4: LV | L4: NV | M4: HV | N4: LV | O4: NV | P4: HV | Q4: Prod CP1 | R4: Prod CP2 | S4: Prod FT1 | T4: Prod FT2 | U4: Mon | V4: T0Tx | W4: RMA Room | X4: RMA Hot
A5: AMPCMN | B5: OTHER | C5: Relay_On_AMP_RREF_MEAS | F5: 14.85 | I5: 14.85 | L5: 14.85 | O5: 14.85 | Q5: NV,LV,HV | R5: NV,LV,HV | S5: NV,LV,HV | T5: NV,LV,HV | U5: NV,LV,HV | V5: NV,LV,HV | W5: NV,LV,HV | X5: NV,LV,HV
A6: AMPCMN | B6: OTHER | C6: Relay_On_AMP_RREF_NORMAL | F6: 15.61 | I6: 15.61 | L6: 15.61 | O6: 15.61 | Q6: NV,LV,HV | R6: NV,LV,HV | S6: NV,LV,HV | T6: NV,LV,HV | U6: NV,LV,HV | V6: NV,LV,HV | W6: NV,LV,HV | X6: NV,LV,HV
A7: AMPCMN | B7: OTHER | C7: AMPCMN_AMP_FUSE_PREWRITE_CAL_T1 | S7: NV
A8: AMPCMN | B8: OTHER | C8: AMPCMN_AMP_FUSE_READ_CAL_T1 | T8: NV
A9: AMPCMN | B9: OTHER | C9: AMPCMN_AMP_FUSE_PREWRITE_CAL_T2P1 | S9: NV
A10: AMPCMN | B10: OTHER | C10: AMPCMN_AMP_FUSE_READ_CAL_T2P1 | T10: NV
A11: AMPCMN | B11: OTHER | C11: AMPCMN_AMP_FUSE_PREWRITE_CAL_T2P2 | S11: NV
A12: AMPCMN | B12: OTHER | C12: AMPCMN_AMP_FUSE_READ_CAL_T2P2 | T12: NV
A13: AMPCMN | B13: REFGENT1 | C13: PP_KMDA0_S_FULP_AN_DDIO_MEA_JTG_LP5_ALLFRV_SI_REFGEN_T1 | F13: 63.85 | I13: 63.85 | L13: 63.85 | O13: 63.85 | Q13: NV | R13: NV | S13: NV
A14: AMPCMN | B14: REFGENT2P1 | C14: PP_KMDA0_S_FULP_AN_DDIO_MEA_JTG_LP5_ALLFRV_SI_REFGEN_T2P1 | F14: 250.79 | I14: 250.79 | L14: 250.79 | O14: 250.79 | Q14: NV | R14: NV | S14: NV
A15: AMPCMN | B15: REFGENT2P2 | C15: PP_KMDA0_S_FULP_AN_DDIO_MEA_JTG_LP5_ALLFRV_SI_REFGEN_T2P2 | F15: 67.45 | I15: 67.45 | L15: 67.45 | O15: 67.45 | Q15: NV | R15: NV | S15: NV
A16: AMPCMN | B16: REFGENT3 | C16: PP_KMDA0_S_FULP_AN_DDIO_MEA_JTG_LP5_ALLFRV_SI_REFGEN_T3 | F16: 471.31 | I16: 471.31 | L16: 471.31 | O16: 471.31 | Q16: NV | R16: NV | S16: NV
A17: AMPCMN | B17: MNREFGENT4P1 | C17: MN_KMDA0_S_FULP_AN_DDIO_MEA_JTG_LP5_ALLFRV_SI_REFGEN_T4P1 | F17: 339.15 | I17: 339.15 | L17: 339.15 | O17: 339.15 | Q17: NV | R17: NV | S17: NV
A18: AMPCMN | B18: MNREFGENT4P2 | C18: MN_KMDA0_S_FULP_AN_DDIO_MEA_JTG_LP5_ALLFRV_SI_REFGEN_T4P2 | F18: 358.34 | I18: 358.34 | L18: 358.34 | O18: 358.34 | Q18: NV | R18: NV | S18: NV

Sheet PCIEREFPLL
A2: Proposal for TTR | D2: Total (ms) | F2: =SUM(E5:G18) -> 1685.28 | I2: =SUM(H5:J18) -> 1685.28 | L2: =SUM(K5:M18) -> 1685.28 | O2: =SUM(N5:P18) -> 1685.28
E3: CP1 (ms) | H3: CP2 (ms) | K3: FT1 (ms) | N3: FT2 (ms)
A4: Category | B4: SubBlock | C4: Pattern | D4: Run If Fail | E4: LV | F4: NV | G4: HV | H4: LV | I4: NV | J4: HV | K4: LV | L4: NV | M4: HV | N4: LV | O4: NV | P4: HV | Q4: Prod CP1 | R4: Prod CP2 | S4: Prod FT1 | T4: Prod FT2 | U4: Mon | V4: T0Tx | W4: RMA Room | X4: RMA Hot
A5: PCIEREFPLL | B5: CIOPLLT1P1R | C5: PP_KMDA0_C_FULP_AN_AA22_FRQ_JTG_DYC_ALLFRV_SI_CIOPLL_T1P1R | F5: 59.24 | I5: 59.24 | L5: 59.24 | O5: 59.24 | Q5: NV | S5: NV
A6: PCIEREFPLL | B6: OTHER | C6: PCIEREFPLL_T1P1R_FUSE_PREWRITE_CAL | S6: NV
A7: PCIEREFPLL | B7: OTHER | C7: PCIEREFPLL_T1P1R_FUSE_READ_CAL | T7: NV
A8: PCIEREFPLL | B8: CIOPLLT2P1R | C8: PP_KMDA0_C_FULP_AN_AA22_FRQ_JTG_DYC_ALLFRV_SI_CIOPLL_T2P1R | E8: 176.77 | G8: 159.88 | H8: 176.77 | J8: 159.88 | K8: 176.77 | M8: 159.88 | N8: 176.77 | P8: 159.88 | S8: LV
A9: PCIEREFPLL | B9: CIOPLLT2P2R | C9: PP_KMDA0_C_FULP_AN_AA22_FRQ_JTG_DYC_ALLFRV_SI_CIOPLL_T2P2R | E9: 161.87 | G9: 173.04 | H9: 161.87 | J9: 173.04 | K9: 161.87 | M9: 173.04 | N9: 161.87 | P9: 173.04 | T9: LV,HV
A10: PCIEREFPLL | B10: CIOPLLT3P1R | C10: PP_KMDA0_C_FULP_AN_AA22_FRQ_JTG_DYC_ALLFRV_SI_CIOPLL_T3P1R | E10: 300.78 | G10: 276.93 | H10: 300.78 | J10: 276.93 | K10: 300.78 | M10: 276.93 | N10: 300.78 | P10: 276.93 | T10: HV
A11: PCIEREFPLL | B11: CIOPLLT11PR | C11: PP_KMDA0_C_FULP_AN_AA22_FRQ_JTG_DYC_ALLFRV_SI_CIOPLL_T11PR | E11: 171.63 | G11: 166.74 | H11: 171.63 | J11: 166.74 | K11: 171.63 | M11: 166.74 | N11: 171.63 | P11: 166.74 | T11: LV,HV
A12: PCIEREFPLL | B12: CIOPLLT13PR | C12: PP_KMDA0_C_FULP_AN_AA22_FRQ_JTG_DYC_ALLFRV_SI_CIOPLL_T13PR | E12: 18.96 | G12: 19.44 | H12: 18.96 | J12: 19.44 | K12: 18.96 | M12: 19.44 | N12: 18.96 | P12: 19.44 | T12: LV
A13: PCIEREFPLL | B13: MNCIOPLLT1P1R | C13: MN_KMDA0_C_FULP_AN_AA22_FRQ_JTG_DYC_ALLFRV_SI_CIOPLL_T1P1R | U13: LV,HV
A14: PCIEREFPLL | B14: MNCIOPLLT2P1R | C14: MN_KMDA0_C_FULP_AN_AA22_FRQ_JTG_DYC_ALLFRV_SI_CIOPLL_T2P1R | U14: LV,HV
A15: PCIEREFPLL | B15: MNCIOPLLT2P2R | C15: MN_KMDA0_C_FULP_AN_AA22_FRQ_JTG_DYC_ALLFRV_SI_CIOPLL_T2P2R | U15: LV,HV
A16: PCIEREFPLL | B16: MNCIOPLLT10PR | C16: MN_KMDA0_C_FULP_AN_AA22_FRQ_JTG_DYC_ALLFRV_SI_CIOPLL_T10PR | U16: LV,HV
A17: PCIEREFPLL | B17: MNCIOPLLT11PR | C17: MN_KMDA0_C_FULP_AN_AA22_FRQ_JTG_DYC_ALLFRV_SI_CIOPLL_T11PR | U17: LV,HV
A18: PCIEREFPLL | B18: MNCIOPLLT13PR | C18: MN_KMDA0_C_FULP_AN_AA22_FRQ_JTG_DYC_ALLFRV_SI_CIOPLL_T13PR | U18: LV,HV

Sheet PCIEPLL
A2: Proposal for TTR | D2: Total (ms) | F2: =SUM(E5:G32) -> 5381.27 | I2: =SUM(H5:J32) -> 5381.27 | L2: =SUM(K5:M32) -> 5381.27 | O2: =SUM(N5:P32) -> 5381.27
E3: CP1 (ms) | H3: CP2 (ms) | K3: FT1 (ms) | N3: FT2 (ms)
A4: Category | B4: SubBlock | C4: Pattern | D4: HIP_FailRun | E4: LV | F4: NV | G4: HV | H4: LV | I4: NV | J4: HV | K4: LV | L4: NV | M4: HV | N4: LV | O4: NV | P4: HV | Q4: Prod CP1 | R4: Prod CP2 | S4: Prod FT1 | T4: Prod FT2 | U4: Mon | V4: T0Tx | W4: RMA Room | X4: RMA Hot
A5: PCIEPLL | B5: PCIEPLLT1P1 | C5: PP_KMDA0_C_FULP_AN_AA24_DLL_JTG_CAL_ALLFRV_SI_PCIEPLL_T1P1P | F5: 100.01 | I5: 100.01 | L5: 100.01 | O5: 100.01 | Q5: NV | S5: NV
A6: PCIEPLL | B6: OTHER | C6: PCIEPLL_PCIEPLLL_T1P1P_FUSE_PREWRITE_CAL | S6: NV
A7: PCIEPLL | B7: OTHER | C7: PCIEPLL_T1P1P_FUSE_READ_CAL | T7: NV
A8: PCIEPLL | B8: OTHER | C8: PCIEPLL_PCIEPCIEPLLL_T1P2P_FUSE_PREWRITE_CAL | S8: NV
A9: PCIEPLL | B9: OTHER | C9: PCIEPLL_PCIEPCIEPLL_T1P2P_FUSE_READ_CAL | T9: NV
A10: PCIEPLL | B10: PCIEPLLT1P2P | C10: PP_KMDA0_C_FULP_AN_AA24_DLL_JTG_CAL_ALLFRV_SI_PCIEPLL_T1P2P | F10: 101.15 | I10: 101.15 | L10: 101.15 | O10: 101.15 | Q10: NV | S10: NV
A11: PCIEPLL | B11: PCIEPLLT2P4P | C11: PP_KMDA0_C_FULP_AN_AA24_DLL_JTG_VIX_ALLFRV_SI_PCIEPLL_T2P4P | E11: 309.99 | G11: 315.4 | H11: 309.99 | J11: 315.4 | K11: 309.99 | M11: 315.4 | N11: 309.99 | P11: 315.4 | Q11: LV | T11: HV
A12: PCIEPLL | B12: PCIEPLLT3 | C12: PP_KMDA0_C_FULP_AN_AA24_MEA_JTG_IMX_ALLFRV_SI_PCIEPLL_T3 | E12: 716.05 | G12: 701.34 | H12: 716.05 | J12: 701.34 | K12: 716.05 | M12: 701.34 | N12: 716.05 | P12: 701.34 | T12: HV
A13: PCIEPLL | B13: PCIEPLLT11P1P | C13: PP_KMDA0_C_FULP_AN_AA24_FRQ_JTG_COD_ALLFRV_SI_PCIEPLL_T11P1P | E13: 301.59 | G13: 315.52 | H13: 301.59 | J13: 315.52 | K13: 301.59 | M13: 315.52 | N13: 301.59 | P13: 315.52 | S13: LV | T13: HV
A14: PCIEPLL | B14: PCIEPLLT11P2P | C14: PP_KMDA0_C_FULP_AN_AA24_FRQ_JTG_COD_ALLFRV_SI_PCIEPLL_T11P2P | E14: 316.31 | G14: 314.8 | H14: 316.31 | J14: 314.8 | K14: 316.31 | M14: 314.8 | N14: 316.31 | P14: 314.8
A15: PCIEPLL | B15: PCIEPLLT11P3P | C15: PP_KMDA0_C_FULP_AN_AA24_FRQ_JTG_COD_ALLFRV_SI_PCIEPLL_T11P3P | E15: 311.38 | G15: 314.19 | H15: 311.38 | J15: 314.19 | K15: 311.38 | M15: 314.19 | N15: 311.38 | P15: 314.19
A16: PCIEPLL | B16: PCIEPLLT11P4P | C16: PP_KMDA0_C_FULP_AN_AA24_FRQ_JTG_COD_ALLFRV_SI_PCIEPLL_T11P4P | E16: 316.11 | G16: 311.13 | H16: 316.11 | J16: 311.13 | K16: 316.11 | M16: 311.13 | N16: 316.11 | P16: 311.13 | S16: LV | T16: HV
A17: PCIEPLL | B17: PCIEPLLT16 | C17: PP_KMDA0_C_FULP_AN_AA24_FRQ_JTG_COD_ALLFRV_SI_PCIEPLL_T16 | E17: 316.35 | G17: 319.95 | H17: 316.35 | J17: 319.95 | K17: 316.35 | M17: 319.95 | N17: 316.35 | P17: 319.95 | Q17: LV | T17: HV
A18: PCIEPLL | B18: MNPCIEPLLT1P1P | C18: MN_KMDA0_C_FULP_AN_AA24_DLL_JTG_CAL_ALLFRV_SI_PCIEPLL_T1P1P | U18: LV,HV
A19: PCIEPLL | B19: MNPCIEPLLT1P2P | C19: MN_KMDA0_C_FULP_AN_AA24_DLL_JTG_CAL_ALLFRV_SI_PCIEPLL_T1P2P | U19: LV,HV
A20: PCIEPLL | B20: MNPCIEPLLT2P1P | C20: MN_KMDA0_C_FULP_AN_AA24_DLL_JTG_VIX_ALLFRV_SI_PCIEPLL_T2P1P | U20: LV,HV
A21: PCIEPLL | B21: MNPCIEPLLT2P2P | C21: MN_KMDA0_C_FULP_AN_AA24_DLL_JTG_VIX_ALLFRV_SI_PCIEPLL_T2P2P | U21: LV,HV
A22: PCIEPLL | B22: MNPCIEPLLT2P3P | C22: MN_KMDA0_C_FULP_AN_AA24_DLL_JTG_VIX_ALLFRV_SI_PCIEPLL_T2P3P | U22: LV,HV
A23: PCIEPLL | B23: MNPCIEPLLT2P4P | C23: MN_KMDA0_C_FULP_AN_AA24_DLL_JTG_VIX_ALLFRV_SI_PCIEPLL_T2P4P | U23: LV,HV
A24: PCIEPLL | B24: MNPCIEPLLT3 | C24: MN_KMDA0_C_FULP_AN_AA24_MEA_JTG_IMX_ALLFRV_SI_PCIEPLL_T3 | U24: LV,HV
A25: PCIEPLL | B25: MNPCIEPLLT10P2P | C25: MN_KMDA0_C_FULP_AN_AA24_FRQ_JTG_COD_ALLFRV_SI_PCIEPLL_T10P2P | U25: LV,HV
A26: PCIEPLL | B26: MNPCIEPLLT11P1P | C26: MN_KMDA0_C_FULP_AN_AA24_FRQ_JTG_COD_ALLFRV_SI_PCIEPLL_T11P1P | U26: LV,HV
A27: PCIEPLL | B27: MNPCIEPLLT11P2P | C27: MN_KMDA0_C_FULP_AN_AA24_FRQ_JTG_COD_ALLFRV_SI_PCIEPLL_T11P2P | U27: LV,HV
A28: PCIEPLL | B28: MNPCIEPLLT11P3P | C28: MN_KMDA0_C_FULP_AN_AA24_FRQ_JTG_COD_ALLFRV_SI_PCIEPLL_T11P3P | U28: LV,HV
A29: PCIEPLL | B29: MNPCIEPLLT11P4P | C29: MN_KMDA0_C_FULP_AN_AA24_FRQ_JTG_COD_ALLFRV_SI_PCIEPLL_T11P4P | U29: LV,HV
... A32: PCIEPLL | B32: MNPCIEPLLT16 | C32: MN_KMDA0_C_FULP_AN_AA24_FRQ_JTG_COD_ALLFRV_SI_PCIEPLL_T16 | U32: LV,HV

Sheet CIOCIOPLL
A2: Proposal for TTR | D2: Total (ms) | F2: =SUM(E5:G47) -> 4739.75 | I2: =SUM(H5:J47) -> 4739.75 | L2: =SUM(K5:M47) -> 4739.75 | O2: =SUM(N5:P47) -> 4739.75
E3: CP1 (ms) | H3: CP2 (ms) | K3: FT1 (ms) | N3: FT2 (ms)
A4: Category | B4: SubBlock | C4: Pattern | D4: HIP_FailRun | E4: LV | F4: NV | G4: HV | H4: LV | I4: NV | J4: HV | K4: LV | L4: NV | M4: HV | N4: LV | O4: NV | P4: HV | Q4: Prod CP1 | R4: Prod CP2 | S4: Prod FT1 | T4: Prod FT2 | U4: Mon | V4: T0Tx | W4: RMA Room | X4: RMA Hot
A5: CIOCIOPLL | B5: CIOPLLT1P1U | C5: PP_KMDA0_C_FULP_AN_AA10_DLL_JTG_VIX_ALLFRV_SI_CIOPLL_T1P1U | F5: 188 | I5: 188 | L5: 188 | O5: 188 | Q5: NV | S5: NV
A6: CIOCIOPLL | B6: OTHER | C6: CIOCIOPLL_T1P1U_FUSE_PREWRITE_CAL | S6: NV
A7: CIOCIOPLL | B7: OTHER | C7: CIOCIOPLL_T1P1U_FUSE_READ_CAL | T7: NV
A8: CIOCIOPLL | B8: CIOPLLT1P2C80 | C8: PP_KMDA0_C_FULP_AN_AA10_DLL_JTG_VIX_ALLFRV_SI_CIOPLL_T1P2C80 | F8: 183.52 | I8: 183.52 | L8: 183.52 | O8: 183.52 | S8: NV | T8: NV
A9: CIOCIOPLL | B9: CIOPLLT2P1U | C9: PP_KMDA0_C_FULP_AN_AA10_DLL_JTG_VIX_ALLFRV_SI_CIOPLL_T2P1U | E9: 188.54 | G9: 180.88 | H9: 188.54 | J9: 180.88 | K9: 188.54 | M9: 180.88 | N9: 188.54 | P9: 180.88 | Q9: HV
A10: CIOCIOPLL | B10: CIOPLLT2P3U | C10: PP_KMDA0_C_FULP_AN_AA10_DLL_JTG_VIX_ALLFRV_SI_CIOPLL_T2P3U | E10: 175.11 | G10: 188.21 | H10: 175.11 | J10: 188.21 | K10: 175.11 | M10: 188.21 | N10: 175.11 | P10: 188.21 | S10: HV
A11: CIOCIOPLL | B11: CIOPLLT2P6U | C11: PP_KMDA0_C_FULP_AN_AA10_DLL_JTG_VIX_ALLFRV_SI_CIOPLL_T2P6U | E11: 187.97 | G11: 188.01 | H11: 187.97 | J11: 188.01 | K11: 187.97 | M11: 188.01 | N11: 187.97 | P11: 188.01 | T11: LV
A12: CIOCIOPLL | B12: CIOPLLT2P2CL | C12: PP_KMDA0_C_FULP_AN_AA10_DLL_JTG_VIX_ALLFRV_SI_CIOPLL_T2P2CL | E12: 189.51 | G12: 174.4 | H12: 189.51 | J12: 174.4 | K12: 189.51 | M12: 174.4 | N12: 189.51 | P12: 174.4 | T12: HV
A13: CIOCIOPLL | B13: CIOPLLT2P4CL | C13: PP_KMDA0_C_FULP_AN_AA10_DLL_JTG_VIX_ALLFRV_SI_CIOPLL_T2P4CL | E13: 187.69 | G13: 189.71 | H13: 187.69 | J13: 189.71 | K13: 187.69 | M13: 189.71 | N13: 187.69 | P13: 189.71 | Q13: LV
A14: CIOCIOPLL | B14: CIOPLLT2P1C80 | C14: PP_KMDA0_C_FULP_AN_AA10_DLL_JTG_VIX_ALLFRV_SI_CIOPLL_T2P1C80 | E14: 174.41 | G14: 189.27 | H14: 174.41 | J14: 189.27 | K14: 174.41 | M14: 189.27 | N14: 174.41 | P14: 189.27 | T14: LV,HV
A15: CIOCIOPLL | B15: CIOPLLT2P2C80 | C15: PP_KMDA0_C_FULP_AN_AA10_DLL_JTG_VIX_ALLFRV_SI_CIOPLL_T2P2C80 | E15: 187.96 | G15: 174.45 | H15: 187.96 | J15: 174.45 | K15: 187.96 | M15: 174.45 | N15: 187.96 | P15: 174.45 | Q15: LV
A16: CIOCIOPLL | B16: CIOPLLT3P1U | C16: PP_KMDA0_C_FULP_AN_AA10_MEA_JTG_IMX_ALLFRV_SI_CIOPLL_T3P1U | E16: 270.53 | G16: 261.73 | H16: 270.53 | J16: 261.73 | K16: 270.53 | M16: 261.73 | N16: 270.53 | P16: 261.73 | T16: HV
A17: CIOCIOPLL | B17: CIOPLLT11P3U | C17: PP_KMDA0_C_FULP_AN_AA10_MEA_JTG_VIX_ALLFRV_SI_CIOPLL_T11P3U | E17: 176.09 | G17: 195.72 | H17: 176.09 | J17: 195.72 | K17: 176.09 | M17: 195.72 | N17: 176.09 | P17: 195.72 | S17: HV
A18: CIOCIOPLL | B18: CIOPLLT11P2CL | C18: PP_KMDA0_C_FULP_AN_AA10_MEA_JTG_VIX_ALLFRV_SI_CIOPLL_T11P2CL | E18: 188.3 | G18: 186.58 | H18: 188.3 | J18: 186.58 | K18: 188.3 | M18: 186.58 | N18: 188.3 | P18: 186.58 | T18: HV
A19: CIOCIOPLL | B19: CIOPLLT11PC80 | C19: PP_KMDA0_C_FULP_AN_AA10_MEA_JTG_VIX_ALLFRV_SI_CIOPLL_T11PC80 | E19: 188.15 | G19: 180.03 | H19: 188.15 | J19: 180.03 | K19: 188.15 | M19: 180.03 | N19: 188.15 | P19: 180.03 | T19: LV,HV
A20: CIOCIOPLL | B20: CIOPLLT13PU | C20: PP_KMDA0_C_FULP_AN_AA10_MEA_JTG_VIX_ALLFRV_SI_CIOPLL_T13PU | E20: 22.94 | G20: 24.55 | H20: 22.94 | J20: 24.55 | K20: 22.94 | M20: 24.55 | N20: 22.94 | P20: 24.55 | S20: HV
A21: CIOCIOPLL | B21: CIOPLLT13PCL | C21: PP_KMDA0_C_FULP_AN_AA10_MEA_JTG_VIX_ALLFRV_SI_CIOPLL_T13PCL | E21: 21.65 | G21: 34.6 | H21: 21.65 | J21: 34.6 | K21: 21.65 | M21: 34.6 | N21: 21.65 | P21: 34.6 | T21: HV
A22: CIOCIOPLL | B22: CIOPLLT13PC80 | C22: PP_KMDA0_C_FULP_AN_AA10_MEA_JTG_VIX_ALLFRV_SI_CIOPLL_T13PC80 | E22: 21.66 | G22: 19.58 | H22: 21.66 | J22: 19.58 | K22: 21.66 | M22: 19.58 | N22: 21.66 | P22: 19.58 | T22: LV
A23: CIOCIOPLL | B23: MNCIOPLLT1P1U | C23: MN_KMDA0_C_FULP_AN_AA10_DLL_JTG_VIX_ALLFRV_SI_CIOPLL_T1P1U | U23: LV,HV
A24: CIOCIOPLL | B24: MNCIOPLLT1P2C80 | C24: MN_KMDA0_C_FULP_AN_AA10_DLL_JTG_VIX_ALLFRV_SI_CIOPLL_T1P2C80 | U24: LV,HV
A25: CIOCIOPLL | B25: MNCIOPLLT2P1U | C25: MN_KMDA0_C_FULP_AN_AA10_DLL_JTG_VIX_ALLFRV_SI_CIOPLL_T2P1U | U25: LV,HV
A26: CIOCIOPLL | B26: MNCIOPLLT2P2U | C26: MN_KMDA0_C_FULP_AN_AA10_DLL_JTG_VIX_ALLFRV_SI_CIOPLL_T2P2U | U26: LV,HV
A27: CIOCIOPLL | B27: MNCIOPLLT2P3U | C27: MN_KMDA0_C_FULP_AN_AA10_DLL_JTG_VIX_ALLFRV_SI_CIOPLL_T2P3U | U27: LV,HV
A28: CIOCIOPLL | B28: MNCIOPLLT2P4U | C28: MN_KMDA0_C_FULP_AN_AA10_DLL_JTG_VIX_ALLFRV_SI_CIOPLL_T2P4U | U28: LV,HV
A29: CIOCIOPLL | B29: MNCIOPLLT2P5U | C29: MN_KMDA0_C_FULP_AN_AA10_DLL_JTG_VIX_ALLFRV_SI_CIOPLL_T2P5U | U29: LV,HV
A30: CIOCIOPLL | B30: MNCIOPLLT2P6U | C30: MN_KMDA0_C_FULP_AN_AA10_DLL_JTG_VIX_ALLFRV_SI_CIOPLL_T2P6U | U30: LV,HV
A31: CIOCIOPLL | B31: MNCIOPLLT2P1CL | C31: MN_KMDA0_C_FULP_AN_AA10_DLL_JTG_VIX_ALLFRV_SI_CIOPLL_T2P1CL | U31: LV,HV
A32: CIOCIOPLL | B32: MNCIOPLLT2P2CL | C32: MN_KMDA0_C_FULP_AN_AA10_DLL_JTG_VIX_ALLFRV_SI_CIOPLL_T2P2CL | U32: LV,HV
A33: CIOCIOPLL | B33: MNCIOPLLT2P3CL | C33: MN_KMDA0_C_FULP_AN_AA10_DLL_JTG_VIX_ALLFRV_SI_CIOPLL_T2P3CL | U33: LV,HV
A34: CIOCIOPLL | B34: MNCIOPLLT2P4CL | C34: MN_KMDA0_C_FULP_AN_AA10_DLL_JTG_VIX_ALLFRV_SI_CIOPLL_T2P4CL | U34: LV,HV
... A47: CIOCIOPLL | B47: MNCIOPLLT13PC80 | C47: MN_KMDA0_C_FULP_AN_AA10_MEA_JTG_VIX_ALLFRV_SI_CIOPLL_T13PC80 | U47: LV,HV

Sheet CIODPPLL
A2: Proposal for TTR | D2: Total (ms) | F2: =SUM(E5:G27) -> 2176.71 | I2: =SUM(H5:J27) -> 2176.71 | L2: =SUM(K5:M27) -> 2176.71 | O2: =SUM(N5:P27) -> 2176.71
E3: CP1 (ms) | H3: CP2 (ms) | K3: FT1 (ms) | N3: FT2 (ms)
A4: Category | B4: SubBlock | C4: Pattern | D4: Run If Fail | E4: LV | F4: NV | G4: HV | H4: LV | I4: NV | J4: HV | K4: LV | L4: NV | M4: HV | N4: LV | O4: NV | P4: HV | Q4: Prod CP1 | R4: Prod CP2 | S4: Prod FT1 | T4: Prod FT2 | U4: Mon | V4: T0Tx | W4: RMA Room | X4: RMA Hot
A5: CIODPPLL | B5: DPPLLT2P1C | C5: PP_KMDA0_C_FULP_AN_AA10_DLL_JTG_VIX_ALLFRV_SI_DPPLL_T2P1C | E5: 178.13 | G5: 181.58 | H5: 178.13 | J5: 181.58 | K5: 178.13 | M5: 181.58 | N5: 178.13 | P5: 181.58 | Q5: LV
A6: CIODPPLL | B6: DPPLLT2P3C | C6: PP_KMDA0_C_FULP_AN_AA10_DLL_JTG_VIX_ALLFRV_SI_DPPLL_T2P3C | E6: 192.47 | G6: 175.37 | H6: 192.47 | J6: 175.37 | K6: 192.47 | M6: 175.37 | N6: 192.47 | P6: 175.37 | S6: LV
A7: CIODPPLL | B7: DPPLLT2P19C | C7: PP_KMDA0_C_FULP_AN_AA10_DLL_JTG_VIX_ALLFRV_SI_DPPLL_T2P19C | E7: 184.44 | G7: 181.03 | H7: 184.44 | J7: 181.03 | K7: 184.44 | M7: 181.03 | N7: 184.44 | P7: 181.03 | T7: LV
A8: CIODPPLL | B8: DPPLLT2P20C | C8: PP_KMDA0_C_FULP_AN_AA10_DLL_JTG_VIX_ALLFRV_SI_DPPLL_T2P20C | E8: 190.05 | G8: 190.83 | H8: 190.05 | J8: 190.83 | K8: 190.05 | M8: 190.83 | N8: 190.05 | P8: 190.83 | Q8: HV | T8: HV
A9: CIODPPLL | B9: DPPLLT3 | C9: PP_KMDA0_C_FULP_AN_AA10_MEA_JTG_IMX_ALLFRV_SI_DPPLL_T3 | E9: 194.88 | G9: 194.3 | H9: 194.88 | J9: 194.3 | K9: 194.88 | M9: 194.3 | N9: 194.88 | P9: 194.3 | T9: HV
A10: CIODPPLL | B10: DPPLLT13P1C | C10: PP_KMDA0_C_FULP_AN_AA10_MEA_JTG_VIX_ALLFRV_SI_DPPLL_T13P1C | E10: 22.53 | G10: 25.15 | H10: 22.53 | J10: 25.15 | K10: 22.53 | M10: 25.15 | N10: 22.53 | P10: 25.15 | S10: LV
A11: CIODPPLL | B11: DPPLLT13P2C | C11: PP_KMDA0_C_FULP_AN_AA10_MEA_JTG_VIX_ALLFRV_SI_DPPLL_T13P2C | E11: 22.15 | G11: 21.85 | H11: 22.15 | J11: 21.85 | K11: 22.15 | M11: 21.85 | N11: 22.15 | P11: 21.85
A12: CIODPPLL | B12: DPPLLT16 | C12: PP_KMDA0_C_FULP_AN_AA10_DLL_JTG_VIX_ALLFRV_SI_DPPLL_T16 | E12: 44.75 | G12: 59.96 | H12: 44.75 | J12: 59.96 | K12: 44.75 | M12: 59.96 | N12: 44.75 | P12: 59.96 | S12: HV
A13: CIODPPLL | B13: MNDPPLLT0 | C13: MN_KMDA0_C_FULP_AN_AA10_DLL_JTG_VIX_ALLFRV_SI_DPPLL_T0 | E13: 67.74 | G13: 49.5 | H13: 67.74 | J13: 49.5 | K13: 67.74 | M13: 49.5 | N13: 67.74 | P13: 49.5
A14: CIODPPLL | B14: MNDPPLLT1P1C | C14: MN_KMDA0_C_FULP_AN_AA10_DLL_JTG_CAL_ALLFRV_SI_DPPLL_T1P1C | U14: LV,HV
A15: CIODPPLL | B15: MNDPPLLT2P1C | C15: MN_KMDA0_C_FULP_AN_AA10_DLL_JTG_VIX_ALLFRV_SI_DPPLL_T2P1C | U15: LV,HV
A16: CIODPPLL | B16: MNDPPLLT2P2C | C16: MN_KMDA0_C_FULP_AN_AA10_DLL_JTG_VIX_ALLFRV_SI_DPPLL_T2P2C | U16: LV,HV
A17: CIODPPLL | B17: MNDPPLLT2P3C | C17: MN_KMDA0_C_FULP_AN_AA10_DLL_JTG_VIX_ALLFRV_SI_DPPLL_T2P3C | U17: LV,HV
A18: CIODPPLL | B18: MNDPPLLT2P4C | C18: MN_KMDA0_C_FULP_AN_AA10_DLL_JTG_VIX_ALLFRV_SI_DPPLL_T2P4C | U18: LV,HV
A19: CIODPPLL | B19: MNDPPLLT2P19C | C19: MN_KMDA0_C_FULP_AN_AA10_DLL_JTG_VIX_ALLFRV_SI_DPPLL_T2P19C | U19: LV,HV
A20: CIODPPLL | B20: MNDPPLLT2P20C | C20: MN_KMDA0_C_FULP_AN_AA10_DLL_JTG_VIX_ALLFRV_SI_DPPLL_T2P20C | U20: LV,HV
A21: CIODPPLL | B21: MNDPPLLT3 | C21: MN_KMDA0_C_FULP_AN_AA10_MEA_JTG_IMX_ALLFRV_SI_DPPLL_T3 | U21: LV,HV
A22: CIODPPLL | B22: MNDPPLLT12P1C | C22: MN_KMDA0_C_FULP_AN_AA10_DLL_JTG_VIX_ALLFRV_SI_DPPLL_T12P1C | U22: LV,HV
A23: CIODPPLL | B23: MNDPPLLT12P2C | C23: MN_KMDA0_C_FULP_AN_AA10_DLL_JTG_VIX_ALLFRV_SI_DPPLL_T12P2C | U23: LV,HV
A24: CIODPPLL | B24: MNDPPLLT12P3C | C24: MN_KMDA0_C_FULP_AN_AA10_DLL_JTG_VIX_ALLFRV_SI_DPPLL_T12P3C | U24: LV,HV
A25: CIODPPLL | B25: MNDPPLLT12P4C | C25: MN_KMDA0_C_FULP_AN_AA10_DLL_JTG_VIX_ALLFRV_SI_DPPLL_T12P4C | U25: LV,HV
... A27: CIODPPLL | B27: MNDPPLLT12P20C | C27: MN_KMDA0_C_FULP_AN_AA10_DLL_JTG_VIX_ALLFRV_SI_DPPLL_T12P20C | U27: LV,HV

Sheet LPDPDPPLL
A2: Proposal for TTR | D2: Total (ms) | F2: =SUM(E5:G46) -> 2243.3 | I2: =SUM(H5:J46) -> 2243.3 | L2: =SUM(K5:M46) -> 2243.3 | O2: =SUM(N5:P46) -> 2243.3
E3: CP1 (ms) | H3: CP2 (ms) | K3: FT1 (ms) | N3: FT2 (ms)
A4: Category | B4: SubBlock | C4: Pattern | D4: HIP_FailRun | E4: LV | F4: NV | G4: HV | H4: LV | I4: NV | J4: HV | K4: LV | L4: NV | M4: HV | N4: LV | O4: NV | P4: HV | Q4: Prod CP1 | R4: Prod CP2 | S4: Prod FT1 | T4: Prod FT2 | U4: Mon | V4: T0Tx | W4: RMA Room | X4: RMA Hot
A5: LPDPDPPLL | B5: DPPLLT2P1L | C5: PP_KMDA0_C_FULP_AN_AA23_DLL_JTG_VIX_ALLFRV_SI_DPPLL_T2P1L | E5: 170.87 | G5: 154.97 | H5: 170.87 | J5: 154.97 | K5: 170.87 | M5: 154.97 | N5: 170.87 | P5: 154.97 | Q5: LV
A6: LPDPDPPLL | B6: DPPLLT2P6L | C6: PP_KMDA0_C_FULP_AN_AA23_DLL_JTG_VIX_ALLFRV_SI_DPPLL_T2P6L | E6: 154.89 | G6: 167.94 | H6: 154.89 | J6: 167.94 | K6: 154.89 | M6: 167.94 | N6: 154.89 | P6: 167.94 | S6: LV
A7: LPDPDPPLL | B7: DPPLLT2P9L | C7: PP_KMDA0_C_FULP_AN_AA23_DLL_JTG_VIX_ALLFRV_SI_DPPLL_T2P9L | E7: 168.07 | G7: 154.49 | H7: 168.07 | J7: 154.49 | K7: 168.07 | M7: 154.49 | N7: 168.07 | P7: 154.49
A8: LPDPDPPLL | B8: DPPLLT2P19L | C8: PP_KMDA0_C_FULP_AN_AA23_DLL_JTG_VIX_ALLFRV_SI_DPPLL_T2P19L | E8: 155.1 | G8: 168.34 | H8: 155.1 | J8: 168.34 | K8: 155.1 | M8: 168.34 | N8: 155.1 | P8: 168.34 | T8: LV
A9: LPDPDPPLL | B9: DPPLLT2P20L | C9: PP_KMDA0_C_FULP_AN_AA23_DLL_JTG_VIX_ALLFRV_SI_DPPLL_T2P20L | E9: 179.71 | G9: 165.4 | H9: 179.71 | J9: 165.4 | K9: 179.71 | M9: 165.4 | N9: 179.71 | P9: 165.4 | Q9: HV | T9: HV
A10: LPDPDPPLL | B10: DPPLLT3 | C10: PP_KMDA0_C_FULP_AN_AA23_MEA_JTG_IMX_ALLFRV_SI_DPPLL_T3 | E10: 216.41 | G10: 232.33 | H10: 216.41 | J10: 232.33 | K10: 216.41 | M10: 232.33 | N10: 216.41 | P10: 232.33 | T10: HV
A11: LPDPDPPLL | B11: DPPLLT13P1L | C11: PP_KMDA0_C_FULP_AN_AA23_MEA_JTG_VIX_ALLFRV_SI_DPPLL_T13P1L | E11: 20.44 | G11: 21.65 | H11: 20.44 | J11: 21.65 | K11: 20.44 | M11: 21.65 | N11: 20.44 | P11: 21.65 | S11: LV
A12: LPDPDPPLL | B12: DPPLLT13P2L | C12: PP_KMDA0_C_FULP_AN_AA23_MEA_JTG_VIX_ALLFRV_SI_DPPLL_T13P2L | E12: 16.94 | G12: 16.49 | H12: 16.94 | J12: 16.49 | K12: 16.94 | M12: 16.49 | N12: 16.94 | P12: 16.49
A13: LPDPDPPLL | B13: DPPLLT16 | C13: PP_KMDA0_C_FULP_AN_AA23_MEA_JTG_VMX_ALLFRV_SI_DPPLL_T16 | E13: 47.65 | G13: 31.61 | H13: 47.65 | J13: 31.61 | K13: 47.65 | M13: 31.61 | N13: 47.65 | P13: 31.61 | S13: HV
A14: LPDPDPPLL | B14: MNDPPLLT0 | C14: MN_KMDA0_C_FULP_AN_AA23_DLL_JTG_VIX_ALLFRV_SI_DPPLL_T0 | U14: LV,HV
A15: LPDPDPPLL | B15: MNDPPLLT1P1L | C15: MN_KMDA0_C_FULP_AN_AA23_DLL_JTG_CAL_ALLFRV_SI_DPPLL_T1P1L | U15: LV,HV
A16: LPDPDPPLL | B16: MNDPPLLT2P1L | C16: MN_KMDA0_C_FULP_AN_AA23_DLL_JTG_VIX_ALLFRV_SI_DPPLL_T2P1L | U16: LV,HV
A17: LPDPDPPLL | B17: MNDPPLLT2P2L | C17: MN_KMDA0_C_FULP_AN_AA23_DLL_JTG_VIX_ALLFRV_SI_DPPLL_T2P2L | U17: LV,HV
A18: LPDPDPPLL | B18: MNDPPLLT2P3L | C18: MN_KMDA0_C_FULP_AN_AA23_DLL_JTG_VIX_ALLFRV_SI_DPPLL_T2P3L | U18: LV,HV
A19: LPDPDPPLL | B19: MNDPPLLT2P4L | C19: MN_KMDA0_C_FULP_AN_AA23_DLL_JTG_VIX_ALLFRV_SI_DPPLL_T2P4L | U19: LV,HV
A20: LPDPDPPLL | B20: MNDPPLLT2P5L | C20: MN_KMDA0_C_FULP_AN_AA23_DLL_JTG_VIX_ALLFRV_SI_DPPLL_T2P5L | U20: LV,HV
A21: LPDPDPPLL | B21: MNDPPLLT2P6L | C21: MN_KMDA0_C_FULP_AN_AA23_DLL_JTG_VIX_ALLFRV_SI_DPPLL_T2P6L | U21: LV,HV
A22: LPDPDPPLL | B22: MNDPPLLT2P7L | C22: MN_KMDA0_C_FULP_AN_AA23_DLL_JTG_VIX_ALLFRV_SI_DPPLL_T2P7L | U22: LV,HV
A23: LPDPDPPLL | B23: MNDPPLLT2P8L | C23: MN_KMDA0_C_FULP_AN_AA23_DLL_JTG_VIX_ALLFRV_SI_DPPLL_T2P8L | U23: LV,HV
A24: LPDPDPPLL | B24: MNDPPLLT2P9L | C24: MN_KMDA0_C_FULP_AN_AA23_DLL_JTG_VIX_ALLFRV_SI_DPPLL_T2P9L | U24: LV,HV
A25: LPDPDPPLL | B25: MNDPPLLT2P10L | C25: MN_KMDA0_C_FULP_AN_AA23_DLL_JTG_VIX_ALLFRV_SI_DPPLL_T2P10L | U25: LV,HV
... A46: LPDPDPPLL | B46: MNDPPLLT12P20L | C46: MN_KMDA0_C_FULP_AN_AA23_MEA_JTG_DYC_ALLFRV_SI_DPPLL_T12P20L | U46: LV,HV

Sheet LPDDRPLL
A2: Proposal for TTR | D2: Total (ms) | F2: =SUM(E5:G63) -> 7164.77 | I2: =SUM(H5:J63) -> 7164.77 | L2: =SUM(K5:M63) -> 7164.77 | O2: =SUM(N5:P63) -> 7164.77
E3: CP1 (ms) | H3: CP2 (ms) | K3: FT1 (ms) | N3: FT2 (ms)
A4: Category | B4: SubBlock | C4: Pattern | D4: HIP_FailRun | E4: LV | F4: NV | G4: HV | H4: LV | I4: NV | J4: HV | K4: LV | L4: NV | M4: HV | N4: LV | O4: NV | P4: HV | Q4: Prod CP1 | R4: Prod CP2 | S4: Prod FT1 | T4: Prod FT2 | U4: Mon | V4: T0Tx | W4: RMA Room | X4: RMA Hot
A5: LPDDRPLL | B5: FCALT1P1G | C5: PP_KMDA0_S_FULP_AN_AAL6_MEA_JTG_LP5_ALLFRV_SI_FCAL_T1P1G | F5: 205.95 | I5: 205.95 | L5: 205.95 | O5: 205.95 | Q5: NV | R5: NV | S5: NV
A6: LPDDRPLL | B6: OTHER | C6: LPDDRPLL_T1P1G_FUSE_PREWRITE_CAL | S6: NV
A7: LPDDRPLL | B7: OTHER | C7: LPDDRPLL_T1P1G_FUSE_READ_CAL | T7: NV
A8: LPDDRPLL | B8: OTHER | C8: RELAYON_KM1_KM5_KM9_KM13_KM17_KM21_KM25_KM29_RELAYOFF_KM3_KM7_KM11_KM15_KM19_KM23_KM27_KM31 | F8: 66.52 | I8: 66.52 | L8: 66.52 | O8: 66.52 | Q8: NV,LV,HV | R8: NV,LV,HV | S8: NV,LV,HV | T8: NV,LV,HV | U8: NV,LV,HV | V8: NV,LV,HV | W8: NV,LV,HV | X8: NV,LV,HV
A9: LPDDRPLL | B9: OTHER | C9: RELAYON_KM3_KM7_KM11_KM15_KM19_KM23_KM27_KM31_RELAYOFF_KM1_KM5_KM9_KM13_KM17_KM21_KM25_KM29 | F9: 71.63 | I9: 71.63 | L9: 71.63 | O9: 71.63 | Q9: NV,LV,HV | R9: NV,LV,HV | S9: NV,LV,HV | T9: NV,LV,HV | U9: NV,LV,HV | V9: NV,LV,HV | W9: NV,LV,HV | X9: NV,LV,HV
A10: LPDDRPLL | B10: LP5FBYPT4P9G | C10: PP_KMDA0_S_FULP_AN_AAL6_MEA_JTG_LP5_ALLFRV_SI_LP5FBYP_T4P9G | S10: LV,HV | T10: LV,HV
A11: LPDDRPLL | B11: LP5FBYPT4P1G | C11: PP_KMDA0_S_FULP_AN_AAL6_MEA_JTG_LP5_ALLFRV_SI_LP5FBYP_T4P1G | S11: LV,HV | T11: LV,HV
A12: LPDDRPLL | B12: LP5F1T2P1G | C12: PP_KMDA0_S_FULP_AN_AAL6_MEA_JTG_LP5_ALLFRV_SI_LP5F1_T2P1G | E12: 252.6 | G12: 266.81 | H12: 252.6 | J12: 266.81 | K12: 252.6 | M12: 266.81 | N12: 252.6 | P12: 266.81 | Q12: LV | T12: HV
A13: LPDDRPLL | B13: LP5F2T2P2G | C13: PP_KMDA0_S_FULP_AN_AAL6_MEA_JTG_LP5_ALLFRV_SI_LP5F2_T2P2G | E13: 252.99 | G13: 257.23 | H13: 252.99 | J13: 257.23 | K13: 252.99 | M13: 257.23 | N13: 252.99 | P13: 257.23
A14: LPDDRPLL | B14: LP5F3T2P3G | C14: PP_KMDA0_S_FULP_AN_AAL6_MEA_JTG_LP5_ALLFRV_SI_LP5F3_T2P3G | E14: 252.66 | G14: 259.59 | H14: 252.66 | J14: 259.59 | K14: 252.66 | M14: 259.59 | N14: 252.66 | P14: 259.59 | T14: LV
A15: LPDDRPLL | B15: LP5F4T2P4G | C15: PP_KMDA0_S_FULP_AN_AAL6_MEA_JTG_LP5_ALLFRV_SI_LP5F4_T2P4G | E15: 271.24 | G15: 252.16 | H15: 271.24 | J15: 252.16 | K15: 271.24 | M15: 252.16 | N15: 271.24 | P15: 252.16 | S15: LV
A16: LPDDRPLL | B16: LP5F5T2P5G | C16: PP_KMDA0_S_FULP_AN_AAL6_MEA_JTG_LP5_ALLFRV_SI_LP5F5_T2P5G | E16: 240.85 | G16: 255.84 | H16: 240.85 | J16: 255.84 | K16: 240.85 | M16: 255.84 | N16: 240.85 | P16: 255.84
A17: LPDDRPLL | B17: LP5F6T2P6G | C17: PP_KMDA0_S_FULP_AN_AAL6_MEA_JTG_LP5_ALLFRV_SI_LP5F6_T2P6G | E17: 272.04 | G17: 248.79 | H17: 272.04 | J17: 248.79 | K17: 272.04 | M17: 248.79 | N17: 272.04 | P17: 248.79
A18: LPDDRPLL | B18: LP5F7T2P7G | C18: PP_KMDA0_S_FULP_AN_AAL6_MEA_JTG_LP5_ALLFRV_SI_LP5F7_T2P7G | E18: 257.33 | G18: 252.22 | H18: 257.33 | J18: 252.22 | K18: 257.33 | M18: 252.22 | N18: 257.33 | P18: 252.22
A19: LPDDRPLL | B19: LP5F8T2P8G | C19: PP_KMDA0_S_FULP_AN_AAL6_MEA_JTG_LP5_ALLFRV_SI_LP5F8_T2P8G | E19: 259.89 | G19: 267.73 | H19: 259.89 | J19: 267.73 | K19: 259.89 | M19: 267.73 | N19: 259.89 | P19: 267.73
A20: LPDDRPLL | B20: LP5F9T2P9G | C20: PP_KMDA0_S_FULP_AN_AAL6_MEA_JTG_LP5_ALLFRV_SI_LP5F9_T2P9G | E20: 265.48 | G20: 251.96 | H20: 265.48 | J20: 251.96 | K20: 265.48 | M20: 251.96 | N20: 265.48 | P20: 251.96 | Q20: LV | T20: HV
A21: LPDDRPLL | B21: LP5CURRT3 | C21: PP_KMDA0_S_FULP_AN_AAL6_MEA_JTG_LP5_ALLFRV_SI_LP5CURR_T3 | E21: 415.34 | G21: 405.17 | H21: 415.34 | J21: 405.17 | K21: 415.34 | M21: 405.17 | N21: 415.34 | P21: 405.17 | T21: HV
A22: LPDDRPLL | B22: LP5F1PLDT13P1G | C22: PP_KMDA0_S_FULP_AN_AAL6_LP5_JTG_LP5_ALLFRV_SI_LP5F1PLD_T13P1G | E22: 69.23 | G22: 51.39 | H22: 69.23 | J22: 51.39 | K22: 69.23 | M22: 51.39 | N22: 69.23 | P22: 51.39 | T22: LV
A23: LPDDRPLL | B23: LP5F5PLDT13P5G | C23: PP_KMDA0_S_FULP_AN_AAL6_LP5_JTG_LP5_ALLFRV_SI_LP5F5PLD_T13P5G | E23: 53.08 | G23: 69.1 | H23: 53.08 | J23: 69.1 | K23: 53.08 | M23: 69.1 | N23: 53.08 | P23: 69.1
A24: LPDDRPLL | B24: LP5F8PLDT13P8G | C24: PP_KMDA0_S_FULP_AN_AAL6_LP5_JTG_LP5_ALLFRV_SI_LP5F8PLD_T13P8G | E24: 66.65 | G24: 50.75 | H24: 66.65 | J24: 50.75 | K24: 66.65 | M24: 50.75 | N24: 66.65 | P24: 50.75
A25: LPDDRPLL | B25: LP5F9PLDT13P9G | C25: PP_KMDA0_S_FULP_AN_AAL6_LP5_JTG_LP5_ALLFRV_SI_LP5F9PLD_T13P9G | E25: 54.94 | G25: 67.04 | H25: 54.94 | J25: 67.04 | K25: 54.94 | M25: 67.04 | N25: 54.94 | P25: 67.04 | Q25: LV
A26: LPDDRPLL | B26: LP5TDCT14P1G | C26: PP_KMDA0_S_FULP_AN_AAL6_BST_JTG_LP5_ALLFRV_SI_LP5TDC_T14P1G | E26: 183.43 | G26: 175.9 | H26: 183.43 | J26: 175.9 | K26: 183.43 | M26: 175.9 | N26: 183.43 | P26: 175.9
A27: LPDDRPLL | B27: LP5TDCT14P3G | C27: PP_KMDA0_S_FULP_AN_AAL6_BST_JTG_LP5_ALLFRV_SI_LP5TDC_T14P3G | E27: 168.39 | G27: 178.23 | H27: 168.39 | J27: 178.23 | K27: 168.39 | M27: 178.23 | N27: 168.39 | P27: 178.23
A28: LPDDRPLL | B28: LP5IVDVT16 | C28: PP_KMDA0_S_FULP_AN_AAL6_MEA_JTG_LP5_ALLFRV_SI_LP5IVDV_T16 | E28: 92.93 | G28: 81.69 | H28: 92.93 | J28: 81.69 | K28: 92.93 | M28: 81.69 | N28: 92.93 | P28: 81.69 | S28: HV
A29: LPDDRPLL | B29: MNLP5FCALT1P1G | C29: MN_KMDA0_S_FULP_AN_AAL6_MEA_JTG_LP5_ALLFRV_SI_LP5FCAL_T1P1G | U29: LV,HV
A30: LPDDRPLL | B30: MNLP5F0T2P0M10 | C30: MN_KMDA0_S_FULP_AN_AAL6_MEA_JTG_LP5_ALLFRV_SI_LP5F0_T2P0M10 | U30: LV,HV
A31: LPDDRPLL | B31: MNLP5F0T2P0P6G | C31: MN_KMDA0_S_FULP_AN_AAL6_MEA_JTG_LP5_ALLFRV_SI_LP5F0_T2P0P6G | U31: LV,HV
A32: LPDDRPLL | B32: MNLP5F1T2P1G | C32: MN_KMDA0_S_FULP_AN_AAL6_MEA_JTG_LP5_ALLFRV_SI_LP5F1_T2P1G | U32: LV,HV
A33: LPDDRPLL | B33: MNLP5F2T2P2G | C33: MN_KMDA0_S_FULP_AN_AAL6_MEA_JTG_LP5_ALLFRV_SI_LP5F2_T2P2G | U33: LV,HV
A34: LPDDRPLL | B34: MNLP5F3T2P3G | C34: MN_KMDA0_S_FULP_AN_AAL6_MEA_JTG_LP5_ALLFRV_SI_LP5F3_T2P3G | U34: LV,HV
A35: LPDDRPLL | B35: MNLP5F4T2P4G | C35: MN_KMDA0_S_FULP_AN_AAL6_MEA_JTG_LP5_ALLFRV_SI_LP5F4_T2P4G | U35: LV,HV
A36: LPDDRPLL | B36: MNLP5F5T2P5G | C36: MN_KMDA0_S_FULP_AN_AAL6_MEA_JTG_LP5_ALLFRV_SI_LP5F5_T2P5G | U36: LV,HV
A37: LPDDRPLL | B37: MNLP5F6T2P6G | C37: MN_KMDA0_S_FULP_AN_AAL6_MEA_JTG_LP5_ALLFRV_SI_LP5F6_T2P6G | U37: LV,HV
A38: LPDDRPLL | B38: MNLP5F7T2P7G | C38: MN_KMDA0_S_FULP_AN_AAL6_MEA_JTG_LP5_ALLFRV_SI_LP5F7_T2P7G | U38: LV,HV
A39: LPDDRPLL | B39: MNLP5F8T2P8G | C39: MN_KMDA0_S_FULP_AN_AAL6_MEA_JTG_LP5_ALLFRV_SI_LP5F8_T2P8G | U39: LV,HV
A40: LPDDRPLL | B40: MNLP5F9T2P9G | C40: MN_KMDA0_S_FULP_AN_AAL6_MEA_JTG_LP5_ALLFRV_SI_LP5F9_T2P9G | U40: LV,HV
... A63: LPDDRPLL | B63: MNLP5IVDVT16 | C63: MN_KMDA0_S_FULP_AN_AAL6_MEA_JTG_LP5_ALLFRV_SI_LP5IVDV_T16 | U63: LV,HV

Sheet HSCSAROSC
A2: Proposal for TTR | D2: Total (ms) | F2: =SUM(E5:G5) -> 264.95 | I2: =SUM(H5:J5) -> 264.95 | L2: =SUM(K5:M5) -> 264.95 | O2: =SUM(N5:P5) -> 264.95
E3: CP1 (ms) | H3: CP2 (ms) | K3: FT1 (ms) | N3: FT2 (ms)
A4: Category | B4: SubBlock | C4: Pattern | D4: HIP_FailRun | E4: LV | F4: NV | G4: HV | H4: LV | I4: NV | J4: HV | K4: LV | L4: NV | M4: HV | N4: LV | O4: NV | P4: HV | Q4: Prod CP1 | R4: Prod CP2 | S4: Prod FT1 | T4: Prod FT2 | U4: Mon | V4: T0Tx | W4: RMA Room | X4: RMA Hot
A5: HSCSAROSC | B5: SAROSCT0 | C5: PP_KMDA0_C_FULP_AN_SARO_DLL_JTG_COD_ALLFRV_SI_SAROSC_T0 | F5: 264.95 | I5: 264.95 | L5: 264.95 | O5: 264.95 | Q5: NV | R5: NV | S5: NV | T5: NV

Sheet ULPPLL
A2: Proposal for TTR | D2: Total (ms) | F2: =SUM(E5:G7) -> 420.42 | I2: =SUM(H5:J7) -> 420.42 | L2: =SUM(K5:M7) -> 420.42 | O2: =SUM(N5:P7) -> 420.42
E3: CP1 (ms) | H3: CP2 (ms) | K3: FT1 (ms) | N3: FT2 (ms)
A4: Category | B4: SubBlock | C4: Pattern | D4: HIP_FailRun | E4: LV | F4: NV | G4: HV | H4: LV | I4: NV | J4: HV | K4: LV | L4: NV | M4: HV | N4: LV | O4: NV | P4: HV | Q4: Prod CP1 | R4: Prod CP2 | S4: Prod FT1 | T4: Prod FT2 | U4: Mon | V4: T0Tx | W4: RMA Room | X4: RMA Hot
A5: ULPPLL | B5: CASET1A | C5: PP_KMDA0_C_FULP_AN_ULPL_FUN_JTG_FRQ_ALLFRV_SI_CASE_T1A | E5: 68.4 | G5: 67.94 | H5: 68.4 | J5: 67.94 | K5: 68.4 | M5: 67.94 | N5: 68.4 | P5: 67.94 | Q5: LV | T5: HV
A6: ULPPLL | B6: CASET1B | C6: PP_KMDA0_C_FULP_AN_ULPL_FUN_JTG_FRQ_ALLFRV_SI_CASE_T1B | E6: 79.26 | G6: 68.15 | H6: 79.26 | J6: 68.15 | K6: 79.26 | M6: 68.15 | N6: 79.26 | P6: 68.15 | Q6: LV | T6: HV
A7: ULPPLL | B7: CASET1C | C7: PP_KMDA0_C_FULP_AN_ULPL_FUN_JTG_FRQ_ALLFRV_SI_CASE_T1C | E7: 67.72 | G7: 68.95 | H7: 67.72 | J7: 68.95 | K7: 67.72 | M7: 68.95 | N7: 67.72 | P7: 68.95 | Q7: LV | T7: LV,HV

Sheet FLPPLL
A2: Proposal for TTR | D2: Total (ms) | F2: =SUM(E5:G10) -> 783.17 | I2: =SUM(H5:J10) -> 783.17 | L2: =SUM(K5:M10) -> 783.17 | O2: =SUM(N5:P10) -> 783.17
E3: CP1 (ms) | H3: CP2 (ms) | K3: FT1 (ms) | N3: FT2 (ms)
A4: Category | B4: SubBlock | C4: Pattern | D4: HIP_FailRun | E4: LV | F4: NV | G4: HV | H4: LV | I4: NV | J4: HV | K4: LV | L4: NV | M4: HV | N4: LV | O4: NV | P4: HV | Q4: Prod CP1 | R4: Prod CP2 | S4: Prod FT1 | T4: Prod FT2 | U4: Mon | V4: T0Tx | W4: RMA Room | X4: RMA Hot
A5: FLPPLL | B5: CASET1C1 | C5: PP_KMDA0_C_FULP_AN_FLPL_FUN_JTG_FRQ_ALLFRV_SI_CASE_T1C1 | E5: 81 | G5: 67.53 | H5: 81 | J5: 67.53 | K5: 81 | M5: 67.53 | N5: 81 | P5: 67.53 | Q5: HV | T5: LV
A6: FLPPLL | B6: CASET1C2 | C6: PP_KMDA0_C_FULP_AN_FLPL_FUN_JTG_FRQ_ALLFRV_SI_CASE_T1C2 | E6: 64.17 | G6: 65.86 | H6: 64.17 | J6: 65.86 | K6: 64.17 | M6: 65.86 | N6: 64.17 | P6: 65.86 | Q6: HV | T6: LV
A7: FLPPLL | B7: CASET1C3 | C7: PP_KMDA0_C_FULP_AN_FLPL_FUN_JTG_FRQ_ALLFRV_SI_CASE_T1C3 | E7: 64.59 | G7: 64.87 | H7: 64.59 | J7: 64.87 | K7: 64.59 | M7: 64.87 | N7: 64.59 | P7: 64.87 | Q7: HV | T7: LV
A8: FLPPLL | B8: CASET1C4 | C8: PP_KMDA0_C_FULP_AN_FLPL_FUN_JTG_FRQ_ALLFRV_SI_CASE_T1C4 | E8: 65.7 | G8: 64.66 | H8: 65.7 | J8: 64.66 | K8: 65.7 | M8: 64.66 | N8: 65.7 | P8: 64.66 | Q8: HV | T8: LV
A9: FLPPLL | B9: CASET1C5 | C9: PP_KMDA0_C_FULP_AN_FLPL_FUN_JTG_FRQ_ALLFRV_SI_CASE_T1C5 | E9: 65.12 | G9: 64.82 | H9: 65.12 | J9: 64.82 | K9: 65.12 | M9: 64.82 | N9: 65.12 | P9: 64.82 | Q9: HV | T9: LV
A10: FLPPLL | B10: CASET1C6 | C10: PP_KMDA0_C_FULP_AN_FLPL_FUN_JTG_FRQ_ALLFRV_SI_CASE_T1C6 | E10: 58.37 | G10: 56.48 | H10: 58.37 | J10: 56.48 | K10: 58.37 | M10: 56.48 | N10: 58.37 | P10: 56.48 | Q10: HV | T10: LV

Sheet SEPVMC
A2: Proposal for TTR | D2: Total (ms) | F2: =SUM(E5:G41) -> 1379.64 | I2: =SUM(H5:J41) -> 1379.64 | L2: =SUM(K5:M41) -> 1379.64 | O2: =SUM(N5:P41) -> 1379.64
E3: CP1 (ms) | H3: CP2 (ms) | K3: FT1 (ms) | N3: FT2 (ms)
A4: Category | B4: SubBlock | C4: Pattern | D4: HIP_FailRun | E4: LV | F4: NV | G4: HV | H4: LV | I4: NV | J4: HV | K4: LV | L4: NV | M4: HV | N4: LV | O4: NV | P4: HV | Q4: Prod CP1 | R4: Prod CP2 | S4: Prod FT1 | T4: Prod FT2 | U4: Mon | V4: T0Tx | W4: RMA Room | X4: RMA Hot
A5: SEPVMC | B5: PRETRIMT1 | C5: PP_KMDA0_S_FULP_AN_SEPV_DLL_JTG_COD_ALLFRV_SI_PRETRIM_T1 | F5: 166.85 | I5: 166.85 | L5: 166.85 | O5: 166.85 | Q5: NV | S5: NV | T5: HV
A6: SEPVMC | B6: VREFPDETT2P1 | C6: PP_KMDA0_S_FULP_AN_SEPV_DLL_JTG_COD_ALLFRV_SI_VREFPDET_T2P1 | F6: 42.25 | I6: 42.25 | L6: 42.25 | O6: 42.25 | S6: NV
A7: SEPVMC | B7: OTHER | C7: SEPVMC_FUSE_PREWRITE_SEPVMC_TRIM_PWRDET | S7: NV
A8: SEPVMC | B8: OTHER | C8: SEPVMC_FUSE_READ_SEPVMC_TRIM_PWRDET | T8: NV
A9: SEPVMC | B9: OTHER | C9: SEPVMC_FUSE_PREWRITE_SEPVMC_TRIM_ROSC_FSM | S9: NV
A10: SEPVMC | B10: OTHER | C10: SEPVMC_FUSE_READ_SEPVMC_TRIM_ROSC_FSM | T10: NV
A11: SEPVMC | B11: OTHER | C11: SEPVMC_FUSE_PREWRITE_SEPVMC_TRIM_BG_T | S11: NV
A12: SEPVMC | B12: OTHER | C12: SEPVMC_FUSE_READ_SEPVMC_TRIM_BG_T | T12: NV
A13: SEPVMC | B13: OTHER | C13: SEPVMC_FUSE_PREWRITE_SEPVMC_TRIM_BGTEMP_ADCCODE_RT | S13: NV
A14: SEPVMC | B14: OTHER | C14: SEPVMC_FUSE_READ_SEPVMC_TRIM_BGTEMP_ADCCODE_RT | T14: NV
A15: SEPVMC | B15: OTHER | C15: SEPVMC_FUSE_PREWRITE_SEPVMC_VREF_RT | S15: NV
A16: SEPVMC | B16: OTHER | C16: SEPVMC_FUSE_READ_SEPVMC_VREF_RT | T16: NV
A17: SEPVMC | B17: OTHER | C17: SEPVMC_FUSE_PREWRITE_SEPVMC_TRIM_VREF_HT | S17: NV
A18: SEPVMC | B18: OTHER | C18: SEPVMC_FUSE_READ_SEPVMC_TRIM_VREF_HT | T18: NV
A19: SEPVMC | B19: OTHER | C19: SEPVMC_FUSE_PREWRITE_SEPVMC_COMP_L | S19: NV
A20: SEPVMC | B20: OTHER | C20: SEPVMC_FUSE_READ_SEPVMC_COMP_L | T20: NV
A21: SEPVMC | B21: OTHER | C21: SEPVMC_FUSE_PREWRITE_SEPVMC_COMP_H | S21: NV
A22: SEPVMC | B22: OTHER | C22: SEPVMC_FUSE_READ_SEPVMC_COMP_H | T22: NV
A23: SEPVMC | B23: FREQT2P2 | C23: PP_KMDA0_S_FULP_AN_SEPV_DLL_JTG_COD_ALLFRV_SI_FREQ_T2P2 | F23: 43.19 | I23: 43.19 | L23: 43.19 | O23: 43.19 | S23: NV
A24: SEPVMC | B24: VBGST2P3 | C24: PP_KMDA0_A_FULP_AN_SEPV_DLL_JTG_COD_ALLFRV_SI_VBGS_T2P3 | F24: 52.04 | I24: 52.04 | L24: 52.04 | O24: 52.04 | S24: NV
A25: SEPVMC | B25: VBGS2T2P4 | C25: PP_KMDA0_A_FULP_AN_SEPV_DLL_JTG_COD_ALLFRV_SI_VBGS2_T2P4 | F25: 59.09 | I25: 59.09 | L25: 59.09 | O25: 59.09 | S25: NV
A26: SEPVMC | B26: PSTPDETT3 | C26: PP_KMDA0_A_FULP_AN_SEPV_DLL_JTG_COD_ALLFRV_SI_PSTPDET_T3 | F26: 168.74 | I26: 168.74 | L26: 168.74 | O26: 168.74 | S26: NV | T26: NV
A27: SEPVMC | B27: PSTTRIMT4 | C27: PP_KMDA0_A_FULP_AN_SEPV_DLL_JTG_COD_ALLFRV_SI_PSTTRIM_T4 | F27: 226.32 | I27: 226.32 | L27: 226.32 | O27: 226.32 | S27: NV | T27: NV
A28: SEPVMC | B28: COMPLT5P1 | C28: PP_KMDA0_A_FULP_AN_SEPV_DLL_JTG_COD_ALLFRV_SI_COMPL_T5P1 | F28: 41.6 | I28: 41.6 | L28: 41.6 | O28: 41.6 | S28: NV
A29: SEPVMC | B29: COMPHT5P3 | C29: PP_KMDA0_S_FULP_AN_SEPV_DLL_JTG_COD_ALLFRV_SI_COMPH_T5P3 | F29: 37.17 | I29: 37.17 | L29: 37.17 | O29: 37.17 | S29: NV
A30: SEPVMC | B30: LBUBT6P1 | C30: PP_KMDA0_S_FULP_AN_SEPV_DLL_JTG_COD_ALLFRV_SI_LBUB_T6P1 | F30: 294.63 | I30: 294.63 | L30: 294.63 | O30: 294.63 | S30: NV | T30: NV
A31: SEPVMC | B31: LBUBT6P2 | C31: PP_KMDA0_S_FULP_AN_SEPV_DLL_JTG_COD_ALLFRV_SI_LBUB_T6P2 | F31: 115.77 | I31: 115.77 | L31: 115.77 | O31: 115.77 | S31: NV | T31: NV
A32: SEPVMC | B32: LBUBT6P3 | C32: PP_KMDA0_S_FULP_AN_SEPV_DLL_JTG_COD_ALLFRV_SI_LBUB_T6P3 | F32: 131.99 | I32: 131.99 | L32: 131.99 | O32: 131.99 | S32: NV | T32: NV
A33: SEPVMC | B33: MNPSTTRIMT4A | C33: MN_KMDA0_A_FULP_AN_SEPV_DLL_JTG_COD_ALLFRV_SI_PSTTRIM_T4A | U33: LV,HV
A34: SEPVMC | B34: MNPSTTRIMT4B | C34: MN_KMDA0_A_FULP_AN_SEPV_DLL_JTG_COD_ALLFRV_SI_PSTTRIM_T4B | U34: LV,HV
A35: SEPVMC | B35: MNPSTTRIMT4C | C35: MN_KMDA0_A_FULP_AN_SEPV_DLL_JTG_COD_ALLFRV_SI_PSTTRIM_T4C | U35: LV,HV
A36: SEPVMC | B36: MNCOMPLT5P2 | C36: MN_KMDA0_S_FULP_AN_SEPV_DLL_JTG_COD_ALLFRV_SI_COMPL_T5P2 | U36: LV,HV
A37: SEPVMC | B37: MNCOMPHT5P4 | C37: MN_KMDA0_S_FULP_AN_SEPV_DLL_JTG_COD_ALLFRV_SI_COMPH_T5P4 | U37: LV,HV
A38: SEPVMC | B38: MNLBUBT6P1B | C38: MN_KMDA0_S_FULP_AN_SEPV_DLL_JTG_COD_ALLFRV_SI_LBUB_T6P1B | U38: LV,HV
A39: SEPVMC | B39: MNLBUBT6P2B | C39: MN_KMDA0_S_FULP_AN_SEPV_DLL_JTG_COD_ALLFRV_SI_LBUB_T6P2B | U39: LV,HV
A40: SEPVMC | B40: MNLBUBT6P3B | C40: MN_KMDA0_S_FULP_AN_SEPV_DLL_JTG_COD_ALLFRV_SI_LBUB_T6P3B | U40: LV,HV
A41: SEPVMC | B41: MNTCSWEEPT9 | C41: MN_KMDA0_S_FULP_AN_SEPV_DLL_JTG_COD_ALLFRV_SI_TCSWEEP_T9 | U41: LV,HV

Sheet SEPF2M
A2: Proposal for TTR | D2: Total (ms) | F2: =SUM(E5:G26) -> 922.27 | I2: =SUM(H5:J26) -> 922.27 | L2: =SUM(K5:M26) -> 922.27 | O2: =SUM(N5:P26) -> 922.27
E3: CP1 (ms) | H3: CP2 (ms) | K3: FT1 (ms) | N3: FT2 (ms)
A4: Category | B4: SubBlock | C4: Pattern | D4: HIP_FailRun | E4: LV | F4: NV | G4: HV | H4: LV | I4: NV | J4: HV | K4: LV | L4: NV | M4: HV | N4: LV | O4: NV | P4: HV | Q4: Prod CP1 | R4: Prod CP2 | S4: Prod FT1 | T4: Prod FT2 | U4: Mon | V4: T0Tx | W4: RMA Room | X4: RMA Hot
A5: SEPF2M | B5: 0P779T1P0 | C5: PP_KMDA0_S_FULP_AN_SEPF_MEA_JTG_VIX_ALLFRV_SI_0P779_T1P0 | F5: 175.1 | I5: 175.1 | L5: 175.1 | O5: 175.1 | Q5: NV | T5: HV
A6: SEPF2M | B6: 0P5T2P1 | C6: PP_KMDA0_S_FULP_AN_SEPF_PFF_JTG_UNS_ALLFRV_SI_0P5_T2P1 | F6: 28.07 | I6: 28.07 | L6: 28.07 | O6: 28.07 | S6: NV
A7: SEPF2M | B7: OTHER | C7: SEPF2M_T2P1_FUSE_PREWRITE_CAL | S7: NV
A8: SEPF2M | B8: OTHER | C8: SEPF2M_T2P1_FUSE_READ_CAL | T8: NV
A9: SEPF2M | B9: OTHER | C9: SEPF2M_T2P2_TRIM_FUSE_PREWRITE_CAL | S9: NV
A10: SEPF2M | B10: OTHER | C10: SEPF2M_T2P2_TRIM_FUSE_READ_CAL | T10: NV
A11: SEPF2M | B11: OTHER | C11: SEPF2M_FUSE_PREWRITE_TRIM_CAP_CLK1_UCD_ATE | S11: NV
A12: SEPF2M | B12: OTHER | C12: SEPF2M_FUSE_READ_TRIM_CAP_CLK1_UCD_ATE | T12: NV
A13: SEPF2M | B13: OTHER | C13: SEPF2M_FUSE_PREWRITE_TRIM_CAP_CLK2_OCD_ATE | S13: NV
A14: SEPF2M | B14: OTHER | C14: SEPF2M_FUSE_READ_HSC_TRIM_CAP_CLK2_OCD_ATE | T14: NV
A15: SEPF2M | B15: OTHER | C15: SEPF2M_FUSE_PREWRITE_TRIM_CAP_CLK2_UCD_ATE | S15: NV
A16: SEPF2M | B16: OTHER | C16: SEPF2M_FUSE_READ_HSC_TRIM_CAP_CLK2_UCD_ATE | T16: NV
A17: SEPF2M | B17: OTHER | C17: SEPF2M_FUSE_PREWRITE_TRIM_CAP_CLK1_OCD_ATE | S17: NV
A18: SEPF2M | B18: OTHER | C18: SEPF2M_FUSE_READ_TRIM_CAP_CLK1_OCD_ATE | T18: NV
A19: SEPF2M | B19: 24MT2P2TRIM | C19: PP_KMDA0_S_FULP_AN_SEPF_PFF_JTG_UNS_ALLFRV_SI_24M_T2P2 | F19: 276.47 | I19: 276.47 | L19: 276.47 | O19: 276.47 | S19: NV
A20: SEPF2M | B20: 24MT2P2VERIFY | C20: PP_KMDA0_S_FULP_AN_SEPF_PFF_JTG_UNS_ALLFRV_SI_24M_T2P2 | F20: 38.54 | I20: 38.54 | L20: 38.54 | O20: 38.54 | S20: NV
A21: SEPF2M | B21: OUCD12T2P3 | C21: PP_KMDA0_A_FULP_AN_SEPF_PFF_JTG_UNS_ALLFRV_SI_OUCD12_T2P3 | F21: 101.96 | I21: 101.96 | L21: 101.96 | O21: 101.96 | S21: NV
A22: SEPF2M | B22: OCD1T2P4 | C22: PP_KMDA0_A_FULP_AN_SEPF_PFF_JTG_UNS_ALLFRV_SI_OCD1_T2P4 | F22: 49.09 | I22: 49.09 | L22: 49.09 | O22: 49.09 | S22: NV
A23: SEPF2M | B23: OUCD12T3P1LO | C23: PP_KMDA0_A_FULP_AN_SEPF_PFF_JTG_UNS_ALLFRV_SI_OUCD12_T3P1 | F23: 72.48 | I23: 72.48 | L23: 72.48 | O23: 72.48 | S23: NV | T23: NV
A24: SEPF2M | B24: OUCD12T3P1HI | C24: PP_KMDA0_A_FULP_AN_SEPF_PFF_JTG_UNS_ALLFRV_SI_OUCD12_T3P1 | F24: 73.33 | I24: 73.33 | L24: 73.33 | O24: 73.33 | S24: NV | T24: NV
A25: SEPF2M | B25: OUCD12T3P2LO | C25: PP_KMDA0_A_FULP_AN_SEPF_PFF_JTG_UNS_ALLFRV_SI_OUCD12_T3P2 | F25: 47.15 | I25: 47.15 | L25: 47.15 | O25: 47.15 | S25: NV | T25: NV
A26: SEPF2M | B26: OUCD12T3P2HI | C26: PP_KMDA0_A_FULP_AN_SEPF_PFF_JTG_UNS_ALLFRV_SI_OUCD12_T3P2 | F26: 60.08 | I26: 60.08 | L26: 60.08 | O26: 60.08 | S26: NV | T26: NV

Sheet MIDBIASLDO
A2: Proposal for TTR | D2: Total (ms) | F2: =SUM(E5:G6) -> 55.59 | I2: =SUM(H5:J6) -> 55.59 | L2: =SUM(K5:M6) -> 55.59 | O2: =SUM(N5:P6) -> 55.59
E3: CP1 (ms) | H3: CP2 (ms) | K3: FT1 (ms) | N3: FT2 (ms)
A4: Category | B4: SubBlock | C4: Pattern | D4: HIP_FailRun | E4: LV | F4: NV | G4: HV | H4: LV | I4: NV | J4: HV | K4: LV | L4: NV | M4: HV | N4: LV | O4: NV | P4: HV | Q4: Prod CP1 | R4: Prod CP2 | S4: Prod FT1 | T4: Prod FT2 | U4: Mon | V4: T0Tx | W4: RMA Room | X4: RMA Hot
A5: MIDBIASLDO | B5: MIDLDO | C5: PP_KMDA0_C_FULP_AN_MLDO_MEA_JTG_IMX_ALLFRV_SI_MID_LDO | E5: 28.63 | G5: 26.96 | H5: 28.63 | J5: 26.96 | K5: 28.63 | M5: 26.96 | N5: 28.63 | P5: 26.96 | Q5: LV,HV
A6: MIDBIASLDO | B6: MNMIDLDO | C6: MN_KMDA0_C_FULP_AN_MLDO_MEA_JTG_IMX_ALLFRV_SI_MID_LDO | Q6: LV,HV | U6: LV,HV

Sheet VMADC
A2: Proposal for TTR | D2: Total (ms) | F2: =SUM(E5:G33) -> 444.75 | I2: =SUM(H5:J33) -> 444.75 | L2: =SUM(K5:M33) -> 444.75 | O2: =SUM(N5:P33) -> 444.75
E3: CP1 (ms) | H3: CP2 (ms) | K3: FT1 (ms) | N3: FT2 (ms)
A4: Category | B4: SubBlock | C4: Pattern | D4: HIP_FailRun | E4: LV | F4: NV | G4: HV | H4: LV | I4: NV | J4: HV | K4: LV | L4: NV | M4: HV | N4: LV | O4: NV | P4: HV | Q4: Prod CP1 | R4: Prod CP2 | S4: Prod FT1 | T4: Prod FT2 | U4: Mon | V4: T0Tx | W4: RMA Room | X4: RMA Hot
A5: VMADC | B5: IDDQT1 | C5: PP_KMDA0_C_FULP_AN_AQ00_IDS_JTG_IMX_ALLFRV_SI_IDDQ_T1 | G5: 57.8 | J5: 57.8 | M5: 57.8 | P5: 57.8 | S5: HV | T5: HV
A6: VMADC | B6: REFTRIMT2RT | C6: PP_KMDA0_C_FULP_AN_AQ00_DLL_JTG_CAL_ALLFRV_SI_REFTRIM_T2 | F6: 386.95 | I6: 386.95 | L6: 386.95 | O6: 386.95 | S6: NV
A7: VMADC | B7: OTHER | C7: VMADC_ADC_FUSE_PREWRITE_SOC_VREF_25C_CAL | S7: NV
A8: VMADC | B8: OTHER | C8: VMADC_ADC_FUSE_READ_SOC_VREF_25C_CAL | T8: NV
A9: VMADC | B9: OTHER | C9: VMADC_ADC_FUSE_PREWRITE_ACCP_VREF_25C_CAL | S9: NV
A10: VMADC | B10: OTHER | C10: VMADC_ADC_FUSE_READ_ACCP_VREF_25C_CAL | T10: NV
A11: VMADC | B11: OTHER | C11: VMADC_ADC_FUSE_PREWRITE_ACCE_VREF_25C_CAL | S11: NV
A12: VMADC | B12: OTHER | C12: VMADC_ADC_FUSE_READ_ACCE_VREF_25C_CAL | T12: NV
A13: VMADC | B13: OTHER | C13: VMADC_ADC_FUSE_PREWRITE_REFERENCE_SCALE_DIG_25_S_CAL | S13: NV
A14: VMADC | B14: OTHER | C14: VMADC_ADC_FUSE_READ_REFERENCE_SCALE_DIG_25_S_CAL | T14: NV
A15: VMADC | B15: OTHER | C15: VMADC_ADC_FUSE_PREWRITE_REFERENCE_SCALE_DIG_25_P_CAL | S15: NV
A16: VMADC | B16: OTHER | C16: VMADC_ADC_FUSE_READ_REFERENCE_SCALE_DIG_25_P_CAL | T16: NV
A17: VMADC | B17: OTHER | C17: VMADC_ADC_FUSE_PREWRITE_REFERENCE_SCALE_DIG_25_E_CAL | S17: NV
A18: VMADC | B18: OTHER | C18: VMADC_ADC_FUSE_READ_REFERENCE_SCALE_DIG_25_E_CAL | T18: NV
A19: VMADC | B19: OTHER | C19: VMADC_ADC_FUSE_PREWRITE_SOC_VREF_85C_CAL | T19: NV
A20: VMADC | B20: OTHER | C20: VMADC_ADC_FUSE_READ_SOC_VREF_85C_CAL
A21: VMADC | B21: OTHER | C21: VMADC_ADC_FUSE_PREWRITE_ACCP_VREF_85C_CAL | T21: NV
A22: VMADC | B22: OTHER | C22: VMADC_ADC_FUSE_READ_ACCP_VREF_85C_CAL
A23: VMADC | B23: OTHER | C23: VMADC_ADC_FUSE_PREWRITE_ACCE_VREF_85C_CAL | T23: NV
A24: VMADC | B24: OTHER | C24: VMADC_ADC_FUSE_READ_ACCE_VREF_85C_CAL
A25: VMADC | B25: OTHER | C25: VMADC_ADC_FUSE_PREWRITE_REFERENCE_SCALE_DIG_85_S_CAL | T25: NV
A26: VMADC | B26: OTHER | C26: VMADC_ADC_FUSE_READ_REFERENCE_SCALE_DIG_85_S_CAL
A27: VMADC | B27: OTHER | C27: VMADC_ADC_FUSE_PREWRITE_REFERENCE_SCALE_DIG_85_P_CAL | T27: NV
A28: VMADC | B28: OTHER | C28: VMADC_ADC_FUSE_READ_REFERENCE_SCALE_DIG_85_P_CAL
A29: VMADC | B29: OTHER | C29: VMADC_ADC_FUSE_PREWRITE_REFERENCE_SCALE_DIG_85_E_CAL | T29: NV
A30: VMADC | B30: OTHER | C30: VMADC_ADC_FUSE_READ_REFERENCE_SCALE_DIG_85_E_CAL
A31: VMADC | B31: REFTRIMT2HT | C31: PP_KMDA0_C_FULP_AN_AQ00_DLL_JTG_CAL_ALLFRV_SI_REFTRIM_T2 | T31: NV
A32: VMADC | B32: ADCSOCT3 | C32: PP_KMDA0_C_FULP_AN_AQ00_DLL_JTG_CAL_ALLFRV_SI_ADCSOC_T3 | T32: NV
A33: VMADC | B33: REFCONVT4 | C33: PP_KMDA0_C_FULP_AN_AQ00_DLL_JTG_IMX_ALLFRV_SI_REFCONV_T4 | T33: NV

Sheet ACIOPHY
A2: Proposal for TTR | D2: Total (ms) | F2: =SUM(E5:G58) -> 6406.28 | I2: =SUM(H5:J58) -> 6406.28 | L2: =SUM(K5:M58) -> 6406.28 | O2: =SUM(N5:P58) -> 6406.28
E3: CP1 (ms) | H3: CP2 (ms) | K3: FT1 (ms) | N3: FT2 (ms)
A4: Category | B4: SubBlock | C4: Pattern | D4: HIP_FailRun | E4: LV | F4: NV | G4: HV | H4: LV | I4: NV | J4: HV | K4: LV | L4: NV | M4: HV | N4: LV | O4: NV | P4: HV | Q4: Prod CP1 | R4: Prod CP2 | S4: Prod FT1 | T4: Prod FT2 | U4: Mon | V4: T0Tx | W4: RMA Room | X4: RMA Hot
A5: ACIOPHY | B5: AUXAUXIMPSW_MULTIPLE | C5: PP_KMDA0_S_FULP_AN_CIAX_MEA_JTG_VMX_ALLFRV_SI_AUX_AUXIMPSW | F5: 271.86 | I5: 271.86 | L5: 271.86 | O5: 271.86 | Q5: NV
A6: ACIOPHY | B6: OTHER | C6: ACIOPHY_AUXTRIM_FUSE_PREWRITE_CAL | Q6: NV
A7: ACIOPHY | B7: OTHER | C7: ACIOPHY_AUXTRIM_FUSE_READ_CAL | R7: NV | S7: NV | T7: NV
A8: ACIOPHY | B8: CMNCMNVOLT_MULTIPLE | C8: PP_KMDA0_S_FULP_AN_CICM_MEA_JTG_VMX_ALLFRV_SI_CMN_CMNVOLT | F8: 411.33 | I8: 411.33 | L8: 411.33 | O8: 411.33 | S8: NV
A9: ACIOPHY | B9: TXTIMPMEAS_MULTIPLE | C9: PP_KMDA0_S_FULP_AN_CITX_MEA_JTG_VMX_ALLFRV_SI_TX_TIMPMEAS | F9: 82.91 | I9: 82.91 | L9: 82.91 | O9: 82.91 | S9: NV
A10: ACIOPHY | B10: TXHIZLEAK_MULTIPLE | C10: PP_KMDA0_S_FULP_AN_CITX_MEA_JTG_VMX_ALLFRV_SI_TX_HIZLEAK | T10: HV
A11: ACIOPHY | B11: TXTXSWING_MULTIPLE | C11: PP_KMDA0_S_FULP_AN_CITX_MEA_JTG_VMX_ALLFRV_SI_TX_TXSWING | S11: LV
A12: ACIOPHY | B12: TXCIOFREQ_MULTIPLE | C12: PP_KMDA0_S_FULP_AN_CITX_MEA_JTG_FRQ_ALLFRV_SI_TX_CIOFREQ | S12: LV
A13: ACIOPHY | B13: TXRXDET_MULTIPLE | C13: PP_KMDA0_S_FULP_AN_CITX_MEA_JTG_VMX_ALLFRV_SI_TX_RXDET | S13: LV | T13: HV
A14: ACIOPHY | B14: TXCMFC_MULTIPLE | C14: PP_KMDA0_S_FULP_AN_CITX_MEA_JTG_VMX_ALLFRV_SI_TX_CMFC | S14: LV | T14: HV
A15: ACIOPHY | B15: RXRIMPMEAS_MULTIPLE | C15: PP_KMDA0_S_FULP_AN_CIRX_MEA_JTG_VMX_ALLFRV_SI_RX_RIMPMEAS | S15: LV | T15: HV
A16: ACIOPHY | B16: RXEIHILO_MULTIPLE | C16: PP_KMDA0_S_FULP_AN_CIRX_MEA_JTG_VMX_ALLFRV_SI_RX_EIHILO | S16: LV | T16: HV
A17: ACIOPHY | B17: RXTXDPFREQ_MULTIPLE | C17: PP_KMDA0_S_FULP_AN_CIRX_MEA_JTG_FRQ_ALLFRV_SI_RXTX_DPFREQ | E17: 66.22 | G17: 64.88 | H17: 66.22 | J17: 64.88 | K17: 66.22 | M17: 64.88 | N17: 66.22 | P17: 64.88 | S17: LV | T17: HV
A18: ACIOPHY | B18: ELBUSBG1DP2_MULTIPLE | C18: PP_KMDA0_S_FULP_AN_CIPH_BST_JTG_ELB_ALLFRV_SI_ELB_USBG1DP2 | E18: 77.84 | G18: 73.08 | H18: 77.84 | J18: 73.08 | K18: 77.84 | M18: 73.08 | N18: 77.84 | P18: 73.08 | Q18: LV | S18: HV | T18: LV
A19: ACIOPHY | B19: ELBDP2USBG1_MULTIPLE | C19: PP_KMDA0_S_FULP_AN_CIPH_BST_JTG_ELB_ALLFRV_SI_ELB_DP2USBG1 | E19: 58.58 | G19: 58.84 | H19: 58.58 | J19: 58.84 | K19: 58.58 | M19: 58.84 | N19: 58.58 | P19: 58.84 | Q19: LV | S19: HV | T19: LV
A20: ACIOPHY | B20: ELBUSBG2DP3_MULTIPLE | C20: PP_KMDA0_S_FULP_AN_CIPH_BST_JTG_ELB_ALLFRV_SI_ELB_USBG2DP3 | E20: 97.36 | G20: 94.69 | H20: 97.36 | J20: 94.69 | K20: 97.36 | M20: 94.69 | N20: 97.36 | P20: 94.69 | Q20: LV | S20: HV | T20: LV
A21: ACIOPHY | B21: ELBDP3USBG2_MULTIPLE | C21: PP_KMDA0_S_FULP_AN_CIPH_BST_JTG_ELB_ALLFRV_SI_ELB_DP3USBG2 | E21: 83.17 | G21: 83.07 | H21: 83.17 | J21: 83.07 | K21: 83.17 | M21: 83.07 | N21: 83.17 | P21: 83.07 | Q21: LV | S21: HV | T21: LV
A22: ACIOPHY | B22: ELBCIOG1_MULTIPLE | C22: PP_KMDA0_S_FULP_AN_CIPH_BST_JTG_ELB_ALLFRV_SI_ELB_CIOG1 | E22: 132.74 | G22: 131.67 | H22: 132.74 | J22: 131.67 | K22: 132.74 | M22: 131.67 | N22: 132.74 | P22: 131.67 | Q22: LV | S22: HV | T22: LV
A23: ACIOPHY | B23: ELBCIOG2_MULTIPLE | C23: PP_KMDA0_S_FULP_AN_CIPH_BST_JTG_ELB_ALLFRV_SI_ELB_CIOG2 | E23: 131.4 | G23: 132.61 | H23: 131.4 | J23: 132.61 | K23: 131.4 | M23: 132.61 | N23: 131.4 | P23: 132.61 | Q23: LV | S23: HV | T23: LV
A24: ACIOPHY | B24: ELBCIOG3_MULTIPLE | C24: PP_KMDA0_S_FULP_AN_CIPH_BST_JTG_ELB_ALLFRV_SI_ELB_CIOG3 | E24: 132.14 | G24: 128.58 | H24: 132.14 | J24: 128.58 | K24: 132.14 | M24: 128.58 | N24: 132.14 | P24: 128.58 | Q24: LV,HV | S24: HV | T24: LV
A25: ACIOPHY | B25: ELBCIOG4_MULTIPLE | C25: PP_KMDA0_S_FULP_AN_CIPH_BST_JTG_ELB_ALLFRV_SI_ELB_CIOG4 | E25: 128.01 | G25: 130.33 | H25: 128.01 | J25: 130.33 | K25: 128.01 | M25: 130.33 | N25: 128.01 | P25: 130.33 | Q25: LV,HV | S25: HV | T25: LV
A26: ACIOPHY | B26: PWRUSBG1_MULTIPLE | C26: PP_KMDA0_S_FULP_AN_CIPH_MEA_JTG_IMX_ALLFRV_SI_PWR_USBG1 | T26: HV
A27: ACIOPHY | B27: PWRUSBG2_MULTIPLE | C27: PP_KMDA0_S_FULP_AN_CIPH_MEA_JTG_IMX_ALLFRV_SI_PWR_USBG2 | T27: HV
A28: ACIOPHY | B28: PWRCIOG1_MULTIPLE | C28: PP_KMDA0_S_FULP_AN_CIPH_MEA_JTG_IMX_ALLFRV_SI_PWR_CIOG1 | T28: HV
A29: ACIOPHY | B29: PWRCIOG2_MULTIPLE | C29: PP_KMDA0_S_FULP_AN_CIPH_MEA_JTG_IMX_ALLFRV_SI_PWR_CIOG2 | T29: HV
A30: ACIOPHY | B30: PWRCIOG3_MULTIPLE | C30: PP_KMDA0_S_FULP_AN_CIPH_MEA_JTG_IMX_ALLFRV_SI_PWR_CIOG3 | T30: HV
A31: ACIOPHY | B31: PWRCIOG4_MULTIPLE | C31: PP_KMDA0_S_FULP_AN_CIPH_MEA_JTG_IMX_ALLFRV_SI_PWR_CIOG4 | T31: HV
A32: ACIOPHY | B32: PWRDPX4HBR3_MULTIPLE | C32: PP_KMDA0_S_FULP_AN_CIPH_MEA_JTG_IMX_ALLFRV_SI_PWR_DPX4HBR3 | T32: HV
A33: ACIOPHY | B33: AUXAUXSWING_MULTIPLE | C33: PP_KMDA0_S_FULP_AN_CIAX_MEA_JTG_VMX_ALLFRV_SI_AUX_AUXSWING | S33: LV
A34: ACIOPHY | B34: AUXAUXRXHL_MULTIPLE | C34: PP_KMDA0_S_FULP_AN_CIAX_MEA_JTG_VMX_ALLFRV_SI_AUX_AUXRXHL | S34: LV
A35: ACIOPHY | B35: SHMREGRDWR_MULTIPLE | C35: PP_KMDA0_S_FULP_AN_CIPH_MEA_JTG_FUN_ALLFRV_SI_SHM_REGRDWR | Q35: HV
A36: ACIOPHY | B36: RXDACMONO_MULTIPLE | C36: PP_KMDA0_S_FULP_AN_CIPH_MEA_JTG_VMX_ALLFRV_SI_RXDAC_MONO | Q36: LV,HV
A37: ACIOPHY | B37: MNRXDCOBISWPA_MULTIPLE | C37: MN_KMDA0_S_FULP_AN_CIRX_MEA_JTG_FRQ_ALLFRV_SI_RX_DCOBISWP
A38: ACIOPHY | B38: MNRXDCOBISWPB_MULTIPLE | C38: MN_KMDA0_S_FULP_AN_CIRX_MEA_JTG_FRQ_ALLFRV_SI_RX_DCOBISWP
A39: ACIOPHY | B39: MNRXDCOBISWPC_MULTIPLE | C39: MN_KMDA0_S_FULP_AN_CIRX_MEA_JTG_FRQ_ALLFRV_SI_RX_DCOBISWP
A40: ACIOPHY | B40: MNRXDCOBISWPD_MULTIPLE | C40: MN_KMDA0_S_FULP_AN_CIRX_MEA_JTG_FRQ_ALLFRV_SI_RX_DCOBISWP
A41: ACIOPHY | B41: MNRXDCOCRSWPA_MULTIPLE | C41: MN_KMDA0_S_FULP_AN_CIRX_MEA_JTG_FRQ_ALLFRV_SI_RX_DCOCRSWP
A42: ACIOPHY | B42: MNRXDCOCRSWPB_MULTIPLE | C42: MN_KMDA0_S_FULP_AN_CIRX_MEA_JTG_FRQ_ALLFRV_SI_RX_DCOCRSWP
A43: ACIOPHY | B43: MNRXDCOCRSWPC_MULTIPLE | C43: MN_KMDA0_S_FULP_AN_CIRX_MEA_JTG_FRQ_ALLFRV_SI_RX_DCOCRSWP
A44: ACIOPHY | B44: MNRXDCOCRSWPD_MULTIPLE | C44: MN_KMDA0_S_FULP_AN_CIRX_MEA_JTG_FRQ_ALLFRV_SI_RX_DCOCRSWP
A45: ACIOPHY | B45: MNRXDCOFNSWPA_MULTIPLE | C45: MN_KMDA0_S_FULP_AN_CIRX_MEA_JTG_FRQ_ALLFRV_SI_RX_DCOFNSWP
A46: ACIOPHY | B46: MNRXDCOFNSWPB_MULTIPLE | C46: MN_KMDA0_S_FULP_AN_CIRX_MEA_JTG_FRQ_ALLFRV_SI_RX_DCOFNSWP
A47: ACIOPHY | B47: MNRXDCOFNSWPC_MULTIPLE | C47: MN_KMDA0_S_FULP_AN_CIRX_MEA_JTG_FRQ_ALLFRV_SI_RX_DCOFNSWP
A48: ACIOPHY | B48: MNRXDCOFNSWPD_MULTIPLE | C48: MN_KMDA0_S_FULP_AN_CIRX_MEA_JTG_FRQ_ALLFRV_SI_RX_DCOFNSWP
A49: ACIOPHY | B49: MNRXDACMEAS_MULTIPLE | C49: MN_KMDA0_S_FULP_AN_CIRX_MEA_JTG_VMX_ALLFRV_SI_RX_DACMEAS
A50: ACIOPHY | B50: MNELBLONGUSBG1DP2_MULTIPLE | C50: MN_KMDA0_S_FULP_AN_CIPH_BST_JTG_ELB_ALLFRV_SI_ELBLONG_USBG1DP2 | D50: ELBUSBG1DP2_MULTIPLE | Q50: LV | T50: LV
A51: ACIOPHY | B51: MNELBLONGDP2USBG1_MULTIPLE | C51: MN_KMDA0_S_FULP_AN_CIPH_BST_JTG_ELB_ALLFRV_SI_ELBLONG_DP2USBG1 | D51: ELBDP2USBG1_MULTIPLE | Q51: LV | T51: LV
A52: ACIOPHY | B52: MNELBLONGUSBG2DP3_MULTIPLE | C52: MN_KMDA0_S_FULP_AN_CIPH_BST_JTG_ELB_ALLFRV_SI_ELBLONG_USBG2DP3 | D52: ELBUSBG2DP3_MULTIPLE | Q52: LV | T52: LV
A53: ACIOPHY | B53: MNELBLONGDP3USBG2_MULTIPLE | C53: MN_KMDA0_S_FULP_AN_CIPH_BST_JTG_ELB_ALLFRV_SI_ELBLONG_DP3USBG2 | D53: ELBDP3USBG2_MULTIPLE | Q53: LV | T53: LV
A54: ACIOPHY | B54: MNELBLONGCIOG1_MULTIPLE | C54: MN_KMDA0_S_FULP_AN_CIPH_BST_JTG_ELB_ALLFRV_SI_ELBLONG_CIOG1 | D54: ELBCIOG1_MULTIPLE | Q54: LV | T54: LV
A55: ACIOPHY | B55: MNELBLONGCIOG2_MULTIPLE | C55: MN_KMDA0_S_FULP_AN_CIPH_BST_JTG_ELB_ALLFRV_SI_ELBLONG_CIOG2 | D55: ELBCIOG2_MULTIPLE | Q55: LV | T55: LV
A56: ACIOPHY | B56: MNELBLONGCIOG3_MULTIPLE | C56: MN_KMDA0_S_FULP_AN_CIPH_BST_JTG_ELB_ALLFRV_SI_ELBLONG_CIOG3 | D56: ELBCIOG3_MULTIPLE | Q56: LV | T56: LV
A57: ACIOPHY | B57: MNELBLONGCIOG4_MULTIPLE | C57: MN_KMDA0_S_FULP_AN_CIPH_BST_JTG_ELB_ALLFRV_SI_ELBLONG_CIOG4 | D57: ELBCIOG4_MULTIPLE | E57: 3834.97 | H57: 3834.97 | K57: 3834.97 | N57: 3834.97 | Q57: LV | T57: LV
A58: ACIOPHY | B58: MNELBISIM_MULTIPLE | C58: MN_KMDA0_S_FULP_AN_CIPH_BST_JTG_ELB_ALLFRV_SI_ELB_ISIM

Sheet ACIPHY
A2: Proposal for TTR | D2: Total (ms) | F2: =SUM(E5:G76) -> 12694.25 | I2: =SUM(H5:J76) -> 12694.25 | L2: =SUM(K5:M76) -> 12694.25 | O2: =SUM(N5:P76) -> 12694.25
E3: CP1 (ms) | H3: CP2 (ms) | K3: FT1 (ms) | N3: FT2 (ms)
A4: Category | B4: SubBlock | C4: Pattern | D4: HIP_FailRun | E4: LV | F4: NV | G4: HV | H4: LV | I4: NV | J4: HV | K4: LV | L4: NV | M4: HV | N4: LV | O4: NV | P4: HV | Q4: Prod CP1 | R4: Prod CP2 | S4: Prod FT1 | T4: Prod FT2 | U4: Mon | V4: T0Tx | W4: RMA Room | X4: RMA Hot
A5: ACIPHY | B5: OTHER | C5: ACIPHY_L5L4_SELECT | F5: 32.94 | I5: 32.94 | L5: 32.94 | O5: 32.94 | Q5: LV,NV,HV | R5: LV,NV,HV | S5: LV,NV,HV | T5: LV,NV,HV
A6: ACIPHY | B6: OTHER | C6: ACIPHY_AUXTRIM_FUSE_PREWRITE_CAL | Q6: NV
A7: ACIPHY | B7: OTHER | C7: ACIPHY_AUXTRIM_FUSE_READ_CAL | R7: NV | S7: NV | T7: NV
A8: ACIPHY | B8: OTHER | C8: ACIPHY_L5L6_SELECT | F8: 45.1 | I8: 45.1 | L8: 45.1 | O8: 45.1 | Q8: LV,NV,HV | R8: LV,NV,HV | S8: LV,NV,HV | T8: LV,NV,HV
A9: ACIPHY | B9: ACIPHYAUXTRIMTXIMPSWP_MULTIPLE | C9: PP_KMDA0_S_FULP_AN_RXCM_MEA_JTG_VMX_ALLFRV_SI_AUXTRIM_TXIMPSWP | F9: 439.32 | I9: 439.32 | L9: 439.32 | O9: 439.32 | Q9: NV | S9: NV
A10: ACIPHY | B10: CMNCMNVOLT_MULTIPLE | C10: PP_KMDA0_S_FULP_AN_RXCM_MEA_JTG_VMX_ALLFRV_SI_CMN_CMNVOLT | F10: 166.23 | I10: 166.23 | L10: 166.23 | O10: 166.23 | S10: NV
A11: ACIPHY | B11: SHMREGRDWR_MULTIPLE | C11: PP_KMDA0_S_FULP_AN_RXPH_MEA_JTG_FUN_ALLFRV_SI_SHM_REGRDWR | Q11: HV
A12: ACIPHY | B12: RXDACMONO_MULTIPLE | C12: PP_KMDA0_S_FULP_AN_RXPH_MEA_JTG_VMX_ALLFRV_SI_RXDAC_MONO | Q12: LV,HV
A13: ACIPHY | B13: ODDELB2P7_MULTIPLE | C13: PP_KMDA0_S_FULP_AN_RXPH_BST_JTG_ELB_ALLFRV_SI_ODD_ELB2P7 | E13: 59.69 | G13: 46.99 | H13: 59.69 | J13: 46.99 | K13: 59.69 | M13: 46.99 | N13: 59.69 | P13: 46.99 | Q13: LV | S13: HV | T13: LV
A14: ACIPHY | B14: EVENELB2P7_MULTIPLE | C14: PP_KMDA0_S_FULP_AN_RXPH_BST_JTG_ELB_ALLFRV_SI_EVEN_ELB2P7 | E14: 44.1 | G14: 46.07 | H14: 44.1 | J14: 46.07 | K14: 44.1 | M14: 46.07 | N14: 44.1 | P14: 46.07 | Q14: LV | S14: HV | T14: LV
A15: ACIPHY | B15: ODDELB5P4_MULTIPLE | C15: PP_KMDA0_S_FULP_AN_RXPH_BST_JTG_ELB_ALLFRV_SI_ODD_ELB5P4 | E15: 46.3 | G15: 51.07 | H15: 46.3 | J15: 51.07 | K15: 46.3 | M15: 51.07 | N15: 46.3 | P15: 51.07 | Q15: LV | S15: HV | T15: LV
A16: ACIPHY | B16: EVENELB5P4_MULTIPLE | C16: PP_KMDA0_S_FULP_AN_RXPH_BST_JTG_ELB_ALLFRV_SI_EVEN_ELB5P4 | E16: 59.52 | G16: 46.64 | H16: 59.52 | J16: 46.64 | K16: 59.52 | M16: 46.64 | N16: 59.52 | P16: 46.64 | Q16: LV | S16: HV | T16: LV
A17: ACIPHY | B17: ODDELB9P6_MULTIPLE | C17: PP_KMDA0_S_FULP_AN_RXPH_BST_JTG_ELB_ALLFRV_SI_ODD_ELB9P6 | E17: 48.39 | G17: 46.68 | H17: 48.39 | J17: 46.68 | K17: 48.39 | M17: 46.68 | N17: 48.39 | P17: 46.68 | Q17: LV | S17: HV | T17: LV
A18: ACIPHY | B18: EVENELB9P6_MULTIPLE | C18: PP_KMDA0_S_FULP_AN_RXPH_BST_JTG_ELB_ALLFRV_SI_EVEN_ELB9P6 | E18: 44.36 | G18: 46.83 | H18: 44.36 | J18: 46.83 | K18: 44.36 | M18: 46.83 | N18: 44.36 | P18: 46.83 | Q18: LV | S18: HV | T18: LV
A19: ACIPHY | B19: ODDELB14P0_MULTIPLE | C19: PP_KMDA0_S_FULP_AN_RXPH_BST_JTG_ELB_ALLFRV_SI_ODD_ELB14P0 | E19: 63.95 | G19: 64.01 | H19: 63.95 | J19: 64.01 | K19: 63.95 | M19: 64.01 | N19: 63.95 | P19: 64.01 | Q19: LV,HV | S19: HV | T19: LV
A20: ACIPHY | B20: EVENELB14P0_MULTIPLE | C20: PP_KMDA0_S_FULP_AN_RXPH_BST_JTG_ELB_ALLFRV_SI_EVEN_ELB14P0 | E20: 68.07 | G20: 65.3 | H20: 68.07 | J20: 65.3 | K20: 68.07 | M20: 65.3 | N20: 68.07 | P20: 65.3 | Q20: LV,HV | S20: HV | T20: LV
A21: ACIPHY | B21: ODDPWRELB2P7_MULTIPLE | C21: PP_KMDA0_S_FULP_AN_RXPH_BST_JTG_ELB_ALLFRV_SI_ODDPWR_ELB2P7 | T21: HV
A22: ACIPHY | B22: EVENPWRELB2P7_MULTIPLE | C22: PP_KMDA0_S_FULP_AN_RXPH_BST_JTG_ELB_ALLFRV_SI_EVENPWR_ELB2P7 | T22: HV
A23: ACIPHY | B23: ODDPWRELB5P4_MULTIPLE | C23: PP_KMDA0_S_FULP_AN_RXPH_BST_JTG_ELB_ALLFRV_SI_ODDPWR_ELB5P4 | T23: HV
A24: ACIPHY | B24: EVENPWRELB5P4_MULTIPLE | C24: PP_KMDA0_S_FULP_AN_RXPH_BST_JTG_ELB_ALLFRV_SI_EVENPWR_ELB5P4 | T24: HV
A25: ACIPHY | B25: ODDPWRELB9P6_MULTIPLE | C25: PP_KMDA0_S_FULP_AN_RXPH_BST_JTG_ELB_ALLFRV_SI_ODDPWR_ELB9P6 | T25: HV
A26: ACIPHY | B26: EVENPWRELB9P6_MULTIPLE | C26: PP_KMDA0_S_FULP_AN_RXPH_BST_JTG_ELB_ALLFRV_SI_EVENPWR_ELB9P6 | T26: HV
A27: ACIPHY | B27: ODDPWRELB14P0_MULTIPLE | C27: PP_KMDA0_S_FULP_AN_RXPH_BST_JTG_ELB_ALLFRV_SI_ODDPWR_ELB14P0 | T27: HV
A28: ACIPHY | B28: EVENPWRELB14P0_MULTIPLE | C28: PP_KMDA0_S_FULP_AN_RXPH_BST_JTG_ELB_ALLFRV_SI_EVENPWR_ELB14P0 | T28: HV
A29: ACIPHY | B29: RXRIMPMEAS_MULTIPLE | C29: PP_KMDA0_S_FULP_AN_RXRX_MEA_JTG_VMX_ALLFRV_SI_RX_RIMPMEAS | S29: HV | T29: HV
A30: ACIPHY | B30: RXODDFCNT9P6_MULTIPLE | C30: PP_KMDA0_S_FULP_AN_RXRX_MEA_JTG_VMX_ALLFRV_SI_RXODD_FCNT9P6 | Q30: LV | T30: HV
A31: ACIPHY | B31: RXEVENFCNT9P6_MULTIPLE | C31: PP_KMDA0_S_FULP_AN_RXRX_MEA_JTG_VMX_ALLFRV_SI_RXEVEN_FCNT9P6 | Q31: LV | T31: HV
A32: ACIPHY | B32: RXODDFCNT14P0_MULTIPLE | C32: PP_KMDA0_S_FULP_AN_RXRX_MEA_JTG_VMX_ALLFRV_SI_RXODD_FCNT14P0 | Q32: LV | T32: HV
A33: ACIPHY | B33: RXEVENFCNT14P0_MULTIPLE | C33: PP_KMDA0_S_FULP_AN_RXRX_MEA_JTG_VMX_ALLFRV_SI_RXEVEN_FCNT14P0 | Q33: LV | T33: HV
A34: ACIPHY | B34: AUXAUXTERM_MULTIPLE | C34: PP_KMDA0_S_FULP_AN_RXAX_MEA_JTG_VMX_ALLFRV_SI_AUX_AUXTERM | T34: LV
A35: ACIPHY | B35: AUXRXSEN50LH_MULTIPLE | C35: PP_KMDA0_S_FULP_AN_RXAX_MEA_JTG_VMX_ALLFRV_SI_AUX_RXSEN | T35: LV
A36: ACIPHY | B36: AUXRXSEN100LH_MULTIPLE | C36: PP_KMDA0_S_FULP_AN_RXAX_MEA_JTG_VMX_ALLFRV_SI_AUX_RXSEN | T36: LV
A37: ACIPHY | B37: MNODDLONGELB2P7_MULTIPLE | C37: MN_KMDA0_S_FULP_AN_RXPH_BST_JTG_ELB_ALLFRV_SI_ODDLONG_ELB2P7 | D37: ODDELB2P7_MULTIPLE | Q37: LV
A38: ACIPHY | B38: MNEVENLONGELB2P7_MULTIPLE | C38: MN_KMDA0_S_FULP_AN_RXPH_BST_JTG_ELB_ALLFRV_SI_EVENLONG_ELB2P7 | D38: EVENELB2P7_MULTIPLE | Q38: LV
A39: ACIPHY | B39: MNODDLONGELB5P4_MULTIPLE | C39: MN_KMDA0_S_FULP_AN_RXPH_BST_JTG_ELB_ALLFRV_SI_ODDLONG_ELB5P4 | D39: ODDELB5P4_MULTIPLE | Q39: LV
A40: ACIPHY | B40: MNEVENLONGELB5P4_MULTIPLE | C40: MN_KMDA0_S_FULP_AN_RXPH_BST_JTG_ELB_ALLFRV_SI_EVENLONG_ELB5P4 | D40: EVENELB5P4_MULTIPLE | Q40: LV
A41: ACIPHY | B41: MNODDLONGELB9P6_MULTIPLE | C41: MN_KMDA0_S_FULP_AN_RXPH_BST_JTG_ELB_ALLFRV_SI_ODDLONG_ELB9P6 | D41: ODDELB9P6_MULTIPLE | Q41: LV
A42: ACIPHY | B42: MNEVENLONGELB9P6_MULTIPLE | C42: MN_KMDA0_S_FULP_AN_RXPH_BST_JTG_ELB_ALLFRV_SI_EVENLONG_ELB9P6 | D42: EVENELB9P6_MULTIPLE | Q42: LV
A43: ACIPHY | B43: MNODDLONGELB14P0_MULTIPLE | C43: MN_KMDA0_S_FULP_AN_RXPH_BST_JTG_ELB_ALLFRV_SI_ODDLONG_ELB14P0 | D43: ODDELB14P0_MULTIPLE | E43: 3264.43 | H43: 3264.43 | K43: 3264.43 | N43: 3264.43 | Q43: LV
A44: ACIPHY | B44: MNEVENLONGELB14P0_MULTIPLE | C44: MN_KMDA0_S_FULP_AN_RXPH_BST_JTG_ELB_ALLFRV_SI_EVENLONG_ELB14P0 | D44: EVENELB14P0_MULTIPLE | E44: 3270.26 | H44: 3270.26 | K44: 3270.26 | N44: 3270.26 | Q44: LV
A45: ACIPHY | B45: MNRXDCOBISWPA_MULTIPLE | C45: MN_KMDA0_S_FULP_AN_RXRX_MEA_JTG_FRQ_ALLFRV_SI_RX_DCOBISWP
A46: ACIPHY | B46: MNRXDCOBISWPB_MULTIPLE | C46: MN_KMDA0_S_FULP_AN_RXRX_MEA_JTG_FRQ_ALLFRV_SI_RX_DCOBISWP
A47: ACIPHY | B47: MNRXDCOBISWPC_MULTIPLE | C47: MN_KMDA0_S_FULP_AN_RXRX_MEA_JTG_FRQ_ALLFRV_SI_RX_DCOBISWP
A48: ACIPHY | B48: MNRXDCOBISWPD_MULTIPLE | C48: MN_KMDA0_S_FULP_AN_RXRX_MEA_JTG_FRQ_ALLFRV_SI_RX_DCOBISWP
A49: ACIPHY | B49: MNRXDCOBISWPE_MULTIPLE | C49: MN_KMDA0_S_FULP_AN_RXRX_MEA_JTG_FRQ_ALLFRV_SI_RX_DCOBISWP
A50: ACIPHY | B50: MNRXDCOCRSWPA_MULTIPLE | C50: MN_KMDA0_S_FULP_AN_RXRX_MEA_JTG_FRQ_ALLFRV_SI_RX_DCOCRSWP
A51: ACIPHY | B51: MNRXDCOCRSWPB_MULTIPLE | C51: MN_KMDA0_S_FULP_AN_RXRX_MEA_JTG_FRQ_ALLFRV_SI_RX_DCOCRSWP
A52: ACIPHY | B52: MNRXDCOCRSWPC_MULTIPLE | C52: MN_KMDA0_S_FULP_AN_RXRX_MEA_JTG_FRQ_ALLFRV_SI_RX_DCOCRSWP
A53: ACIPHY | B53: MNRXDCOCRSWPD_MULTIPLE | C53: MN_KMDA0_S_FULP_AN_RXRX_MEA_JTG_FRQ_ALLFRV_SI_RX_DCOCRSWP
A54: ACIPHY | B54: MNRXDCOCRSWPE_MULTIPLE | C54: MN_KMDA0_S_FULP_AN_RXRX_MEA_JTG_FRQ_ALLFRV_SI_RX_DCOCRSWP
A55: ACIPHY | B55: MNRXDCOFNSWPA_MULTIPLE | C55: MN_KMDA0_S_FULP_AN_RXRX_MEA_JTG_FRQ_ALLFRV_SI_RX_DCOFNSWP
A56: ACIPHY | B56: MNRXDCOFNSWPB_MULTIPLE | C56: MN_KMDA0_S_FULP_AN_RXRX_MEA_JTG_FRQ_ALLFRV_SI_RX_DCOFNSWP
... A61: ACIPHY | B61: MNRXDACRNGODD_MULTIPLE | C61: MN_KMDA0_S_FULP_AN_RXRX_MEA_JTG_VMX_ALLFRV_SI_RXDAC_RNGODD
A62: ACIPHY | B62: L5L6ELB2P7_MULTIPLE | C62: PP_KMDA0_S_FULP_AN_RXPH_BST_JTG_ELB_ALLFRV_SI_L5L6_ELB2P7 | E62: 47.45 | G62: 34.18 | H62: 47.45 | J62: 34.18 | K62: 47.45 | M62: 34.18 | N62: 47.45 | P62: 34.18 | Q62: LV | S62: HV | T62: LV
A63: ACIPHY | B63: L5L6ELB5P4_MULTIPLE | C63: PP_KMDA0_S_FULP_AN_RXPH_BST_JTG_ELB_ALLFRV_SI_L5L6_ELB5P4 | E63: 33.55 | G63: 33.28 | H63: 33.55 | J63: 33.28 | K63: 33.55 | M63: 33.28 | N63: 33.55 | P63: 33.28 | Q63: LV | S63: HV | T63: LV
A64: ACIPHY | B64: L5L6ELB9P6_MULTIPLE | C64: PP_KMDA0_S_FULP_AN_RXPH_BST_JTG_ELB_ALLFRV_SI_L5L6_ELB9P6 | E64: 33.18 | G64: 32.71 | H64: 33.18 | J64: 32.71 | K64: 33.18 | M64: 32.71 | N64: 33.18 | P64: 32.71 | Q64: LV | S64: HV | T64: LV
A65: ACIPHY | B65: L5L6ELB14P0_MULTIPLE | C65: PP_KMDA0_S_FULP_AN_RXPH_BST_JTG_ELB_ALLFRV_SI_L5L6_ELB14P0 | E65: 41.41 | G65: 40.03 | H65: 41.41 | J65: 40.03 | K65: 41.41 | M65: 40.03 | N65: 41.41 | P65: 40.03 | Q65: LV,HV | S65: HV | T65: LV
A66: ACIPHY | B66: L5L6PWRELB2P7_MULTIPLE | C66: PP_KMDA0_S_FULP_AN_RXPH_BST_JTG_ELB_ALLFRV_SI_L5L6PWR_ELB2P7 | T66: HV
A67: ACIPHY | B67: L5L6PWRELB5P4_MULTIPLE | C67: PP_KMDA0_S_FULP_AN_RXPH_BST_JTG_ELB_ALLFRV_SI_L5L6PWR_ELB5P4 | T67: HV
A68: ACIPHY | B68: L5L6PWRELB9P6_MULTIPLE | C68: PP_KMDA0_S_FULP_AN_RXPH_BST_JTG_ELB_ALLFRV_SI_L5L6PWR_ELB9P6 | T68: HV
A69: ACIPHY | B69: L5L6PWRELB14P0_MULTIPLE | C69: PP_KMDA0_S_FULP_AN_RXPH_BST_JTG_ELB_ALLFRV_SI_L5L6PWR_ELB14P0 | T69: HV
A70: ACIPHY | B70: RXL5L6FCNT9P6_MULTIPLE | C70: PP_KMDA0_S_FULP_AN_RXRX_MEA_JTG_VMX_ALLFRV_SI_RXL5L6_FCNT9P6 | Q70: LV | T70: HV
A71: ACIPHY | B71: RXL5L6FCNT14P0_MULTIPLE | C71: PP_KMDA0_S_FULP_AN_RXRX_MEA_JTG_VMX_ALLFRV_SI_RXL5L6_FCNT14P0 | Q71: LV | T71: HV
A72: ACIPHY | B72: MNL5L6LONGELB2P7_MULTIPLE | C72: MN_KMDA0_S_FULP_AN_RXPH_BST_JTG_ELB_ALLFRV_SI_L5L6LONG_ELB2P7 | D72: L5L6ELB2P7_MULTIPLE | Q72: LV
A73: ACIPHY | B73: MNL5L6LONGELB5P4_MULTIPLE | C73: MN_KMDA0_S_FULP_AN_RXPH_BST_JTG_ELB_ALLFRV_SI_L5L6LONG_ELB5P4 | D73: L5L6ELB5P4_MULTIPLE | Q73: LV
A74: ACIPHY | B74: MNL5L6LONGELB9P6_MULTIPLE | C74: MN_KMDA0_S_FULP_AN_RXPH_BST_JTG_ELB_ALLFRV_SI_L5L6LONG_ELB9P6 | D74: L5L6ELB9P6_MULTIPLE | Q74: LV
A75: ACIPHY | B75: MNL5L6LONGELB14P0_MULTIPLE | C75: MN_KMDA0_S_FULP_AN_RXPH_BST_JTG_ELB_ALLFRV_SI_L5L6LONG_ELB14P0 | D75: L5L6ELB14P0_MULTIPLE | E75: 4332.21 | H75: 4332.21 | K75: 4332.21 | N75: 4332.21 | Q75: LV
A76: ACIPHY | B76: MNRXDACRNGL5L6_MULTIPLE | C76: MN_KMDA0_S_FULP_AN_RXRX_MEA_JTG_VMX_ALLFRV_SI_RXDAC_RNGL5L6

Sheet LPDPTX
A2: Proposal for TTR | D2: Total (ms) | F2: =SUM(E5:G19) -> 1048.64 | I2: =SUM(H5:J19) -> 1048.64 | L2: =SUM(K5:M19) -> 1048.64 | O2: =SUM(N5:P19) -> 1048.64
E3: CP1 (ms) | H3: CP2 (ms) | K3: FT1 (ms) | N3: FT2 (ms)
A4: Category | B4: SubBlock | C4: Pattern | D4: HIP_FailRun | E4: LV | F4: NV | G4: HV | H4: LV | I4: NV | J4: HV | K4: LV | L4: NV | M4: HV | N4: LV | O4: NV | P4: HV | Q4: Prod CP1 | R4: Prod CP2 | S4: Prod FT1 | T4: Prod FT2 | U4: Mon | V4: T0Tx | W4: RMA Room | X4: RMA Hot
A5: LPDPTX | B5: LPDPTXAUXTRIMAUXTIMP_MULTIPLE | C5: PP_KMDA0_S_FULP_AN_TXAX_MEA_JTG_VMX_ALLFRV_SI_AUXRX_AUXTIMP | F5: 598.23 | I5: 598.23 | L5: 598.23 | O5: 598.23 | Q5: NV
A6: LPDPTX | B6: OTHER | C6: LPDPTX_AUXTRIM_FUSE_PREWRITE_CAL | Q6: NV
A7: LPDPTX | B7: OTHER | C7: LPDPTX_AUXTRIM_FUSE_READ_CAL | R7: NV | S7: NV | T7: NV
A8: LPDPTX | B8: AUXTXAUXTMODE_MULTIPLE | C8: PP_KMDA0_S_FULP_AN_TXAX_MEA_JTG_VMX_ALLFRV_SI_AUXTX_AUXTMODE | S8: LV | T8: LV
A9: LPDPTX | B9: TXTIMPMEAS_MULTIPLE | C9: PP_KMDA0_S_FULP_AN_TXTX_MEA_JTG_VMX_ALLFRV_SI_TX_TIMPMEAS | F9: 34.51 | I9: 34.51 | L9: 34.51 | O9: 34.51 | S9: NV
A10: LPDPTX | B10: TXHIZLEAK_MULTIPLE | C10: PP_KMDA0_S_FULP_AN_TXTX_MEA_JTG_VMX_ALLFRV_SI_TXHIZ_LEAK | T10: HV
A11: LPDPTX | B11: TXSWING_MULTIPLE | C11: PP_KMDA0_S_FULP_AN_TXTX_MEA_JTG_VMX_ALLFRV_SI_TX_SWING | S11: LV | T11: LV
A12: LPDPTX | B12: TXPLB_MULTIPLE | C12: PP_KMDA0_S_FULP_AN_TXTX_MEA_JTG_FUN_ALLFRV_SI_TX_PLB | E12: 15.7 | G12: 15.89 | H12: 15.7 | J12: 15.89 | K12: 15.7 | M12: 15.89 | N12: 15.7 | P12: 15.89 | Q12: LV | T12: HV
A13: LPDPTX | B13: TXFREQ_MULTIPLE | C13: PP_KMDA0_S_FULP_AN_TXTX_MEA_JTG_FRQ_ALLFRV_SI_TX_FREQ | E13: 72.68 | G13: 53.58 | H13: 72.68 | J13: 53.58 | K13: 72.68 | M13: 53.58 | N13: 72.68 | P13: 53.58 | S13: LV
A14: LPDPTX | B14: TXCMFC_MULTIPLE | C14: PP_KMDA0_S_FULP_AN_TXTX_MEA_JTG_VMX_ALLFRV_SI_TX_CMFC | S14: LV | T14: HV
A15: LPDPTX | B15: TXSHMCHECK_MULTIPLE | C15: PP_KMDA0_S_FULP_AN_TXTX_MEA_JTG_FUN_ALLFRV_SI_TX_SHMCHECK | S15: LV | T15: HV
A16: LPDPTX | B16: CMNCMNVOLT_MULTIPLE | C16: PP_KMDA0_S_FULP_AN_TXCM_MEA_JTG_VMX_ALLFRV_SI_CMN_CMNVOLT | F16: 138.7 | I16: 138.7 | L16: 138.7 | O16: 138.7 | S16: LV | T16: HV
A17: LPDPTX | B17: AUXRXAUXRMODEHI_MULTIPLE | C17: PP_KMDA0_S_FULP_AN_TXAX_MEA_JTG_VMX_ALLFRV_SI_AUXRX_AUXRMODE | E17: 21.43 | F17: 21.47 | G17: 20.85 | H17: 21.43 | I17: 21.47 | J17: 20.85 | K17: 21.43 | L17: 21.47 | M17: 20.85 | N17: 21.43 | O17: 21.47 | P17: 20.85 | S17: LV | T17: LV
A18: LPDPTX | B18: AUXRXAUXRMODELO_MULTIPLE | C18: PP_KMDA0_S_FULP_AN_TXAX_MEA_JTG_VMX_ALLFRV_SI_AUXRX_AUXRMODE | E18: 18.15 | F18: 18.43 | G18: 19.02 | H18: 18.15 | I18: 18.43 | J18: 19.02 | K18: 18.15 | L18: 18.43 | M18: 19.02 | N18: 18.15 | O18: 18.43 | P18: 19.02
A19: LPDPTX | B19: MNTXCLKMON_MULTIPLE | C19: MN_KMDA0_S_FULP_AN_TXTX_MEA_JTG_VMX_ALLFRV_SI_TX_CLKMON

Sheet PCIE5
A2: Proposal for TTR | D2: Total (ms) | F2: =SUM(E5:G43) -> 6996.22 | I2: =SUM(H5:J43) -> 6996.22 | L2: =SUM(K5:M43) -> 6996.22 | O2: =SUM(N5:P43) -> 6996.22
E3: CP1 (ms) | H3: CP2 (ms) | K3: FT1 (ms) | N3: FT2 (ms)
A4: Category | B4: SubBlock | C4: Pattern | D4: HIP_FailRun | E4: LV | F4: NV | G4: HV | H4: LV | I4: NV | J4: HV | K4: LV | L4: NV | M4: HV | N4: LV | O4: NV | P4: HV | Q4: Prod CP1 | R4: Prod CP2 | S4: Prod FT1 | T4: Prod FT2 | U4: Mon | V4: T0Tx | W4: RMA Room | X4: RMA Hot
A5: PCIE5 | B5: CMNCMNVOLT_MULTIPLE | C5: PP_KMDA0_S_FULP_AN_P5CM_MEA_JTG_VMX_ALLFRV_SI_CMN_CMNVOLT | F5: 1005.73 | I5: 1005.73 | L5: 1005.73 | O5: 1005.73 | S5: NV
A6: PCIE5 | B6: TXTIMPMEAS_MULTIPLE | C6: PP_KMDA0_S_FULP_AN_P5TX_MEA_JTG_VMX_ALLFRV_SI_TX_TIMPMEAS | F6: 89.4 | I6: 89.4 | L6: 89.4 | O6: 89.4 | S6: NV
A7: PCIE5 | B7: TXHIZLEAK_MULTIPLE | C7: PP_KMDA0_S_FULP_AN_P5TX_MEA_JTG_VMX_ALLFRV_SI_TX_HIZLEAK | T7: HV
A8: PCIE5 | B8: TXSWING_MULTIPLE | C8: PP_KMDA0_S_FULP_AN_P5TX_MEA_JTG_VMX_ALLFRV_SI_TX_SWING | S8: LV
A9: PCIE5 | B9: TXFREQ_MULTIPLE | C9: PP_KMDA0_S_FULP_AN_P5TX_MEA_JTG_FRQ_ALLFRV_SI_TX_FREQ | E9: 64.29 | G9: 72.77 | H9: 64.29 | J9: 72.77 | K9: 64.29 | M9: 72.77 | N9: 64.29 | P9: 72.77 | S9: LV
A10: PCIE5 | B10: TXRXDET_MULTIPLE | C10: PP_KMDA0_S_FULP_AN_P5TX_MEA_JTG_VMX_ALLFRV_SI_TX_RXDET | S10: LV | T10: HV
A11: PCIE5 | B11: TXCMFC_MULTIPLE | C11: PP_KMDA0_S_FULP_AN_P5TX_MEA_JTG_VMX_ALLFRV_SI_TX_CMFC | S11: LV | T11: HV
A12: PCIE5 | B12: RXRIMPMEAS_MULTIPLE | C12: PP_KMDA0_S_FULP_AN_P5RX_MEA_JTG_VMX_ALLFRV_SI_RX_RIMPMEAS | S12: LV | T12: HV
A13: PCIE5 | B13: RXEIHILO_MULTIPLE | C13: PP_KMDA0_S_FULP_AN_P5RX_MEA_JTG_VMX_ALLFRV_SI_RX_EIHILO | S13: LV | T13: HV
A14: PCIE5 | B14: ELBG1_MULTIPLE | C14: PP_KMDA0_S_FULP_AN_P5PH_BST_JTG_ELB_ALLFRV_SI_ELB_G1 | E14: 79.51 | G14: 71.23 | H14: 79.51 | J14: 71.23 | K14: 79.51 | M14: 71.23 | N14: 79.51 | P14: 71.23 | Q14: LV | S14: HV | T14: LV
A15: PCIE5 | B15: ELBG1ROM_MULTIPLE | C15: PP_KMDA0_S_FULP_AN_P5PH_BST_JTG_ELB_ALLFRV_SI_ELB_G1ROM | E15: 81.35 | G15: 65.55 | H15: 81.35 | J15: 65.55 | K15: 81.35 | M15: 65.55 | N15: 81.35 | P15: 65.55 | Q15: LV | S15: HV | T15: LV
A16: PCIE5 | B16: ELBG2_MULTIPLE | C16: PP_KMDA0_S_FULP_AN_P5PH_BST_JTG_ELB_ALLFRV_SI_ELB_G2 | E16: 72.4 | G16: 82.16 | H16: 72.4 | J16: 82.16 | K16: 72.4 | M16: 82.16 | N16: 72.4 | P16: 82.16 | Q16: LV | S16: HV | T16: LV
A17: PCIE5 | B17: ELBG3_MULTIPLE | C17: PP_KMDA0_S_FULP_AN_P5PH_BST_JTG_ELB_ALLFRV_SI_ELB_G3 | E17: 71.07 | G17: 68.67 | H17: 71.07 | J17: 68.67 | K17: 71.07 | M17: 68.67 | N17: 71.07 | P17: 68.67 | Q17: LV | S17: HV | T17: LV
A18: PCIE5 | B18: ELBG4NOEQ_MULTIPLE | C18: PP_KMDA0_S_FULP_AN_P5PH_BST_JTG_ELB_ALLFRV_SI_ELB_G4NOEQ | E18: 100.98 | G18: 87.45 | H18: 100.98 | J18: 87.45 | K18: 100.98 | M18: 87.45 | N18: 100.98 | P18: 87.45 | Q18: LV | S18: HV | T18: LV
A19: PCIE5 | B19: ELBG4_MULTIPLE | C19: PP_KMDA0_S_FULP_AN_P5PH_BST_JTG_ELB_ALLFRV_SI_ELB_G4 | E19: 168 | G19: 183.44 | H19: 168 | J19: 183.44 | K19: 168 | M19: 183.44 | N19: 168 | P19: 183.44 | Q19: LV | S19: HV | T19: LV
A20: PCIE5 | B20: ELBG5_MULTIPLE | C20: PP_KMDA0_S_FULP_AN_P5PH_BST_JTG_ELB_ALLFRV_SI_ELB_G5 | E20: 186.73 | G20: 178.28 | H20: 186.73 | J20: 178.28 | K20: 186.73 | M20: 178.28 | N20: 186.73 | P20: 178.28 | Q20: LV,HV | S20: HV | T20: LV
A21: PCIE5 | B21: PWRG1_MULTIPLE | C21: PP_KMDA0_S_FULP_AN_P5PH_MEA_JTG_IMX_ALLFRV_SI_PWR_G1 | T21: HV
A22: PCIE5 | B22: PWRG2_MULTIPLE | C22: PP_KMDA0_S_FULP_AN_P5PH_MEA_JTG_IMX_ALLFRV_SI_PWR_G2 | T22: HV
A23: PCIE5 | B23: PWRG3_MULTIPLE | C23: PP_KMDA0_S_FULP_AN_P5PH_MEA_JTG_IMX_ALLFRV_SI_PWR_G3 | T23: HV
A24: PCIE5 | B24: PWRG4_MULTIPLE | C24: PP_KMDA0_S_FULP_AN_P5PH_MEA_JTG_IMX_ALLFRV_SI_PWR_G4 | T24: HV
A25: PCIE5 | B25: PWRG5_MULTIPLE | C25: PP_KMDA0_S_FULP_AN_P5PH_MEA_JTG_IMX_ALLFRV_SI_PWR_G5 | T25: HV
A26: PCIE5 | B26: SHMREGRDWR_MULTIPLE | C26: PP_KMDA0_S_FULP_AN_P5PH_MEA_JTG_FUN_ALLFRV_SI_SHM_REGRDWR | Q26: HV
A27: PCIE5 | B27: RXDACMONO_MULTIPLE | C27: PP_KMDA0_S_FULP_AN_P5PH_MEA_JTG_VMX_ALLFRV_SI_RXDAC_MONO | Q27: LV,HV
A28: PCIE5 | B28: MNRXDACRNG_MULTIPLE | C28: MN_KMDA0_S_FULP_AN_P5RX_MEA_JTG_VMX_ALLFRV_SI_RX_DACRNG | D28: RXDACMONO_MULTIPLE
A29: PCIE5 | B29: MNRXISIMEAS_MULTIPLE | C29: MN_KMDA0_S_FULP_AN_P5RX_MEA_JTG_VMX_ALLFRV_SI_RX_ISIMEAS
A30: PCIE5 | B30: MNELBLONGG1_MULTIPLE | C30: MN_KMDA0_S_FULP_AN_P5PH_BST_JTG_ELB_ALLFRV_SI_ELBLONG_G1 | D30: ELBG1_MULTIPLE | Q30: LV | S30: LV | T30: LV
A31: PCIE5 | B31: MNELBLONGG2_MULTIPLE | C31: MN_KMDA0_S_FULP_AN_P5PH_BST_JTG_ELB_ALLFRV_SI_ELBLONG_G2 | D31: ELBG2_MULTIPLE | Q31: LV | S31: LV | T31: LV
A32: PCIE5 | B32: MNELBLONGG3_MULTIPLE | C32: MN_KMDA0_S_FULP_AN_P5PH_BST_JTG_ELB_ALLFRV_SI_ELBLONG_G3 | D32: ELBG3_MULTIPLE | Q32: LV | S32: LV | T32: LV
A33: PCIE5 | B33: MNELBLONGG4_MULTIPLE | C33: MN_KMDA0_S_FULP_AN_P5PH_BST_JTG_ELB_ALLFRV_SI_ELBLONG_G4 | D33: ELBG4_MULTIPLE | Q33: LV | S33: LV | T33: LV
A34: PCIE5 | B34: MNELBLONGG5_MULTIPLE | C34: MN_KMDA0_S_FULP_AN_P5PH_BST_JTG_ELB_ALLFRV_SI_ELBLONG_G5 | D34: ELBG5_MULTIPLE | E34: 4267.21 | H34: 4267.21 | K34: 4267.21 | N34: 4267.21 | Q34: LV | S34: LV | T34: LV
A35: PCIE5 | B35: MNRXDCOBISWPA_MULTIPLE | C35: MN_KMDA0_S_FULP_AN_P5RX_MEA_JTG_FRQ_ALLFRV_SI_RX_DCOBISWP
A36: PCIE5 | B36: MNRXDCOBISWPB_MULTIPLE | C36: MN_KMDA0_S_FULP_AN_P5RX_MEA_JTG_FRQ_ALLFRV_SI_RX_DCOBISWP
A37: PCIE5 | B37: MNRXDCOBISWPC_MULTIPLE | C37: MN_KMDA0_S_FULP_AN_P5RX_MEA_JTG_FRQ_ALLFRV_SI_RX_DCOBISWP
A38: PCIE5 | B38: MNRXDCOCRSWPA_MULTIPLE | C38: MN_KMDA0_S_FULP_AN_P5RX_MEA_JTG_FRQ_ALLFRV_SI_RX_DCOCRSWP
A39: PCIE5 | B39: MNRXDCOCRSWPB_MULTIPLE | C39: MN_KMDA0_S_FULP_AN_P5RX_MEA_JTG_FRQ_ALLFRV_SI_RX_DCOCRSWP
A40: PCIE5 | B40: MNRXDCOCRSWPC_MULTIPLE | C40: MN_KMDA0_S_FULP_AN_P5RX_MEA_JTG_FRQ_ALLFRV_SI_RX_DCOCRSWP
A41: PCIE5 | B41: MNRXDCOFNSWPA_MULTIPLE | C41: MN_KMDA0_S_FULP_AN_P5RX_MEA_JTG_FRQ_ALLFRV_SI_RX_DCOFNSWP
A42: PCIE5 | B42: MNRXDCOFNSWPB_MULTIPLE | C42: MN_KMDA0_S_FULP_AN_P5RX_MEA_JTG_FRQ_ALLFRV_SI_RX_DCOFNSWP
A43: PCIE5 | B43: MNRXDCOFNSWPC_MULTIPLE | C43: MN_KMDA0_S_FULP_AN_P5RX_MEA_JTG_FRQ_ALLFRV_SI_RX_DCOFNSWP

Sheet NTSX
A2: Proposal for TTR | D2: Total (ms) | F2: =SUM(E5:G7) -> 90.81 | I2: =SUM(H5:J7) -> 90.81 | L2: =SUM(K5:M7) -> 90.81 | O2: =SUM(N5:P7) -> 90.81
E3: CP1 (ms) | H3: CP2 (ms) | K3: FT1 (ms) | N3: FT2 (ms)
A4: Category | B4: SubBlock | C4: Pattern | D4: HIP_FailRun | E4: LV | F4: NV | G4: HV | H4: LV | I4: NV | J4: HV | K4: LV | L4: NV | M4: HV | N4: LV | O4: NV | P4: HV | Q4: Prod CP1 | R4: Prod CP2 | S4: Prod FT1 | T4: Prod FT2 | U4: Mon | V4: T0Tx | W4: RMA Room | X4: RMA Hot
A5: NTSX | B5: NTST1_MULTIPLE | C5: PP_KMDA0_S_FULP_AN_P5MT_PFF_JTG_COD_ALLFRV_SI_NTS_T1 | F5: 90.81 | I5: 90.81 | L5: 90.81 | O5: 90.81 | Q5: NV | S5: NV | T5: NV
A6: NTSX | B6: OTHER | C6: NTSX_PCIE5NTSX_T1_FUSE_PREWRITE_CAL | Q6: NV
A7: NTSX | B7: OTHER | C7: NTSX_PCIE5NTSX_T1_FUSE_READ_CAL | S7: NV | T7: NV

Sheet PCIEREFBUF
A2: Proposal for TTR | D2: Total (ms) | F2: =SUM(E5:G6) -> 84.43 | I2: =SUM(H5:J6) -> 84.43 | L2: =SUM(K5:M6) -> 84.43 | O2: =SUM(N5:P6) -> 84.43
E3: CP1 (ms) | H3: CP2 (ms) | K3: FT1 (ms) | N3: FT2 (ms)
A4: Category | B4: SubBlock | C4: Pattern | D4: HIP_FailRun | E4: LV | F4: NV | G4: HV | H4: LV | I4: NV | J4: HV | K4: LV | L4: NV | M4: HV | N4: LV | O4: NV | P4: HV | Q4: Prod CP1 | R4: Prod CP2 | S4: Prod FT1 | T4: Prod FT2 | U4: Mon | V4: T0Tx | W4: RMA Room | X4: RMA Hot
A5: PCIEREFBUF | B5: REFBUFAUXTRIMAUXTIMP | C5: PP_KMDA0_S_FULP_AN_AB00_MEA_JTG_VMX_ALLFRV_SI_CALIB_T1PN | F5: 44.44 | I5: 44.44 | L5: 44.44 | O5: 44.44 | S5: NV | T5: NV
A6: PCIEREFBUF | B6: SWNGT7 | C6: PP_KMDA0_S_FULP_AN_AB00_MEA_JTG_IMX_ALLFRV_SI_SWNG_T7 | F6: 39.99 | I6: 39.99 | L6: 39.99 | O6: 39.99 | S6: NV | T6: NV

Sheet EUSB
A2: Proposal for TTR | D2: Total (ms) | F2: =SUM(E5:G34) -> 110.76 | I2: =SUM(H5:J34) -> 110.76 | L2: =SUM(K5:M34) -> 110.76 | O2: =SUM(N5:P34) -> 110.76
E3: CP1 (ms) | H3: CP2 (ms) | K3: FT1 (ms) | N3: FT2 (ms)
A4: Category | B4: SubBlock | C4: Pattern | D4: HIP_FailRun | E4: LV | F4: NV | G4: HV | H4: LV | I4: NV | J4: HV | K4: LV | L4: NV | M4: HV | N4: LV | O4: NV | P4: HV | Q4: Prod CP1 | R4: Prod CP2 | S4: Prod FT1 | T4: Prod FT2 | U4: Mon | V4: T0Tx | W4: RMA Room | X4: RMA Hot
A5: EUSB | B5: IDDQT01 | C5: PP_KMDA0_S_FULP_AN_EUSB_MEA_JTG_IMX_ALLFRV_SI_IDDQ_T01 | T5: HV
A6: EUSB | B6: UTMIT03 | C6: PP_KMDA0_S_FULP_AN_EUSB_MEA_JTG_FRQ_ALLFRV_SI_UTMI_T03 | R6: LV
A7: EUSB | B7: FSLST04 | C7: PP_KMDA0_S_FULP_AN_EUSB_BST_JTG_ILB_ALLFRV_SI_FSLS_T04 | E7: 24.39 | G7: 24.62 | H7: 24.39 | J7: 24.62 | K7: 24.39 | M7: 24.62 | N7: 24.39 | P7: 24.62 | Q7: LV,HV | R7: LV,HV
A8: EUSB | B8: HST06 | C8: PP_KMDA0_S_FULP_AN_EUSB_BST_JTG_ILB_ALLFRV_SI_HS_T06 | E8: 31.35 | G8: 30.4 | H8: 31.35 | J8: 30.4 | K8: 31.35 | M8: 30.4 | N8: 31.35 | P8: 30.4 | Q8: LV,HV | R8: LV,HV
A9: EUSB | B9: HSTJT10TERM | C9: PP_KMDA0_S_FULP_AN_EUSB_MEA_JTG_VMX_ALLFRV_SI_HSTJ_T10 | T9: LV
A10: EUSB | B10: HSTJT10UNTERM | C10: PP_KMDA0_S_FULP_AN_EUSB_MEA_JTG_VMX_ALLFRV_SI_HSTJ_T10 | T10: LV
A11: EUSB | B11: HSTKT11TERM | C11: PP_KMDA0_S_FULP_AN_EUSB_MEA_JTG_VMX_ALLFRV_SI_HSTK_T11 | T11: LV
A12: EUSB | B12: HSTKT11UNTERM | C12: PP_KMDA0_S_FULP_AN_EUSB_MEA_JTG_VMX_ALLFRV_SI_HSTK_T11 | T12: LV
A13: EUSB | B13: HSSE0T12 | C13: PP_KMDA0_S_FULP_AN_EUSB_MEA_JTG_VMX_ALLFRV_SI_HSSE0_T12 | T13: HV
A14: EUSB | B14: SIHSJKT13TTR | C14: PP_KMDA0_S_FULP_AN_EUSB_MEA_JTG_IMX_ALLFRV_SI_SIHSJK_T13TTR | S14: LV | T14: LV
A15: EUSB | B15: HSRTMT16 | C15: PP_KMDA0_S_FULP_AN_EUSB_BST_JTG_ILB_ALLFRV_SI_HSRTM_T16 | S15: LV | T15: LV
A16: EUSB | B16: DCSQJT17 | C16: PP_KMDA0_S_FULP_AN_EUSB_BST_JTG_ILB_ALLFRV_SI_DCSQJ_T17 | R16: LV
A17: EUSB | B17: DCSQKT18 | C17: PP_KMDA0_S_FULP_AN_EUSB_BST_JTG_ILB_ALLFRV_SI_DCSQK_T18 | R17: LV
A18: EUSB | B18: DCSQSE0T17SQ | C18: PP_KMDA0_S_FULP_AN_EUSB_BST_JTG_ILB_ALLFRV_SI_DCSQSE0_T17SQ | R18: LV
A19: EUSB | B19: FSLST19TTR | C19: PP_KMDA0_S_FULP_AN_EUSB_MEA_JTG_VMX_ALLFRV_SI_FSLS_T19TTR | R19: LV
A20: EUSB | B20: FSLSZT25TTR | C20: PP_KMDA0_S_FULP_AN_EUSB_MEA_JTG_IMX_ALLFRV_SI_FSLSZ_T25TTR | T20: LV
A21: EUSB | B21: FLSRSET29P1 | C21: PP_KMDA0_S_FULP_AN_EUSB_BST_JTG_ILB_ALLFRV_SI_FLSRSE_T29P1 | R21: LV
A22: EUSB | B22: FLSRSET29P2 | C22: PP_KMDA0_S_FULP_AN_EUSB_BST_JTG_ILB_ALLFRV_SI_FLSRSE_T29P2 | R22: LV
A23: EUSB | B23: FLSRSET29P3 | C23: PP_KMDA0_S_FULP_AN_EUSB_BST_JTG_ILB_ALLFRV_SI_FLSRSE_T29P3 | R23: LV
A24: EUSB | B24: FLSRSET29P4 | C24: PP_KMDA0_S_FULP_AN_EUSB_BST_JTG_ILB_ALLFRV_SI_FLSRSE_T29P4 | R24: LV
A25: EUSB | B25: RPDT30 | C25: PP_KMDA0_S_FULP_AN_EUSB_MEA_JTG_IMX_ALLFRV_SI_RPD_T30 | T25: LV
A26: EUSB | B26: PSSE0T40 | C26: PP_KMDA0_S_FULP_AN_EUSB_BST_JTG_ILB_ALLFRV_SI_PSSE0_T40 | T26: LV
A27: EUSB | B27: PSSE1T41 | C27: PP_KMDA0_S_FULP_AN_EUSB_BST_JTG_ILB_ALLFRV_SI_PSSE1_T41 | T27: LV
A28: EUSB | B28: PGPMLBAET42 | C28: PP_KMDA0_S_FULP_AN_EUSB_BST_JTG_ILB_ALLFRV_SI_PGPMLBAE_T42 | T28: LV
A29: EUSB | B29: PGPMLBAET43 | C29: PP_KMDA0_S_FULP_AN_EUSB_BST_JTG_ILB_ALLFRV_SI_PGPMLBAE_T43 | T29: LV
A30: EUSB | B30: PGPMLBNET44 | C30: PP_KMDA0_S_FULP_AN_EUSB_BST_JTG_ILB_ALLFRV_SI_PGPMLBNE_T44 | T30: LV
A31: EUSB | B31: HSMAXDENT50 | C31: PP_KMDA0_S_FULP_AN_EUSB_MEA_JTG_FRQ_ALLFRV_SI_HSMAXDEN_T50 | T31: LV
A32: EUSB | B32: FSMAXDENT51 | C32: PP_KMDA0_S_FULP_AN_EUSB_MEA_JTG_FRQ_ALLFRV_SI_FSMAXDEN_T51 | T32: LV
A33: EUSB | B33: MNCALT15 | C33: MN_KMDA0_S_FULP_AN_EUSB_BST_JTG_ILB_ALLFRV_SI_CAL_T15
A34: EUSB | B34: MNATBT33 | C34: MN_KMDA0_S_FULP_AN_EUSB_MEA_JTG_IMX_ALLFRV_SI_ATB_T33

Sheet AMP
A2: Proposal for TTR | D2: Total (ms) | F2: =SUM(E5:G113) -> 8656.77 | I2: =SUM(H5:J113) -> 8656.77 | L2: =SUM(K5:M113) -> 8656.77 | O2: =SUM(N5:P113) -> 8656.77
E3: CP1 (ms) | H3: CP2 (ms) | K3: FT1 (ms) | N3: FT2 (ms)
A4: Category | B4: SubBlock | C4: Pattern | D4: HIP_FailRun | E4: LV | F4: NV | G4: HV | H4: LV | I4: NV | J4: HV | K4: LV | L4: NV | M4: HV | N4: LV | O4: NV | P4: HV | Q4: Prod CP1 | R4: Prod CP2 | S4: Prod FT1 | T4: Prod FT2 | U4: Mon | V4: T0Tx | W4: RMA Room | X4: RMA Hot
A5: AMP | B5: OTHER | C5: AMP_FUSE_PREWRITE_CAL_VREGCAL | Q5: NV
A6: AMP | B6: OTHER | C6: AMP_FUSE_READ_CAL_VREGCAL | R6: NV | S6: NV | T6: NV
A7: AMP | B7: OTHER | C7: Relay_On_AMP_RREF_MEAS | F7: 38.6 | I7: 38.6 | L7: 38.6 | O7: 38.6 | Q7: NV,LV,HV | R7: NV,LV,HV | S7: NV,LV,HV | T7: NV,LV,HV
A8: AMP | B8: OTHER | C8: Relay_On_AMP_RREF_NORMAL | F8: 39.02 | I8: 39.02 | L8: 39.02 | O8: 39.02 | Q8: NV,LV,HV | R8: NV,LV,HV | S8: NV,LV,HV | T8: NV,LV,HV
A9: AMP | B9: RREFVREGCAL | C9: PP_KMDA0_S_FULP_AN_DDIO_MEA_JTG_LP5_MDX009_SI_RREF_VREGCAL | Q9: NV
A10: AMP | B10: MNUCSDMCAL | C10: MN_KMDA0_S_FULP_AN_DDIO_MEA_JTG_LP5_MDX009_SI_UCSDM_CAL | F10: 98 | I10: 98 | L10: 98 | O10: 98 | Q10: NV
A11: AMP | B11: MNUCSDMMEAS | C11: MN_KMDA0_S_FULP_AN_DDIO_MEA_JTG_LP5_MDX009_SI_UCSDM_MEAS | F11: 144.83 | I11: 144.83 | L11: 144.83 | O11: 144.83 | Q11: NV
A12: AMP | B12: INTSMD1CA | C12: PP_KMDA0_S_FULP_AN_DDIO_ILB_JTG_LP5_MDX001_SI_INTS_MD1CA | Q12: BV | R12: BV_BChk | S12: BV_BChk | T12: BV_BChk
A13: AMP | B13: INTSMD2CA | C13: PP_KMDA0_S_FULP_AN_DDIO_ILB_JTG_LP5_MDX002_SI_INTS_MD2CA | Q13: BV | R13: BV_BChk | S13: BV_BChk | T13: BV_BChk
A14: AMP | B14: INTSMD3CA | C14: PP_KMDA0_S_FULP_AN_DDIO_ILB_JTG_LP5_MDX003_SI_INTS_MD3CA | Q14: BV | R14: BV_BChk | S14: BV_BChk | T14: BV_BChk
A15: AMP | B15: INTSMD4CA | C15: PP_KMDA0_S_FULP_AN_DDIO_ILB_JTG_LP5_MDX004_SI_INTS_MD4CA | Q15: BV | R15: BV_BChk | S15: BV_BChk | T15: BV_BChk
A16: AMP | B16: INTSMD5CA | C16: PP_KMDA0_S_FULP_AN_DDIO_ILB_JTG_LP5_MDX005_SI_INTS_MD5CA | Q16: BV | R16: BV_BChk | S16: BV_BChk | T16: BV_BChk
A17: AMP | B17: INTSMD6CA | C17: PP_KMDA0_S_FULP_AN_DDIO_ILB_JTG_LP5_MDX006_SI_INTS_MD6CA | Q17: BV | R17: BV_BChk | S17: BV_BChk | T17: BV_BChk
A18: AMP | B18: INTSMD7CA | C18: PP_KMDA0_S_FULP_AN_DDIO_ILB_JTG_LP5_MDX007_SI_INTS_MD7CA | Q18: BV | R18: BV_BChk | S18: BV_BChk | T18: BV_BChk
A19: AMP | B19: INTSMD8CA | C19: PP_KMDA0_S_FULP_AN_DDIO_ILB_JTG_LP5_MDX008_SI_INTS_MD8CA | Q19: BV | R19: BV_BChk | S19: BV_BChk | T19: BV_BChk
A20: AMP | B20: INTSMD9CA | C20: PP_KMDA0_S_FULP_AN_DDIO_ILB_JTG_LP5_MDX009_SI_INTS_MD9CA | Q20: BV,HBV | R20: BV_BChk,HBV_BChk | S20: BV_BChk,HBV_BChk | T20: BV_BChk,HBV_BChk
A21: AMP | B21: INTS11P6MCA | C21: PP_KMDA0_S_FULP_AN_DDIO_ILB_JTG_LP5_MDX009_SI_INTS_11P6MCA
A22: AMP | B22: INTSMD1DQW | C22: PP_KMDA0_S_FULP_AN_DDIO_ILB_JTG_LP5_MDX001_SI_INTS_MD1DQW | Q22: BV | R22: BV_BChk | S22: BV_BChk | T22: BV_BChk
A23: AMP | B23: INTSMD2DQW | C23: PP_KMDA0_S_FULP_AN_DDIO_ILB_JTG_LP5_MDX002_SI_INTS_MD2DQW | Q23: BV | R23: BV_BChk | S23: BV_BChk | T23: BV_BChk
A24: AMP | B24: INTSMD3DQW | C24: PP_KMDA0_S_FULP_AN_DDIO_ILB_JTG_LP5_MDX003_SI_INTS_MD3DQW | Q24: BV | R24: BV_BChk | S24: BV_BChk | T24: BV_BChk
A25: AMP | B25: INTSMD4DQW | C25: PP_KMDA0_S_FULP_AN_DDIO_ILB_JTG_LP5_MDX004_SI_INTS_MD4DQW | Q25: BV | R25: BV_BChk | S25: BV_BChk | T25: BV_BChk
A26: AMP | B26: INTSMD5DQW | C26: PP_KMDA0_S_FULP_AN_DDIO_ILB_JTG_LP5_MDX005_SI_INTS_MD5DQW | Q26: BV | R26: BV_BChk | S26: BV_BChk | T26: BV_BChk
A27: AMP | B27: INTSMD6DQW | C27: PP_KMDA0_S_FULP_AN_DDIO_ILB_JTG_LP5_MDX006_SI_INTS_MD6DQW | Q27: BV | R27: BV_BChk | S27: BV_BChk | T27: BV_BChk
A28: AMP | B28: INTSMD7DQW | C28: PP_KMDA0_S_FULP_AN_DDIO_ILB_JTG_LP5_MDX007_SI_INTS_MD7DQW | Q28: BV | R28: BV_BChk | S28: BV_BChk | T28: BV_BChk
A29: AMP | B29: INTSMD8DQW | C29: PP_KMDA0_S_FULP_AN_DDIO_ILB_JTG_LP5_MDX008_SI_INTS_MD8DQW | Q29: BV | R29: BV_BChk | S29: BV_BChk | T29: BV_BChk
A30: AMP | B30: INTSMD9DQW | C30: PP_KMDA0_S_FULP_AN_DDIO_ILB_JTG_LP5_MDX009_SI_INTS_MD9DQW | Q30: BV,HBV | R30: BV_BChk,HBV_BChk | S30: BV_BChk,HBV_BChk | T30: BV_BChk,HBV_BChk
A31: AMP | B31: INTS11P6MDQW | C31: PP_KMDA0_S_FULP_AN_DDIO_ILB_JTG_LP5_MDX009_SI_INTS_11P6MDQW
A32: AMP | B32: INTSMD1DQR | C32: PP_KMDA0_S_FULP_AN_DDIO_ILB_JTG_LP5_MDX001_SI_INTS_MD1DQR | Q32: BV | R32: BV_BChk | S32: BV_BChk | T32: BV_BChk
A33: AMP | B33: INTSMD2DQR | C33: PP_KMDA0_S_FULP_AN_DDIO_ILB_JTG_LP5_MDX002_SI_INTS_MD2DQR | Q33: BV | R33: BV_BChk | S33: BV_BChk | T33: BV_BChk
A34: AMP | B34: INTSMD3DQR | C34: PP_KMDA0_S_FULP_AN_DDIO_ILB_JTG_LP5_MDX003_SI_INTS_MD3DQR | Q34: BV | R34: BV_BChk | S34: BV_BChk | T34: BV_BChk
A35: AMP | B35: INTSMD4DQR | C35: PP_KMDA0_S_FULP_AN_DDIO_ILB_JTG_LP5_MDX004_SI_INTS_MD4DQR | Q35: BV | R35: BV_BChk | S35: BV_BChk | T35: BV_BChk
A36: AMP | B36: INTSMD5DQR | C36: PP_KMDA0_S_FULP_AN_DDIO_ILB_JTG_LP5_MDX005_SI_INTS_MD5DQR | Q36: BV | R36: BV_BChk | S36: BV_BChk | T36: BV_BChk
A37: AMP | B37: INTSMD6DQR | C37: PP_KMDA0_S_FULP_AN_DDIO_ILB_JTG_LP5_MDX006_SI_INTS_MD6DQR | Q37: BV | R37: BV_BChk | S37: BV_BChk | T37: BV_BChk
A38: AMP | B38: INTSMD7DQR | C38: PP_KMDA0_S_FULP_AN_DDIO_ILB_JTG_LP5_MDX007_SI_INTS_MD7DQR | Q38: BV | R38: BV_BChk | S38: BV_BChk | T38: BV_BChk
A39: AMP | B39: INTSMD8DQR | C39: PP_KMDA0_S_FULP_AN_DDIO_ILB_JTG_LP5_MDX008_SI_INTS_MD8DQR | Q39: BV | R39: BV_BChk | S39: BV_BChk | T39: BV_BChk
A40: AMP | B40: INTSMD9DQR | C40: PP_KMDA0_S_FULP_AN_DDIO_ILB_JTG_LP5_MDX009_SI_INTS_MD9DQR | Q40: BV,HBV | R40: BV_BChk,HBV_BChk | S40: BV_BChk,HBV_BChk | T40: BV_BChk,HBV_BChk
A41: AMP | B41: INTS11P6MDQR | C41: PP_KMDA0_S_FULP_AN_DDIO_ILB_JTG_LP5_MDX009_SI_INTS_11P6MDQR
A42: AMP | B42: INTECCMD9DQW | C42: PP_KMDA0_S_FULP_AN_DDIO_ILB_JTG_LP5_MDX009_SI_INTECC_MD9DQW | Q42: BV,HBV | R42: BV_BChk,HBV_BChk | S42: BV_BChk,HBV_BChk | T42: BV_BChk,HBV_BChk
A43: AMP | B43: INTECC11P6MDQW | C43: PP_KMDA0_S_FULP_AN_DDIO_ILB_JTG_LP5_MDX009_SI_INTECC_11P6MDQW
A44: AMP | B44: ZCALMD1ZCAL | C44: PP_KMDA0_S_FULP_AN_DDIO_CAL_JTG_LP5_MDX001_SI_ZCAL_MD1ZCAL | E44: 65.78 | G44: 63.48 | H44: 65.78 | J44: 63.48 | K44: 65.78 | M44: 63.48 | N44: 65.78 | P44: 63.48 | Q44: LV,HV | R44: LV,HV | S44: LV,HV | T44: LV,HV
A45: AMP | B45: ZCALMD2ZCAL | C45: PP_KMDA0_S_FULP_AN_DDIO_CAL_JTG_LP5_MDX002_SI_ZCAL_MD2ZCAL | E45: 50.87 | G45: 51.86 | H45: 50.87 | J45: 51.86 | K45: 50.87 | M45: 51.86 | N45: 50.87 | P45: 51.86 | Q45: LV,HV | R45: LV,HV | S45: LV,HV | T45: LV,HV
A46: AMP | B46: ZCALMD3ZCAL | C46: PP_KMDA0_S_FULP_AN_DDIO_CAL_JTG_LP5_MDX003_SI_ZCAL_MD3ZCAL | E46: 69.61 | G46: 66.91 | H46: 69.61 | J46: 66.91 | K46: 69.61 | M46: 66.91 | N46: 69.61 | P46: 66.91 | Q46: LV,HV | R46: LV,HV | S46: LV,HV | T46: LV,HV
A47: AMP | B47: ZCALMD4ZCAL | C47: PP_KMDA0_S_FULP_AN_DDIO_CAL_JTG_LP5_MDX004_SI_ZCAL_MD4ZCAL | E47: 78.5 | G47: 62.74 | H47: 78.5 | J47: 62.74 | K47: 78.5 | M47: 62.74 | N47: 78.5 | P47: 62.74 | Q47: LV,HV | R47: LV,HV | S47: LV,HV | T47: LV,HV
A48: AMP | B48: ZCALMD5ZCAL | C48: PP_KMDA0_S_FULP_AN_DDIO_CAL_JTG_LP5_MDX005_SI_ZCAL_MD5ZCAL | E48: 62.41 | G48: 78.49 | H48: 62.41 | J48: 78.49 | K48: 62.41 | M48: 78.49 | N48: 62.41 | P48: 78.49 | Q48: LV,HV | R48: LV,HV | S48: LV,HV | T48: LV,HV
A49: AMP | B49: ZCALMD6ZCAL | C49: PP_KMDA0_S_FULP_AN_DDIO_CAL_JTG_LP5_MDX006_SI_ZCAL_MD6ZCAL | E49: 76.25 | G49: 75.31 | H49: 76.25 | J49: 75.31 | K49: 76.25 | M49: 75.31 | N49: 76.25 | P49: 75.31 | Q49: LV,HV | R49: LV,HV | S49: LV,HV | T49: LV,HV
A50: AMP | B50: ZCALMD7ZCAL | C50: PP_KMDA0_S_FULP_AN_DDIO_CAL_JTG_LP5_MDX007_SI_ZCAL_MD7ZCAL | E50: 62.89 | G50: 62.33 | H50: 62.89 | J50: 62.33 | K50: 62.89 | M50: 62.33 | N50: 62.89 | P50: 62.33 | Q50: LV,HV | R50: LV,HV | S50: LV,HV | T50: LV,HV
A51: AMP | B51: ZCALMD8ZCAL | C51: PP_KMDA0_S_FULP_AN_DDIO_CAL_JTG_LP5_MDX008_SI_ZCAL_MD8ZCAL | E51: 81 | G51: 75.54 | H51: 81 | J51: 75.54 | K51: 81 | M51: 75.54 | N51: 81 | P51: 75.54 | Q51: LV,HV | R51: LV,HV | S51: LV,HV | T51: LV,HV
A52: AMP | B52: ZCALMD9ZCAL | C52: PP_KMDA0_S_FULP_AN_DDIO_CAL_JTG_LP5_MDX009_SI_ZCAL_MD9ZCAL | E52: 74.62 | G52: 74.81 | H52: 74.62 | J52: 74.81 | K52: 74.62 | M52: 74.81 | N52: 74.62 | P52: 74.81 | Q52: LV,HV | R52: LV,HV | S52: LV,HV | T52: LV,HV
A53: AMP | B53: BCODESMD1MDLL | C53: PP_KMDA0_S_FULP_AN_DDIO_DLL_JTG_LP5_MDX001_SI_BCODES_MD1MDLL | E53: 35.32 | G53: 35.47 | H53: 35.32 | J53: 35.47 | K53: 35.32 | M53: 35.47 | N53: 35.32 | P53: 35.47 | Q53: LV,HV | R53: LV,HV | S53: LV,HV | T53: LV,HV
A54: AMP | B54: BCODESMD2MDLL | C54: PP_KMDA0_S_FULP_AN_DDIO_DLL_JTG_LP5_MDX002_SI_BCODES_MD2MDLL | E54: 43.34 | G54: 48.75 | H54: 43.34 | J54: 48.75 | K54: 43.34 | M54: 48.75 | N54: 43.34 | P54: 48.75 | Q54: LV,HV | R54: LV,HV | S54: LV,HV | T54: LV,HV
A55: AMP | B55: BCODESMD3MDLL | C55: PP_KMDA0_S_FULP_AN_DDIO_DLL_JTG_LP5_MDX003_SI_BCODES_MD3MDLL | E55: 56.22 | G55: 37.19 | H55: 56.22 | J55: 37.19 | K55: 56.22 | M55: 37.19 | N55: 56.22 | P55: 37.19 | Q55: LV,HV | R55: LV,HV | S55: LV,HV | T55: LV,HV
... A64: AMP | B64: RDGATEMD2RDGT | C64: PP_KMDA0_S_FULP_AN_DDIO_RDG_JTG_LP5_MDX002_SI_RDGATE_MD2RDGT | E64: 51.79 | G64: 35.21 | H64: 51.79 | J64: 35.21 | K64: 51.79 | M64: 35.21 | N64: 51.79 | P64: 35.21 | Q64: LV,HV | R64: LV,HV | S64: LV,HV | T64: LV,HV
A65: AMP | B65: HIGHZMD9HIZ | C65: PP_KMDA0_S_FULP_AN_DDIO_HIZ_JTG_LP5_MDX009_SI_HIGHZ_MD9HIZ | E65: 174.65 | G65: 190.38 | H65: 174.65 | J65: 190.38 | K65: 174.65 | M65: 190.38 | N65: 174.65 | P65: 190.38 | Q65: LV,HV | R65: LV,HV
A66: AMP | B66: RESETMD0RST | C66: PP_KMDA0_S_FULP_AN_DDIO_RST_JTG_LP5_MDX000_SI_RESET_MD0RST | E66: 54.3 | G66: 37.59 | H66: 54.3 | J66: 37.59 | K66: 54.3 | M66: 37.59 | N66: 54.3 | P66: 37.59 | Q66: LV,HV | R66: LV,HV
A67: AMP | B67: RESETMD9RST | C67: PP_KMDA0_S_FULP_AN_DDIO_RST_JTG_LP5_MDX009_SI_RESET_MD9RST | E67: 38.96 | G67: 38.99 | H67: 38.96 | J67: 38.99 | K67: 38.96 | M67: 38.99 | N67: 38.96 | P67: 38.99 | Q67: LV,HV | R67: LV,HV
A68: AMP | B68: EXTSMD1CA | C68: PP_KMDA0_S_FULP_AN_DDIO_ELB_JTG_LP5_MDX001_SI_EXTS_MD1CA | Q68: BV_BChk | R68: BV_BChk
A69: AMP | B69: EXTSMD2CA | C69: PP_KMDA0_S_FULP_AN_DDIO_ELB_JTG_LP5_MDX002_SI_EXTS_MD2CA | Q69: BV_BChk | R69: BV_BChk
A70: AMP | B70: EXTSMD1DQWCM | C70: PP_KMDA0_S_FULP_AN_DDIO_ELB_JTG_LP5_MDX001_SI_EXTS_MD1DQWCM | Q70: BV_BChk | R70: BV_BChk
A71: AMP | B71: EXTSMD2DQW | C71: PP_KMDA0_S_FULP_AN_DDIO_ELB_JTG_LP5_MDX002_SI_EXTS_MD2DQW | Q71: BV_BChk | R71: BV_BChk
A72: AMP | B72: EXTSCMLPMD1DQR | C72: PP_KMDA0_S_FULP_AN_DDIO_ELB_JTG_LP5_MDX001_SI_EXTSCMLP_MD1DQR | Q72: BV_BChk | R72: BV_BChk
A73: AMP | B73: EXTSCMLPMD2DQR | C73: PP_KMDA0_S_FULP_AN_DDIO_ELB_JTG_LP5_MDX001_SI_EXTSCMHP_MD1DQR | Q73: BV_BChk | R73: BV_BChk
A74: AMP | B74: EXTSMD2DQR | C74: PP_KMDA0_S_FULP_AN_DDIO_ELB_JTG_LP5_MDX002_SI_EXTS_MD2DQR | Q74: BV_BChk | R74: BV_BChk
A75: AMP | B75: EXTSCMHPMD2DQR | C75: PP_KMDA0_S_FULP_AN_DDIO_ELB_JTG_LP5_MDX002_SI_EXTSCMHP_MD2DQR | Q75: BV_BChk | R75: BV_BChk
A76: AMP | C76: PP_KMDA0_S_FULP_AN_DDIO_ELB_JTG_LP5_MDX001_SI_EXTSRXSW_MD1DQW
A77: AMP | C77: PP_KMDA0_S_FULP_AN_DDIO_ELB_JTG_LP5_MDX002_SI_EXTSRXSW_MD2DQW
A78: AMP | C78: PP_KMDA0_S_FULP_AN_DDIO_ELB_JTG_LP5_MDX003_SI_EXTSRXSW_MD3DQW
A79: AMP | C79: PP_KMDA0_S_FULP_AN_DDIO_ELB_JTG_LP5_MDX001_SI_EXTSRXSW_MD1DQR
A80: AMP | C80: PP_KMDA0_S_FULP_AN_DDIO_ELB_JTG_LP5_MDX002_SI_EXTSRXSW_MD2DQR
A81: AMP | C81: PP_KMDA0_S_FULP_AN_DDIO_ELB_JTG_LP5_MDX003_SI_EXTSRXSW_MD3DQR
A82: AMP | B82: EXTSMD3DQW | C82: MN_KMDA0_S_FULP_AN_DDIO_ELB_JTG_LP5_MDX003_SI_EXTS_MD3DQW | Q82: BV_BChk | R82: BV_BChk
A83: AMP | B83: EXTSMD3DQR | C83: MN_KMDA0_S_FULP_AN_DDIO_ELB_JTG_LP5_MDX003_SI_EXTS_MD3DQR | Q83: BV_BChk | R83: BV_BChk
A84: AMP | B84: NPJSMD9LDO | C84: MN_KMDA0_S_FULP_AN_DDIO_NPJ_JTG_LP5_MDX009_SI_NPJS_MD9LDO | E84: 65.04 | G84: 82.87 | H84: 65.04 | J84: 82.87 | K84: 65.04 | M84: 82.87 | N84: 65.04 | P84: 82.87 | U84: LV,HV
A85: AMP | B85: NPJSMD9ST | C85: MN_KMDA0_S_FULP_AN_DDIO_NPJ_JTG_LP5_MDX009_SI_NPJS_MD9ST | E85: 934.2 | G85: 917.62 | H85: 934.2 | J85: 917.62 | K85: 934.2 | M85: 917.62 | N85: 934.2 | P85: 917.62 | U85: LV,HV
A86: AMP | B86: NPJSMD9JTR | C86: MN_KMDA0_S_FULP_AN_DDIO_NPJ_JTG_LP5_MDX009_SI_NPJS_MD9JTR | E86: 1222.68 | G86: 1198.74 | H86: 1222.68 | J86: 1198.74 | K86: 1222.68 | M86: 1198.74 | N86: 1222.68 | P86: 1198.74 | U86: LV,HV
A87: AMP | B87: NTSXT1 | C87: PP_KMDA0_S_FULP_AN_DDIO_PFF_JTG_LP5_ALLFRV_SI_NTSX_T1 | E87: 272.51 | F87: 274.44 | G87: 287.34 | H87: 272.51 | I87: 274.44 | J87: 287.34 | K87: 272.51 | L87: 274.44 | M87: 287.34 | N87: 272.51 | O87: 274.44 | P87: 287.34 | Q87: NV | R87: NV | S87: NV | T87: NV
A88: AMP | B88: MNINTSFRMD9CA | C88: MN_KMDA0_S_FULP_AN_DDIO_ILB_JTG_LP5_MDX009_SI_INTSFR_MD9CA | U88: LV,HV
A89: AMP | B89: MNINTSFRMD9DQW | C89: MN_KMDA0_S_FULP_AN_DDIO_ILB_JTG_LP5_MDX009_SI_INTSFR_MD9DQW | U89: LV,HV
A90: AMP | B90: MNINTECCMD1DQW | C90: MN_KMDA0_S_FULP_AN_DDIO_ILB_JTG_LP5_MDX001_SI_INTECC_MD1DQW | U90: LV,HV
A91: AMP | B91: MNINTECCMD2DQW | C91: MN_KMDA0_S_FULP_AN_DDIO_ILB_JTG_LP5_MDX002_SI_INTECC_MD2DQW | U91: LV,HV
A92: AMP | B92: MNINTECCMD3DQW | C92: MN_KMDA0_S_FULP_AN_DDIO_ILB_JTG_LP5_MDX003_SI_INTECC_MD3DQW | U92: LV,HV
A93: AMP | B93: MNINTECCMD4DQW | C93: MN_KMDA0_S_FULP_AN_DDIO_ILB_JTG_LP5_MDX004_SI_INTECC_MD4DQW | U93: LV,HV
A94: AMP | B94: MNINTECCMD5DQW | C94: MN_KMDA0_S_FULP_AN_DDIO_ILB_JTG_LP5_MDX005_SI_INTECC_MD5DQW | U94: LV,HV
A95: AMP | B95: MNINTECCMD6DQW | C95: MN_KMDA0_S_FULP_AN_DDIO_ILB_JTG_LP5_MDX006_SI_INTECC_MD6DQW | U95: LV,HV
A96: AMP | B96: MNINTECCMD7DQW | C96: MN_KMDA0_S_FULP_AN_DDIO_ILB_JTG_LP5_MDX007_SI_INTECC_MD7DQW | U96: LV,HV
A97: AMP | B97: MNINTECCMD8DQW | C97: MN_KMDA0_S_FULP_AN_DDIO_ILB_JTG_LP5_MDX008_SI_INTECC_MD8DQW | U97: LV,HV
A98: AMP | B98: MNRXOFSTMD2RXOF | C98: MN_KMDA0_S_FULP_AN_DDIO_OFS_JTG_LP5_MDX002_SI_RXOFST_MD2RXOF | U98: LV,HV
A99: AMP | B99: MNRXOFSTMD3RXOF | C99: MN_KMDA0_S_FULP_AN_DDIO_OFS_JTG_LP5_MDX003_SI_RXOFST_MD3RXOF | U99: LV,HV
... A113: AMP | B113: MNVOHLMD9VOHL | C113: MN_KMDA0_S_FULP_AN_DDIO_MEA_JTG_LP5_MDX009_SI_VOHL_MD9VOHL | U113: LV,HV
