Workbook

Sheet Revision
A1: Revision | B1: Date | C1: By | D1: Notes Tab | E1: Binning Tab | F1: ATE Test Conditions Tab
A2: 0.01 | B2: 45720 | C2: Ben Blackman | D2: initial structural binning doc. Base Voltage is 125mV
A3: 0.02 | B3: 45733 | C3: Ben Blackman | F3: Updated mode mapping
A4: 0.03 | B4: 45742 | C4: Ben Blackman | D4: IDDQ updated | E4: CPIDSmax, IDSMax_HOT updated. C, BinningVmax, BinningGB updated
A5: 0.04 | B5: 45746 | C5: Ben Blackman | E5: C, BinningVmax updated
A6: 0.05 | B6: 45748 | C6: Ben Blackman | E6: C, BinningVmax updated. Monotonicity Offset updated | F6: HBV condition updated
A7: 0.06 | B7: 45757 | C7: Ben Blackman | E7: FT_GB_HOT, CP_GB_HOT updated. SLTGB updated.
A8: 0.1 | B8: 45771 | C8: Ben Blackman | D8: fuse_revision updated | E8: C, BinningVmax, BinningVmin updated. CP_GB_HOT updated
A9: 0.11 | B9: 45779 | C9: Fred Chan | E9: CP2 IDS relaxed to 1.75x
A10: 0.12 | B10: 45785 | C10: Ben Blackman | E10: IDSMax_HOT updated
A11: 0.2 | B11: 45811 | C11: Ben Blackman | D11: fuse_revision updated | E11: C, BinningVmax, BinningGB updated. CPIDSmax updated.
A12: 0.3 | B12: 45813 | C12: Ben Blackman | E12: C, BinningVmax, BinningGB updated.
A13: 0.31 | B13: 45818 | C13: Fred Chan | E13: C adjustment for MES004+ (+100)
A14: 0.311 | B14: 45841 | C14: Ben Blackman | F14: Added static selsram
A15: 0.4 | B15: 45855 | C15: Ben Blackman | D15: fuse_revision updated | E15: C, BinningVmax, BinningVmin, BinningGB updated. CP_GB_HOT updated.
A16: 0.5 | B16: 45862 | C16: Ben Blackman | E16: BinningGB updated.
A17: 0.6 | B17: 45867 | C17: Ben Blackman | E17: C, BinningVmax, BinningGB updated.
A18: 0.61 | B18: 45877 | C18: Ben Blackman | E18: BinningGB updated for SRAM to reflect PV in system
A19: 0.62 | B19: 45883 | C19: Ben Blackman | E19: FT_GB_ROOM, SLTGB updated. | F19: HBV condition updated
A20: 0.63 | B20: 45889 | C20: Ben Blackman | E20: FT_GB_HOT updated

Sheet Notes
A1: Formulae: | F1: Comment
A2: SearchVoltage | B2: MIN(MAX(Step * Floor( [C - M * Log10(IDS)] / Step), BinningVmin), BinningVmax) | F2: Rounded down to a multiple of Step=5mV, must be less than or equal to CPVmax and greater than or equal to CPVmin
A3: Product | B3: SearchVoltage + BinningGB | F3: GB will be rounded up to 5mV
A4: CP_HOT | B4: Product - CP_GB_HOT | F4: Hot Temp
A5: FT_ROOM | B5: Product - FT_GB_ROOM | F5: Room Temp
A6: FT_HOT | B6: Product - FT_GB_HOT | F6: Hot Temp
A7: IDSMax_HOT | B7: CPIDSmax * (Hot / Room) Ratio | F7: Hot Temp IDS. Spec is for CP_HOT which runs at hot temp and NOT FT_HOT. FT_HOT spec provided by PE DRI
A8: SLT | B8: Product - SLTGB
A9: ATE_FQA | B9: Product | F9: FQA voltage runs at PV
A10: SLT_FQA | B10: Product | F10: FQA voltage runs at PV
A11: HTOL_ROOM | B11: Product-HTOL_T0TX_GB_ROOM
A12: HTOL_HOT | B12: Product-HTOL_T0TX_GB_HOT
A13: CPHV | B13: Default is typically (CPVmax + CPGB) * 1.1, but check Binning tab.
A14: FTHV | B14: Default is typically (CPVmax + CPGB) * 1.05 but now plan to use 1.1 to match CP. Check Binning tab.
A15: QAHV | B15: Default is typically (CPVmax + CPGB) * 1.03, but check Binning tab.
A17: Notes:
A18: For non-binned rail PMU voltages, use Pvmax column for desired row.
A19: SOS on GB sheet only includes sigma contribution. Means added directly to BinningGB.
A20: BinningGB - Used to compute the Product Voltage if bin search has not occurred yet. Includes examples like "ME005 E1 Product +10%" and "MG001 E3 Product"
A21: ...Example: E1 Product = MIN(MAX(Step * Floor( [E1_C - E1_M * Log10(IDS)] / Step), E1_BinningVmin), E1_BinningVmax) + E1_BinningGB
A24: PE / TE USE ONLY
A25: Base Voltage (mV) | B25: 125 | C25: This base voltage is the ATE base voltage which is used to determine what value to fuse.
A26: fuse_revision | B26: 6
A27: binning_type | B27: POR | C27: Identify whether this is for POR or SHADOW binning
A29: IDS fuse is calculated by rounding up IDS to the next step and then using that fuse value to calculate CP1 value. Procedure for using IDS to calculate CP1 for binning below.
A30: 1. Measure IDS value.
A31: 2. Round measured IDS value UP to next IDS step size for that rail. This is the value that will be fused into device.
A32: 3. Use this rounded up value as IDS in the CP1 equation at the top.
A34: PE Reference only | B34: All units are mA | C34: DO NOT DELETE (rev 15#1, 6/4) | M34: 95C
A35: Domain | B35: 25C IDS Step Size | C35: IDS1X_FFG_25C | D35: IDS1X_FFG_85C | E35: IDS1X_FFG_95C | F35: SOD_Ratio | G35: IDS1X_TTG_25C | H35: IDS1X_SSG_25C | I35: Num_Bits | J35: CP1 Per 1xFFG | K35: CP1 mA | L35: CP2 Per 1xFFG | M35: CP2 mA | N35: HOT IDS Step Size | O35: Hot_Num_Bits | P35: MaxIDS_CP1 | Q35: MaxIDS_HOT | R35: BinX CP1 Per 1xFFG | S35: BinX CP1 mA | T35: BinX CP2 Per 1xFFG | U35: BinX CP2 mA
A36: PCPU | B36: 0.2 | C36: 594.18522 | D36: 4001.6848 | E36: 5243.1357 | F36: =CEILING(D36/C36,0.1) -> 6.8 | G36: 375.67718 | H36: 222.81685 | I36: 14 | J36: 1.1 | K36: =$B36*ROUND((J36*$C36/$B36),0) -> 653.6 | L36: 1.5 | M36: =IF(N36="",E36*L36,$N36*CEILING((L36*$E36/$N36),1)) -> 7866 | N36: 2 | O36: 14 | P36: =2^I36*B36 -> 3276.8 | Q36: =2^O36*N36 -> 32768 | R36: 0 | S36: =MIN(CEILING(K36*(R36/J36)/B36,1)*B36,P36-2*B36) -> 0 | T36: =L36*(R36/J36) -> 0 | U36: =MIN(CEILING(M36*(T36/L36)/N36,1)*N36,Q36-2*N36) -> 0
A37: ECPU | B37: 0.2 | C37: 203.34645 | D37: 1171.2157 | E37: 1539.6667 | F37: =CEILING(D37/C37,0.1) -> 5.8 | G37: 134.69521 | H37: 79.657294 | I37: 12 | J37: 1.35 | K37: =$B37*ROUND((J37*$C37/$B37),0) -> 274.6 | L37: 1.948 | M37: =IF(N37="",E37*L37,$N37*CEILING((L37*$E37/$N37),1)) -> 3000 | N37: 2 | O37: 12 | P37: =2^I37*B37 -> 819.2 | Q37: =2^O37*N37 -> 8192 | R37: 0 | S37: =MIN(CEILING(K37*(R37/J37)/B37,1)*B37,P37-2*B37) -> 0 | T37: =L37*(R37/J37) -> 0 | U37: =MIN(CEILING(M37*(T37/L37)/N37,1)*N37,Q37-2*N37) -> 0
A38: CPU_SRAM | B38: 0.2 | C38: 78.258233 | D38: 518.46008 | E38: 690.79702 | F38: =CEILING(D38/C38,0.1) -> 6.7 | G38: 43.838231 | H38: 34.200775 | I38: 11 | J38: 1.5 | K38: =$B38*ROUND((J38*$C38/$B38),0) -> 117.4 | L38: 1.5 | M38: =IF(N38="",E38*L38,$N38*CEILING((L38*$E38/$N38),1)) -> 1037 | N38: 1 | O38: 11 | P38: =2^I38*B38 -> 409.6 | Q38: =2^O38*N38 -> 2048 | R38: 0 | S38: =MIN(CEILING(K38*(R38/J38)/B38,1)*B38,P38-2*B38) -> 0 | T38: =L38*(R38/J38) -> 0 | U38: =MIN(CEILING(M38*(T38/L38)/N38,1)*N38,Q38-2*N38) -> 0
A39: GPU | B39: 0.2 | C39: 342.4526 | D39: 2474.256 | E39: 3344.2373 | F39: =CEILING(D39/C39,0.1) -> 7.3 | G39: 192.29359 | H39: 118.34335 | I39: 13 | J39: 1.4 | K39: =$B39*ROUND((J39*$C39/$B39),0) -> 479.4 | L39: 1.8 | M39: =IF(N39="",E39*L39,$N39*CEILING((L39*$E39/$N39),1)) -> 6020 | N39: 2 | O39: 13 | P39: =2^I39*B39 -> 1638.4 | Q39: =2^O39*N39 -> 16384 | R39: 0 | S39: =MIN(CEILING(K39*(R39/J39)/B39,1)*B39,P39-2*B39) -> 0 | T39: =L39*(R39/J39) -> 0 | U39: =MIN(CEILING(M39*(T39/L39)/N39,1)*N39,Q39-2*N39) -> 0
A40: SRAM_GPU | B40: 0.1 | C40: 16.254702 | D40: 109.91922 | E40: 147.09099 | F40: =CEILING(D40/C40,0.1) -> 6.8 | G40: 11.321917 | H40: 8.5373408 | I40: 9 | J40: 1.45 | K40: =$B40*ROUND((J40*$C40/$B40),0) -> 23.6 | L40: 1.9 | M40: =IF(N40="",E40*L40,$N40*CEILING((L40*$E40/$N40),1)) -> 280 | N40: 1 | O40: 9 | P40: =2^I40*B40 -> 51.2 | Q40: =2^O40*N40 -> 512 | R40: 0 | S40: =MIN(CEILING(K40*(R40/J40)/B40,1)*B40,P40-2*B40) -> 0 | T40: =L40*(R40/J40) -> 0 | U40: =MIN(CEILING(M40*(T40/L40)/N40,1)*N40,Q40-2*N40) -> 0
A41: SOC | B41: 0.1 | C41: 112.77051 | D41: 675.52306 | E41: 915.95443 | F41: =CEILING(D41/C41,0.1) -> 6 | G41: 69.190425 | H41: 44.663436 | I41: 12 | J41: 1.25 | K41: =$B41*ROUND((J41*$C41/$B41),0) -> 141 | L41: 2.1 | M41: =IF(N41="",E41*L41,$N41*CEILING((L41*$E41/$N41),1)) -> 1924 | N41: 1 | O41: 12 | P41: =2^I41*B41 -> 409.6 | Q41: =2^O41*N41 -> 4096 | R41: 0 | S41: =MIN(CEILING(K41*(R41/J41)/B41,1)*B41,P41-2*B41) -> 0 | T41: =L41*(R41/J41) -> 0 | U41: =MIN(CEILING(M41*(T41/L41)/N41,1)*N41,Q41-2*N41) -> 0
A42: DCS_DDR | B42: 0.1 | C42: 12.93 | D42: 83.33 | E42: 110.91145 | F42: =CEILING(D42/C42,0.1) -> 6.5 | G42: 10.749129 | H42: 6.4518574 | I42: 10 | J42: 1 | K42: =$B42*ROUND((J42*$C42/$B42),0) -> 12.9 | L42: 1.5 | M42: =IF(N42="",E42*L42,$N42*CEILING((L42*$E42/$N42),1)) -> 167 | N42: 1 | O42: 10 | P42: =2^I42*B42 -> 102.4 | Q42: =2^O42*N42 -> 1024 | R42: 0 | S42: =MIN(CEILING(K42*(R42/J42)/B42,1)*B42,P42-2*B42) -> 0 | T42: =L42*(R42/J42) -> 0 | U42: =MIN(CEILING(M42*(T42/L42)/N42,1)*N42,Q42-2*N42) -> 0
A43: LOW | B43: 0.1 | C43: 6.84 | D43: 30.78 | E43: 41.38192 | F43: =CEILING(D43/C43,0.1) -> 4.5 | G43: 3.3685745 | H43: 3.556566 | I43: 8 | J43: 1 | K43: =$B43*ROUND((J43*$C43/$B43),0) -> 6.8 | L43: 1.5 | M43: =IF(N43="",E43*L43,$N43*CEILING((L43*$E43/$N43),1)) -> 62.5 | N43: 0.5 | O43: 8 | P43: =2^I43*B43 -> 25.6 | Q43: =2^O43*N43 -> 128 | R43: 0 | S43: =MIN(CEILING(K43*(R43/J43)/B43,1)*B43,P43-2*B43) -> 0 | T43: =L43*(R43/J43) -> 0 | U43: =MIN(CEILING(M43*(T43/L43)/N43,1)*N43,Q43-2*N43) -> 0
A44: CIO | B44: 0.1 | C44: 4.93 | D44: 35.99 | E44: 48.518468 | F44: =CEILING(D44/C44,0.1) -> 7.4 | G44: 8.4426105 | H44: 5.4624799 | I44: 9 | J44: 1 | K44: =$B44*ROUND((J44*$C44/$B44),0) -> 4.9 | L44: 1.5 | M44: =IF(N44="",E44*L44,$N44*CEILING((L44*$E44/$N44),1)) -> 73 | N44: 0.5 | O44: 10 | P44: =2^I44*B44 -> 51.2 | Q44: =2^O44*N44 -> 512 | R44: 0 | S44: =MIN(CEILING(K44*(R44/J44)/B44,1)*B44,P44-2*B44) -> 0 | T44: =L44*(R44/J44) -> 0 | U44: =MIN(CEILING(M44*(T44/L44)/N44,1)*N44,Q44-2*N44) -> 0
A45: DISP | B45: 0.1 | C45: 30.15 | D45: 230.59 | E45: 312.18816 | F45: =CEILING(D45/C45,0.1) -> 7.7 | G45: 20.310089 | H45: 13.313353 | I45: 11 | J45: 1.55 | K45: =$B45*ROUND((J45*$C45/$B45),0) -> 46.7 | L45: 2 | M45: =IF(N45="",E45*L45,$N45*CEILING((L45*$E45/$N45),1)) -> 626 | N45: 2 | O45: 11 | P45: =2^I45*B45 -> 204.8 | Q45: =2^O45*N45 -> 4096 | R45: 0 | S45: =MIN(CEILING(K45*(R45/J45)/B45,1)*B45,P45-2*B45) -> 0 | T45: =L45*(R45/J45) -> 0 | U45: =MIN(CEILING(M45*(T45/L45)/N45,1)*N45,Q45-2*N45) -> 0
A46: SRAM_SOC | B46: 0.2 | C46: 37.154968 | D46: 204.20314 | E46: 286.48184 | F46: =CEILING(D46/C46,0.1) -> 5.5 | G46: 31.226538 | H46: 29.857919 | I46: 10 | J46: 1 | K46: =$B46*ROUND((J46*$C46/$B46),0) -> 37.2 | L46: 1.8 | M46: =IF(N46="",E46*L46,$N46*CEILING((L46*$E46/$N46),1)) -> 516 | N46: 2 | O46: 10 | P46: =2^I46*B46 -> 204.8 | Q46: =2^O46*N46 -> 2048 | R46: 0 | S46: =MIN(CEILING(K46*(R46/J46)/B46,1)*B46,P46-2*B46) -> 0 | T46: =L46*(R46/J46) -> 0 | U46: =MIN(CEILING(M46*(T46/L46)/N46,1)*N46,Q46-2*N46) -> 0
A47: FIXED | B47: 0.05 | C47: 1.5 | D47: 12 | E47: 20 | F47: =CEILING(D47/C47,0.1) -> 8 | G47: 9.2304377 | H47: 5.4701769 | I47: 7 | J47: 0.2 | K47: =$B47*ROUND((J47*$C47/$B47),0) -> 0.3 | L47: 1.5 | M47: =IF(N47="",E47*L47,$N47*CEILING((L47*$E47/$N47),1)) -> 30 | N47: 0.5 | O47: 7 | P47: =2^I47*B47 -> 6.4 | Q47: =2^O47*N47 -> 64 | R47: 0 | S47: =MIN(CEILING(K47*(R47/J47)/B47,1)*B47,P47-2*B47) -> 0 | T47: =L47*(R47/J47) -> 0 | U47: =MIN(CEILING(M47*(T47/L47)/N47,1)*N47,Q47-2*N47) -> 0
A49: PE USE ONLY
A50: DO NOT DELETE
A52: Reference_Names
A53: SearchGB | B53: BinningGB
A54: SearchMaxVoltage | B54: BinningVmax
A55: SearchMinVoltage | B55: BinningVmin
A56: CPUSRAM_Max | B56: 1150
A57: SelSRAM_Target | B57: =B58 -> 820
A58: Bincut | B58: =Binning!AX776 -> 820
A60: SelSRAM / Bin1 EQ start | B60: SelSRAM
A61: Mode | B61: Mode_Eqn | C61: Pvmax | D61: Mode_Eqn | E61: Pvmin | F61: selSRAM
A62: =GB!A31 -> MG001 | B62: =CONCATENATE(A62,"_E1") -> MG001_E1 | C62: =INDEX(Binning!$F$3:$AY$791,MATCH($B62,Binning!$F$3:$F$791,0),MATCH(C$61,Binning!$F$2:$AY$2,0)) -> 785 | D62: =CONCATENATE(A62,"_E1") -> MG001_E1 | E62: =INDEX(Binning!$F$3:$AY$791,MATCH($B62,Binning!$F$3:$F$791,0),MATCH(E$61,Binning!$F$2:$AY$2,0)) -> 575 | F62: =IF(C62<=B$57,1,IF(E62>B$58,0,"Cross")) -> 1
A63: =GB!A32 -> MG002 | B63: =CONCATENATE(A63,"_E1") -> MG002_E1 | C63: =INDEX(Binning!$F$3:$AY$791,MATCH($B63,Binning!$F$3:$F$791,0),MATCH(C$61,Binning!$F$2:$AY$2,0)) -> 795 | D63: =CONCATENATE(A63,"_E1") -> MG002_E1 | E63: =INDEX(Binning!$F$3:$AY$791,MATCH($B63,Binning!$F$3:$F$791,0),MATCH(E$61,Binning!$F$2:$AY$2,0)) -> 580 | F63: =IF(C63<=B$57,1,IF(E63>B$58,0,"Cross")) -> 1
A64: =GB!A33 -> MG003 | B64: =CONCATENATE(A64,"_E1") -> MG003_E1 | C64: =INDEX(Binning!$F$3:$AY$791,MATCH($B64,Binning!$F$3:$F$791,0),MATCH(C$61,Binning!$F$2:$AY$2,0)) -> 810 | D64: =CONCATENATE(A64,"_E1") -> MG003_E1 | E64: =INDEX(Binning!$F$3:$AY$791,MATCH($B64,Binning!$F$3:$F$791,0),MATCH(E$61,Binning!$F$2:$AY$2,0)) -> 600 | F64: =IF(C64<=B$57,1,IF(E64>B$58,0,"Cross")) -> 1
A65: =GB!A34 -> MG004 | B65: =CONCATENATE(A65,"_E1") -> MG004_E1 | C65: =INDEX(Binning!$F$3:$AY$791,MATCH($B65,Binning!$F$3:$F$791,0),MATCH(C$61,Binning!$F$2:$AY$2,0)) -> 850 | D65: =CONCATENATE(A65,"_E1") -> MG004_E1 | E65: =INDEX(Binning!$F$3:$AY$791,MATCH($B65,Binning!$F$3:$F$791,0),MATCH(E$61,Binning!$F$2:$AY$2,0)) -> 630 | F65: =IF(C65<=B$57,1,IF(E65>B$58,0,"Cross")) -> Cross
A66: =GB!A35 -> MG005 | B66: =CONCATENATE(A66,"_E1") -> MG005_E1 | C66: =INDEX(Binning!$F$3:$AY$791,MATCH($B66,Binning!$F$3:$F$791,0),MATCH(C$61,Binning!$F$2:$AY$2,0)) -> 870 | D66: =CONCATENATE(A66,"_E1") -> MG005_E1 | E66: =INDEX(Binning!$F$3:$AY$791,MATCH($B66,Binning!$F$3:$F$791,0),MATCH(E$61,Binning!$F$2:$AY$2,0)) -> 650 | F66: =IF(C66<=B$57,1,IF(E66>B$58,0,"Cross")) -> Cross
A67: =GB!A36 -> MG006 | B67: =CONCATENATE(A67,"_E1") -> MG006_E1 | C67: =INDEX(Binning!$F$3:$AY$791,MATCH($B67,Binning!$F$3:$F$791,0),MATCH(C$61,Binning!$F$2:$AY$2,0)) -> 905 | D67: =CONCATENATE(A67,"_E1") -> MG006_E1 | E67: =INDEX(Binning!$F$3:$AY$791,MATCH($B67,Binning!$F$3:$F$791,0),MATCH(E$61,Binning!$F$2:$AY$2,0)) -> 675 | F67: =IF(C67<=B$57,1,IF(E67>B$58,0,"Cross")) -> Cross
A68: =GB!A37 -> MG007 | B68: =CONCATENATE(A68,"_E1") -> MG007_E1 | C68: =INDEX(Binning!$F$3:$AY$791,MATCH($B68,Binning!$F$3:$F$791,0),MATCH(C$61,Binning!$F$2:$AY$2,0)) -> 925 | D68: =CONCATENATE(A68,"_E1") -> MG007_E1 | E68: =INDEX(Binning!$F$3:$AY$791,MATCH($B68,Binning!$F$3:$F$791,0),MATCH(E$61,Binning!$F$2:$AY$2,0)) -> 700 | F68: =IF(C68<=B$57,1,IF(E68>B$58,0,"Cross")) -> Cross
A69: =GB!A38 -> MG008 | B69: =CONCATENATE(A69,"_E1") -> MG008_E1 | C69: =INDEX(Binning!$F$3:$AY$791,MATCH($B69,Binning!$F$3:$F$791,0),MATCH(C$61,Binning!$F$2:$AY$2,0)) -> 970 | D69: =CONCATENATE(A69,"_E1") -> MG008_E1 | E69: =INDEX(Binning!$F$3:$AY$791,MATCH($B69,Binning!$F$3:$F$791,0),MATCH(E$61,Binning!$F$2:$AY$2,0)) -> 765 | F69: =IF(C69<=B$57,1,IF(E69>B$58,0,"Cross")) -> Cross
A70: =GB!A39 -> MG009 | B70: =CONCATENATE(A70,"_E1") -> MG009_E1 | C70: =INDEX(Binning!$F$3:$AY$791,MATCH($B70,Binning!$F$3:$F$791,0),MATCH(C$61,Binning!$F$2:$AY$2,0)) -> 1010 | D70: =CONCATENATE(A70,"_E1") -> MG009_E1 | E70: =INDEX(Binning!$F$3:$AY$791,MATCH($B70,Binning!$F$3:$F$791,0),MATCH(E$61,Binning!$F$2:$AY$2,0)) -> 800 | F70: =IF(C70<=B$57,1,IF(E70>B$58,0,"Cross")) -> Cross
A71: =GB!A40 -> MG00A | B71: =CONCATENATE(A71,"_E1") -> MG00A_E1 | C71: =INDEX(Binning!$F$3:$AY$791,MATCH($B71,Binning!$F$3:$F$791,0),MATCH(C$61,Binning!$F$2:$AY$2,0)) -> 1050 | D71: =CONCATENATE(A71,"_E1") -> MG00A_E1 | E71: =INDEX(Binning!$F$3:$AY$791,MATCH($B71,Binning!$F$3:$F$791,0),MATCH(E$61,Binning!$F$2:$AY$2,0)) -> 810 | F71: =IF(C71<=B$57,1,IF(E71>B$58,0,"Cross")) -> Cross
A72: =GB!A41 -> MG00B | B72: =CONCATENATE(A72,"_E1") -> MG00B_E1 | C72: =INDEX(Binning!$F$3:$AY$791,MATCH($B72,Binning!$F$3:$F$791,0),MATCH(C$61,Binning!$F$2:$AY$2,0)) -> 1090 | D72: =CONCATENATE(A72,"_E1") -> MG00B_E1 | E72: =INDEX(Binning!$F$3:$AY$791,MATCH($B72,Binning!$F$3:$F$791,0),MATCH(E$61,Binning!$F$2:$AY$2,0)) -> 845 | F72: =IF(C72<=B$57,1,IF(E72>B$58,0,"Cross")) -> 0
A73: =GB!A42 -> MG00C | B73: =CONCATENATE(A73,"_E1") -> MG00C_E1 | C73: =INDEX(Binning!$F$3:$AY$791,MATCH($B73,Binning!$F$3:$F$791,0),MATCH(C$61,Binning!$F$2:$AY$2,0)) -> 1145 | D73: =CONCATENATE(A73,"_E1") -> MG00C_E1 | E73: =INDEX(Binning!$F$3:$AY$791,MATCH($B73,Binning!$F$3:$F$791,0),MATCH(E$61,Binning!$F$2:$AY$2,0)) -> 895 | F73: =IF(C73<=B$57,1,IF(E73>B$58,0,"Cross")) -> 0
... A94: =GB!A63 -> MI004 | B94: =CONCATENATE(A94,"_E1") -> MI004_E1 | C94: =INDEX(Binning!$F$3:$AY$791,MATCH($B94,Binning!$F$3:$F$791,0),MATCH(C$61,Binning!$F$2:$AY$2,0)) -> 970 | D94: =CONCATENATE(A94,"_E1") -> MI004_E1 | E94: =INDEX(Binning!$F$3:$AY$791,MATCH($B94,Binning!$F$3:$F$791,0),MATCH(E$61,Binning!$F$2:$AY$2,0)) -> 760 | F94: =IF(C94<=B$57,1,IF(E94>B$58,0,"Cross")) -> Cross

Sheet Binning
A1: Rev: | B1: =MAX(Revision!A:A) -> 0.63
A2: Binned | B2: Domain | C2: Mode | D2: EQN | E2: ID | F2: Mode_EQN | G2: EQN_Bin | H2: C | I2: M | J2: CPIDSMax | K2: =CONCATENATE("BinX_",J2) -> BinX_CPIDSMax | L2: =Notes!B54 -> BinningVmax | M2: =Notes!B55 -> BinningVmin | N2: =Notes!B53 -> BinningGB | O2: =GB!S1 -> CP_GB_HOT | P2: =GB!T1 -> FT_GB_ROOM | Q2: =GB!U1 -> FT_GB_HOT | R2: IDSMax_HOT | S2: =CONCATENATE("BinX_",R2) -> BinX_IDSMax_HOT | T2: =GB!V1 -> SLTGB | U2: =GB!W1 -> ATE_FQAGB | V2: =GB!X1 -> SLT_FQA_GB | W2: =GB!Y1 -> HTOL_T0TX_GB_ROOM | X2: =GB!Z1 -> HTOL_T0TX_GB_HOT | Y2: PMU_Step | Z2: SLT_PMU_Max | AA2: SLT_PMU_Min | AB2: CPHV | AC2: FTHV | AD2: QAHV | AE2: Allow Equal | AF2: Monotonicity_Offset | AG2: SRAMthresh_Product | AH2: SRAMthresh_binSearch | AI2: Int_Mode_L | AJ2: Int_Mode_H | AK2: Int_MF | AL2: Int_Offset | AM2: Int_SkipTest | AN2: Offset_CP1_TD | AO2: Offset_CP1_BIST | AP2: Offset_CP1_FUNC | AQ2: Offset_CP2_TD | AR2: Offset_CP2_BIST | AS2: Offset_CP2_FUNC | AT2: BincutCalc_IDSrail | AU2: BincutCalc_IDSmax | AV2: =CONCATENATE("BinX_",AU2) -> BinX_BincutCalc_IDSmax | AW2: Comment | AX2: Pvmax | AY2: Pvmin | AZ2: =Notes!C35 -> IDS1X_FFG_25C | BA2: CP_V_1xIDS | BB2: Pv_1xIDS | BC2: CP_V_IDSMax | BD2: Pv_IDSMax | BF2: PE USE ONLY | BG2: SRAMRefMode | BH2: Vmax_Capability | BI2: Vmin_Capability | BJ2: SRAMmin_PV | BK2: Logic E1 PVmax | BL2: Logic E1 PV_1xIDS | BM2: Pvmax Logic - SRAM | BN2: PV_1xIDS Logic-SRAM | BO2: PE_IDSmax | BP2: Mode Number | BQ2: Equation Number | BR2: InterpolationEnable_Flag | BS2: LowMode | BT2: HighMode | BU2: MultFactor | BV2: Offset
A3: TRUE | B3: PCPU | C3: MP001 | D3: E1 | E3: =1000000+BP3*1000+BQ3 -> 1001001 | F3: =CONCATENATE(C3,"_",D3) -> MP001_E1 | G3: Bin1 | H3: =VLOOKUP(C3,BinningParamNotes!A:D,3,0) -> 850 | I3: =VLOOKUP(C3,BinningParamNotes!A:D,2,0) -> 80 | J3: =INDEX(Notes!$A$36:$N$47,MATCH(Binning!$B3,Notes!$A$36:$A$47,0),MATCH(Notes!$K$35,Notes!$A$35:$N$35,0)) -> 653.6 | L3: =VLOOKUP(C3,BinningParamNotes!A:D,4,0) -> 660 | M3: 480 | N3: =INDEX(GB!$A$2:$AD$96,MATCH($C3,GB!$A$2:$A$96,0),MATCH(N$2,GB!$A$1:$AD$1,0)) -> 90 | O3: =INDEX(GB!$A$2:$AD$96,MATCH($C3,GB!$A$2:$A$96,0),MATCH(O$2,GB!$A$1:$AD$1,0)) -> 95 | P3: =INDEX(GB!$A$2:$AD$96,MATCH($C3,GB!$A$2:$A$96,0),MATCH(P$2,GB!$A$1:$AD$1,0)) -> 70 | Q3: =INDEX(GB!$A$2:$AD$96,MATCH($C3,GB!$A$2:$A$96,0),MATCH(Q$2,GB!$A$1:$AD$1,0)) -> 80 | R3: =INDEX(Notes!$A$36:$N$47,MATCH(Binning!$B3,Notes!$A$36:$A$47,0),MATCH(Notes!$M$35,Notes!$A$35:$N$35,0)) -> 7866 | T3: =INDEX(GB!$A$2:$AD$96,MATCH($C3,GB!$A$2:$A$96,0),MATCH(T$2,GB!$A$1:$AD$1,0)) -> 70 | U3: =INDEX(GB!$A$2:$AD$96,MATCH($C3,GB!$A$2:$A$96,0),MATCH(U$2,GB!$A$1:$AD$1,0)) -> 0 | V3: =INDEX(GB!$A$2:$AD$96,MATCH($C3,GB!$A$2:$A$96,0),MATCH(V$2,GB!$A$1:$AD$1,0)) -> 0 | W3: =INDEX(GB!$A$2:$AD$96,MATCH($C3,GB!$A$2:$A$96,0),MATCH(W$2,GB!$A$1:$AD$1,0)) -> 45 | X3: =INDEX(GB!$A$2:$AD$96,MATCH($C3,GB!$A$2:$A$96,0),MATCH(X$2,GB!$A$1:$AD$1,0)) -> 55 | Y3: 5 | Z3: 1250 | AA3: 400 | AF3: 0 | AI3: =IF($BR3=1,BS3,"") | AJ3: =IF($BR3=1,BT3,"") | AK3: =IF($BR3=1,BU3,"") | AL3: =IF($BR3=1,BV3,"") | AM3: =IF($BR3=1,"YES","") | AT3: =B3 -> PCPU | AU3: =J3 -> 653.6 | AX3: =L3+N3 -> 750 | AY3: =M3+N3 -> 570 | AZ3: =INDEX(Notes!$A$36:$O$47,MATCH($B3,Notes!A$36:A$47,0),MATCH(AZ$2,Notes!A$35:O$35,0)) -> 594.18522 | BA3: =MAX(MIN(Y3*FLOOR((H3-I3*LOG10(AZ3))/Y3,1),L3),M3) -> 625 | BB3: =BA3+N3 -> 715 | BC3: =MAX(MIN(Y3*FLOOR((H3-I3*LOG10(J3))/Y3,1),L3),M3) -> 620 | BD3: =BC3+N3 -> 710 | BO3: =MAX(J3:J9) -> 653.6 | BP3: =IF(CODE(RIGHT($C3,1))<58,CODE(RIGHT($C3,1))-48,CODE(RIGHT($C3,1))-55) -> 1 | BQ3: =MID($D3,2,2) -> 1 | BR3: 0
A4: TRUE | B4: PCPU | C4: MP001 | D4: =CONCATENATE("E",MID(D3,2,2)+1) -> E2 | E4: =1000000+BP4*1000+BQ4 -> 1001002 | F4: =CONCATENATE(C4,"_",D4) -> MP001_E2 | G4: Bin1 | H4: =H3-15 -> 835 | I4: =I3 -> 80 | J4: =INDEX(Notes!$A$36:$N$47,MATCH(Binning!$B4,Notes!$A$36:$A$47,0),MATCH(Notes!$K$35,Notes!$A$35:$N$35,0)) -> 653.6 | L4: =L3-10 -> 650 | M4: =M3 -> 480 | N4: =INDEX(GB!$A$2:$AD$96,MATCH($C4,GB!$A$2:$A$96,0),MATCH(N$2,GB!$A$1:$AD$1,0)) -> 90 | O4: =INDEX(GB!$A$2:$AD$96,MATCH($C4,GB!$A$2:$A$96,0),MATCH(O$2,GB!$A$1:$AD$1,0)) -> 95 | P4: =INDEX(GB!$A$2:$AD$96,MATCH($C4,GB!$A$2:$A$96,0),MATCH(P$2,GB!$A$1:$AD$1,0)) -> 70 | Q4: =INDEX(GB!$A$2:$AD$96,MATCH($C4,GB!$A$2:$A$96,0),MATCH(Q$2,GB!$A$1:$AD$1,0)) -> 80 | R4: =INDEX(Notes!$A$36:$N$47,MATCH(Binning!$B4,Notes!$A$36:$A$47,0),MATCH(Notes!$M$35,Notes!$A$35:$N$35,0)) -> 7866 | T4: =INDEX(GB!$A$2:$AD$96,MATCH($C4,GB!$A$2:$A$96,0),MATCH(T$2,GB!$A$1:$AD$1,0)) -> 70 | U4: =INDEX(GB!$A$2:$AD$96,MATCH($C4,GB!$A$2:$A$96,0),MATCH(U$2,GB!$A$1:$AD$1,0)) -> 0 | V4: =INDEX(GB!$A$2:$AD$96,MATCH($C4,GB!$A$2:$A$96,0),MATCH(V$2,GB!$A$1:$AD$1,0)) -> 0 | W4: =INDEX(GB!$A$2:$AD$96,MATCH($C4,GB!$A$2:$A$96,0),MATCH(W$2,GB!$A$1:$AD$1,0)) -> 45 | X4: =INDEX(GB!$A$2:$AD$96,MATCH($C4,GB!$A$2:$A$96,0),MATCH(X$2,GB!$A$1:$AD$1,0)) -> 55 | Y4: 5 | Z4: 1250 | AA4: 400 | AF4: =AF3 -> 0 | AI4: =IF($BR4=1,BS4,"") | AJ4: =IF($BR4=1,BT4,"") | AK4: =IF($BR4=1,BU4,"") | AL4: =IF($BR4=1,BV4,"") | AM4: =IF($BR4=1,"YES","") | AT4: =B4 -> PCPU | AU4: =J4 -> 653.6 | AX4: =L4+N4 -> 740 | AY4: =M4+N4 -> 570 | AZ4: =INDEX(Notes!$A$36:$O$47,MATCH($B4,Notes!A$36:A$47,0),MATCH(AZ$2,Notes!A$35:O$35,0)) -> 594.18522 | BA4: =MAX(MIN(Y4*FLOOR((H4-I4*LOG10(AZ4))/Y4,1),L4),M4) -> 610 | BB4: =BA4+N4 -> 700 | BC4: =MAX(MIN(Y4*FLOOR((H4-I4*LOG10(J4))/Y4,1),L4),M4) -> 605 | BD4: =BC4+N4 -> 695 | BO4: =BO3 -> 653.6 | BP4: =IF(CODE(RIGHT($C4,1))<58,CODE(RIGHT($C4,1))-48,CODE(RIGHT($C4,1))-55) -> 1 | BQ4: =MID($D4,2,2) -> 2 | BR4: =IF(BR3="","",BR3) -> 0 | BS4: =IF(BS3="","",BS3) | BT4: =IF(BT3="","",BT3) | BU4: =IF(BU3="","",BU3) | BV4: =IF(BV3="","",BV3)
A5: TRUE | B5: PCPU | C5: MP001 | D5: =CONCATENATE("E",MID(D4,2,2)+1) -> E3 | E5: =1000000+BP5*1000+BQ5 -> 1001003 | F5: =CONCATENATE(C5,"_",D5) -> MP001_E3 | G5: Bin1 | H5: =H4-15 -> 820 | I5: =I4 -> 80 | J5: =INDEX(Notes!$A$36:$N$47,MATCH(Binning!$B5,Notes!$A$36:$A$47,0),MATCH(Notes!$K$35,Notes!$A$35:$N$35,0)) -> 653.6 | L5: =L4-10 -> 640 | M5: =M4 -> 480 | N5: =INDEX(GB!$A$2:$AD$96,MATCH($C5,GB!$A$2:$A$96,0),MATCH(N$2,GB!$A$1:$AD$1,0)) -> 90 | O5: =INDEX(GB!$A$2:$AD$96,MATCH($C5,GB!$A$2:$A$96,0),MATCH(O$2,GB!$A$1:$AD$1,0)) -> 95 | P5: =INDEX(GB!$A$2:$AD$96,MATCH($C5,GB!$A$2:$A$96,0),MATCH(P$2,GB!$A$1:$AD$1,0)) -> 70 | Q5: =INDEX(GB!$A$2:$AD$96,MATCH($C5,GB!$A$2:$A$96,0),MATCH(Q$2,GB!$A$1:$AD$1,0)) -> 80 | R5: =INDEX(Notes!$A$36:$N$47,MATCH(Binning!$B5,Notes!$A$36:$A$47,0),MATCH(Notes!$M$35,Notes!$A$35:$N$35,0)) -> 7866 | T5: =INDEX(GB!$A$2:$AD$96,MATCH($C5,GB!$A$2:$A$96,0),MATCH(T$2,GB!$A$1:$AD$1,0)) -> 70 | U5: =INDEX(GB!$A$2:$AD$96,MATCH($C5,GB!$A$2:$A$96,0),MATCH(U$2,GB!$A$1:$AD$1,0)) -> 0 | V5: =INDEX(GB!$A$2:$AD$96,MATCH($C5,GB!$A$2:$A$96,0),MATCH(V$2,GB!$A$1:$AD$1,0)) -> 0 | W5: =INDEX(GB!$A$2:$AD$96,MATCH($C5,GB!$A$2:$A$96,0),MATCH(W$2,GB!$A$1:$AD$1,0)) -> 45 | X5: =INDEX(GB!$A$2:$AD$96,MATCH($C5,GB!$A$2:$A$96,0),MATCH(X$2,GB!$A$1:$AD$1,0)) -> 55 | Y5: 5 | Z5: 1250 | AA5: 400 | AF5: =AF4 -> 0 | AI5: =IF($BR5=1,BS5,"") | AJ5: =IF($BR5=1,BT5,"") | AK5: =IF($BR5=1,BU5,"") | AL5: =IF($BR5=1,BV5,"") | AM5: =IF($BR5=1,"YES","") | AT5: =B5 -> PCPU | AU5: =J5 -> 653.6 | AX5: =L5+N5 -> 730 | AY5: =M5+N5 -> 570 | AZ5: =INDEX(Notes!$A$36:$O$47,MATCH($B5,Notes!A$36:A$47,0),MATCH(AZ$2,Notes!A$35:O$35,0)) -> 594.18522 | BA5: =MAX(MIN(Y5*FLOOR((H5-I5*LOG10(AZ5))/Y5,1),L5),M5) -> 595 | BB5: =BA5+N5 -> 685 | BC5: =MAX(MIN(Y5*FLOOR((H5-I5*LOG10(J5))/Y5,1),L5),M5) -> 590 | BD5: =BC5+N5 -> 680 | BO5: =BO4 -> 653.6 | BP5: =IF(CODE(RIGHT($C5,1))<58,CODE(RIGHT($C5,1))-48,CODE(RIGHT($C5,1))-55) -> 1 | BQ5: =MID($D5,2,2) -> 3 | BR5: =IF(BR4="","",BR4) -> 0 | BS5: =IF(BS4="","",BS4) | BT5: =IF(BT4="","",BT4) | BU5: =IF(BU4="","",BU4) | BV5: =IF(BV4="","",BV4)
A6: TRUE | B6: PCPU | C6: MP001 | D6: =CONCATENATE("E",MID(D5,2,2)+1) -> E4 | E6: =1000000+BP6*1000+BQ6 -> 1001004 | F6: =CONCATENATE(C6,"_",D6) -> MP001_E4 | G6: Bin1 | H6: =H5-15 -> 805 | I6: =I5 -> 80 | J6: =INDEX(Notes!$A$36:$N$47,MATCH(Binning!$B6,Notes!$A$36:$A$47,0),MATCH(Notes!$K$35,Notes!$A$35:$N$35,0)) -> 653.6 | L6: =L5 -> 640 | M6: =M5 -> 480 | N6: =INDEX(GB!$A$2:$AD$96,MATCH($C6,GB!$A$2:$A$96,0),MATCH(N$2,GB!$A$1:$AD$1,0)) -> 90 | O6: =INDEX(GB!$A$2:$AD$96,MATCH($C6,GB!$A$2:$A$96,0),MATCH(O$2,GB!$A$1:$AD$1,0)) -> 95 | P6: =INDEX(GB!$A$2:$AD$96,MATCH($C6,GB!$A$2:$A$96,0),MATCH(P$2,GB!$A$1:$AD$1,0)) -> 70 | Q6: =INDEX(GB!$A$2:$AD$96,MATCH($C6,GB!$A$2:$A$96,0),MATCH(Q$2,GB!$A$1:$AD$1,0)) -> 80 | R6: =INDEX(Notes!$A$36:$N$47,MATCH(Binning!$B6,Notes!$A$36:$A$47,0),MATCH(Notes!$M$35,Notes!$A$35:$N$35,0)) -> 7866 | T6: =INDEX(GB!$A$2:$AD$96,MATCH($C6,GB!$A$2:$A$96,0),MATCH(T$2,GB!$A$1:$AD$1,0)) -> 70 | U6: =INDEX(GB!$A$2:$AD$96,MATCH($C6,GB!$A$2:$A$96,0),MATCH(U$2,GB!$A$1:$AD$1,0)) -> 0 | V6: =INDEX(GB!$A$2:$AD$96,MATCH($C6,GB!$A$2:$A$96,0),MATCH(V$2,GB!$A$1:$AD$1,0)) -> 0 | W6: =INDEX(GB!$A$2:$AD$96,MATCH($C6,GB!$A$2:$A$96,0),MATCH(W$2,GB!$A$1:$AD$1,0)) -> 45 | X6: =INDEX(GB!$A$2:$AD$96,MATCH($C6,GB!$A$2:$A$96,0),MATCH(X$2,GB!$A$1:$AD$1,0)) -> 55 | Y6: 5 | Z6: 1250 | AA6: 400 | AF6: =AF5 -> 0 | AI6: =IF($BR6=1,BS6,"") | AJ6: =IF($BR6=1,BT6,"") | AK6: =IF($BR6=1,BU6,"") | AL6: =IF($BR6=1,BV6,"") | AM6: =IF($BR6=1,"YES","") | AT6: =B6 -> PCPU | AU6: =J6 -> 653.6 | AX6: =L6+N6 -> 730 | AY6: =M6+N6 -> 570 | AZ6: =INDEX(Notes!$A$36:$O$47,MATCH($B6,Notes!A$36:A$47,0),MATCH(AZ$2,Notes!A$35:O$35,0)) -> 594.18522 | BA6: =MAX(MIN(Y6*FLOOR((H6-I6*LOG10(AZ6))/Y6,1),L6),M6) -> 580 | BB6: =BA6+N6 -> 670 | BC6: =MAX(MIN(Y6*FLOOR((H6-I6*LOG10(J6))/Y6,1),L6),M6) -> 575 | BD6: =BC6+N6 -> 665 | BO6: =BO5 -> 653.6 | BP6: =IF(CODE(RIGHT($C6,1))<58,CODE(RIGHT($C6,1))-48,CODE(RIGHT($C6,1))-55) -> 1 | BQ6: =MID($D6,2,2) -> 4 | BR6: =IF(BR5="","",BR5) -> 0 | BS6: =IF(BS5="","",BS5) | BT6: =IF(BT5="","",BT5) | BU6: =IF(BU5="","",BU5) | BV6: =IF(BV5="","",BV5)
A7: TRUE | B7: PCPU | C7: MP001 | D7: =CONCATENATE("E",MID(D6,2,2)+1) -> E5 | E7: =1000000+BP7*1000+BQ7 -> 1001005 | F7: =CONCATENATE(C7,"_",D7) -> MP001_E5 | G7: Bin1 | H7: =H6-15 -> 790 | I7: =I6 -> 80 | J7: =INDEX(Notes!$A$36:$N$47,MATCH(Binning!$B7,Notes!$A$36:$A$47,0),MATCH(Notes!$K$35,Notes!$A$35:$N$35,0)) -> 653.6 | L7: =L6 -> 640 | M7: =M6 -> 480 | N7: =INDEX(GB!$A$2:$AD$96,MATCH($C7,GB!$A$2:$A$96,0),MATCH(N$2,GB!$A$1:$AD$1,0)) -> 90 | O7: =INDEX(GB!$A$2:$AD$96,MATCH($C7,GB!$A$2:$A$96,0),MATCH(O$2,GB!$A$1:$AD$1,0)) -> 95 | P7: =INDEX(GB!$A$2:$AD$96,MATCH($C7,GB!$A$2:$A$96,0),MATCH(P$2,GB!$A$1:$AD$1,0)) -> 70 | Q7: =INDEX(GB!$A$2:$AD$96,MATCH($C7,GB!$A$2:$A$96,0),MATCH(Q$2,GB!$A$1:$AD$1,0)) -> 80 | R7: =INDEX(Notes!$A$36:$N$47,MATCH(Binning!$B7,Notes!$A$36:$A$47,0),MATCH(Notes!$M$35,Notes!$A$35:$N$35,0)) -> 7866 | T7: =INDEX(GB!$A$2:$AD$96,MATCH($C7,GB!$A$2:$A$96,0),MATCH(T$2,GB!$A$1:$AD$1,0)) -> 70 | U7: =INDEX(GB!$A$2:$AD$96,MATCH($C7,GB!$A$2:$A$96,0),MATCH(U$2,GB!$A$1:$AD$1,0)) -> 0 | V7: =INDEX(GB!$A$2:$AD$96,MATCH($C7,GB!$A$2:$A$96,0),MATCH(V$2,GB!$A$1:$AD$1,0)) -> 0 | W7: =INDEX(GB!$A$2:$AD$96,MATCH($C7,GB!$A$2:$A$96,0),MATCH(W$2,GB!$A$1:$AD$1,0)) -> 45 | X7: =INDEX(GB!$A$2:$AD$96,MATCH($C7,GB!$A$2:$A$96,0),MATCH(X$2,GB!$A$1:$AD$1,0)) -> 55 | Y7: 5 | Z7: 1250 | AA7: 400 | AF7: =AF6 -> 0 | AI7: =IF($BR7=1,BS7,"") | AJ7: =IF($BR7=1,BT7,"") | AK7: =IF($BR7=1,BU7,"") | AL7: =IF($BR7=1,BV7,"") | AM7: =IF($BR7=1,"YES","") | AT7: =B7 -> PCPU | AU7: =J7 -> 653.6 | AX7: =L7+N7 -> 730 | AY7: =M7+N7 -> 570 | AZ7: =INDEX(Notes!$A$36:$O$47,MATCH($B7,Notes!A$36:A$47,0),MATCH(AZ$2,Notes!A$35:O$35,0)) -> 594.18522 | BA7: =MAX(MIN(Y7*FLOOR((H7-I7*LOG10(AZ7))/Y7,1),L7),M7) -> 565 | BB7: =BA7+N7 -> 655 | BC7: =MAX(MIN(Y7*FLOOR((H7-I7*LOG10(J7))/Y7,1),L7),M7) -> 560 | BD7: =BC7+N7 -> 650 | BO7: =BO6 -> 653.6 | BP7: =IF(CODE(RIGHT($C7,1))<58,CODE(RIGHT($C7,1))-48,CODE(RIGHT($C7,1))-55) -> 1 | BQ7: =MID($D7,2,2) -> 5 | BR7: =IF(BR6="","",BR6) -> 0 | BS7: =IF(BS6="","",BS6) | BT7: =IF(BT6="","",BT6) | BU7: =IF(BU6="","",BU6) | BV7: =IF(BV6="","",BV6)
A8: TRUE | B8: PCPU | C8: MP001 | D8: =CONCATENATE("E",MID(D7,2,2)+1) -> E6 | E8: =1000000+BP8*1000+BQ8 -> 1001006 | F8: =CONCATENATE(C8,"_",D8) -> MP001_E6 | G8: Bin1 | H8: =H7-15 -> 775 | I8: =I7 -> 80 | J8: =INDEX(Notes!$A$36:$N$47,MATCH(Binning!$B8,Notes!$A$36:$A$47,0),MATCH(Notes!$K$35,Notes!$A$35:$N$35,0)) -> 653.6 | L8: =L7 -> 640 | M8: =M7 -> 480 | N8: =INDEX(GB!$A$2:$AD$96,MATCH($C8,GB!$A$2:$A$96,0),MATCH(N$2,GB!$A$1:$AD$1,0)) -> 90 | O8: =INDEX(GB!$A$2:$AD$96,MATCH($C8,GB!$A$2:$A$96,0),MATCH(O$2,GB!$A$1:$AD$1,0)) -> 95 | P8: =INDEX(GB!$A$2:$AD$96,MATCH($C8,GB!$A$2:$A$96,0),MATCH(P$2,GB!$A$1:$AD$1,0)) -> 70 | Q8: =INDEX(GB!$A$2:$AD$96,MATCH($C8,GB!$A$2:$A$96,0),MATCH(Q$2,GB!$A$1:$AD$1,0)) -> 80 | R8: =INDEX(Notes!$A$36:$N$47,MATCH(Binning!$B8,Notes!$A$36:$A$47,0),MATCH(Notes!$M$35,Notes!$A$35:$N$35,0)) -> 7866 | T8: =INDEX(GB!$A$2:$AD$96,MATCH($C8,GB!$A$2:$A$96,0),MATCH(T$2,GB!$A$1:$AD$1,0)) -> 70 | U8: =INDEX(GB!$A$2:$AD$96,MATCH($C8,GB!$A$2:$A$96,0),MATCH(U$2,GB!$A$1:$AD$1,0)) -> 0 | V8: =INDEX(GB!$A$2:$AD$96,MATCH($C8,GB!$A$2:$A$96,0),MATCH(V$2,GB!$A$1:$AD$1,0)) -> 0 | W8: =INDEX(GB!$A$2:$AD$96,MATCH($C8,GB!$A$2:$A$96,0),MATCH(W$2,GB!$A$1:$AD$1,0)) -> 45 | X8: =INDEX(GB!$A$2:$AD$96,MATCH($C8,GB!$A$2:$A$96,0),MATCH(X$2,GB!$A$1:$AD$1,0)) -> 55 | Y8: 5 | Z8: 1250 | AA8: 400 | AF8: =AF7 -> 0 | AI8: =IF($BR8=1,BS8,"") | AJ8: =IF($BR8=1,BT8,"") | AK8: =IF($BR8=1,BU8,"") | AL8: =IF($BR8=1,BV8,"") | AM8: =IF($BR8=1,"YES","") | AT8: =B8 -> PCPU | AU8: =J8 -> 653.6 | AX8: =L8+N8 -> 730 | AY8: =M8+N8 -> 570 | AZ8: =INDEX(Notes!$A$36:$O$47,MATCH($B8,Notes!A$36:A$47,0),MATCH(AZ$2,Notes!A$35:O$35,0)) -> 594.18522 | BA8: =MAX(MIN(Y8*FLOOR((H8-I8*LOG10(AZ8))/Y8,1),L8),M8) -> 550 | BB8: =BA8+N8 -> 640 | BC8: =MAX(MIN(Y8*FLOOR((H8-I8*LOG10(J8))/Y8,1),L8),M8) -> 545 | BD8: =BC8+N8 -> 635 | BO8: =BO7 -> 653.6 | BP8: =IF(CODE(RIGHT($C8,1))<58,CODE(RIGHT($C8,1))-48,CODE(RIGHT($C8,1))-55) -> 1 | BQ8: =MID($D8,2,2) -> 6 | BR8: =IF(BR7="","",BR7) -> 0 | BS8: =IF(BS7="","",BS7) | BT8: =IF(BT7="","",BT7) | BU8: =IF(BU7="","",BU7) | BV8: =IF(BV7="","",BV7)
A9: TRUE | B9: PCPU | C9: MP001 | D9: =CONCATENATE("E",MID(D8,2,2)+1) -> E7 | E9: =1000000+BP9*1000+BQ9 -> 1001007 | F9: =CONCATENATE(C9,"_",D9) -> MP001_E7 | G9: Bin1 | H9: =H8-15 -> 760 | I9: =I8 -> 80 | J9: =INDEX(Notes!$A$36:$N$47,MATCH(Binning!$B9,Notes!$A$36:$A$47,0),MATCH(Notes!$K$35,Notes!$A$35:$N$35,0)) -> 653.6 | L9: =L8 -> 640 | M9: =M8 -> 480 | N9: =INDEX(GB!$A$2:$AD$96,MATCH($C9,GB!$A$2:$A$96,0),MATCH(N$2,GB!$A$1:$AD$1,0)) -> 90 | O9: =INDEX(GB!$A$2:$AD$96,MATCH($C9,GB!$A$2:$A$96,0),MATCH(O$2,GB!$A$1:$AD$1,0)) -> 95 | P9: =INDEX(GB!$A$2:$AD$96,MATCH($C9,GB!$A$2:$A$96,0),MATCH(P$2,GB!$A$1:$AD$1,0)) -> 70 | Q9: =INDEX(GB!$A$2:$AD$96,MATCH($C9,GB!$A$2:$A$96,0),MATCH(Q$2,GB!$A$1:$AD$1,0)) -> 80 | R9: =INDEX(Notes!$A$36:$N$47,MATCH(Binning!$B9,Notes!$A$36:$A$47,0),MATCH(Notes!$M$35,Notes!$A$35:$N$35,0)) -> 7866 | T9: =INDEX(GB!$A$2:$AD$96,MATCH($C9,GB!$A$2:$A$96,0),MATCH(T$2,GB!$A$1:$AD$1,0)) -> 70 | U9: =INDEX(GB!$A$2:$AD$96,MATCH($C9,GB!$A$2:$A$96,0),MATCH(U$2,GB!$A$1:$AD$1,0)) -> 0 | V9: =INDEX(GB!$A$2:$AD$96,MATCH($C9,GB!$A$2:$A$96,0),MATCH(V$2,GB!$A$1:$AD$1,0)) -> 0 | W9: =INDEX(GB!$A$2:$AD$96,MATCH($C9,GB!$A$2:$A$96,0),MATCH(W$2,GB!$A$1:$AD$1,0)) -> 45 | X9: =INDEX(GB!$A$2:$AD$96,MATCH($C9,GB!$A$2:$A$96,0),MATCH(X$2,GB!$A$1:$AD$1,0)) -> 55 | Y9: 5 | Z9: 1250 | AA9: 400 | AF9: =AF8 -> 0 | AI9: =IF($BR9=1,BS9,"") | AJ9: =IF($BR9=1,BT9,"") | AK9: =IF($BR9=1,BU9,"") | AL9: =IF($BR9=1,BV9,"") | AM9: =IF($BR9=1,"YES","") | AT9: =B9 -> PCPU | AU9: =J9 -> 653.6 | AX9: =L9+N9 -> 730 | AY9: =M9+N9 -> 570 | AZ9: =INDEX(Notes!$A$36:$O$47,MATCH($B9,Notes!A$36:A$47,0),MATCH(AZ$2,Notes!A$35:O$35,0)) -> 594.18522 | BA9: =MAX(MIN(Y9*FLOOR((H9-I9*LOG10(AZ9))/Y9,1),L9),M9) -> 535 | BB9: =BA9+N9 -> 625 | BC9: =MAX(MIN(Y9*FLOOR((H9-I9*LOG10(J9))/Y9,1),L9),M9) -> 530 | BD9: =BC9+N9 -> 620 | BO9: =BO8 -> 653.6 | BP9: =IF(CODE(RIGHT($C9,1))<58,CODE(RIGHT($C9,1))-48,CODE(RIGHT($C9,1))-55) -> 1 | BQ9: =MID($D9,2,2) -> 7 | BR9: =IF(BR8="","",BR8) -> 0 | BS9: =IF(BS8="","",BS8) | BT9: =IF(BT8="","",BT8) | BU9: =IF(BU8="","",BU8) | BV9: =IF(BV8="","",BV8)
A10: TRUE | B10: PCPU | C10: MP001 | D10: =CONCATENATE("E",MID(D9,2,2)+1) -> E8 | E10: =1000000+BP10*1000+BQ10 -> 1001008 | F10: =CONCATENATE(C10,"_",D10) -> MP001_E8 | G10: Bin1 | H10: =H9-15 -> 745 | I10: =I9 -> 80 | J10: =INDEX(Notes!$A$36:$N$47,MATCH(Binning!$B10,Notes!$A$36:$A$47,0),MATCH(Notes!$K$35,Notes!$A$35:$N$35,0)) -> 653.6 | L10: =L9 -> 640 | M10: =M9 -> 480 | N10: =INDEX(GB!$A$2:$AD$96,MATCH($C10,GB!$A$2:$A$96,0),MATCH(N$2,GB!$A$1:$AD$1,0)) -> 90 | O10: =INDEX(GB!$A$2:$AD$96,MATCH($C10,GB!$A$2:$A$96,0),MATCH(O$2,GB!$A$1:$AD$1,0)) -> 95 | P10: =INDEX(GB!$A$2:$AD$96,MATCH($C10,GB!$A$2:$A$96,0),MATCH(P$2,GB!$A$1:$AD$1,0)) -> 70 | Q10: =INDEX(GB!$A$2:$AD$96,MATCH($C10,GB!$A$2:$A$96,0),MATCH(Q$2,GB!$A$1:$AD$1,0)) -> 80 | R10: =INDEX(Notes!$A$36:$N$47,MATCH(Binning!$B10,Notes!$A$36:$A$47,0),MATCH(Notes!$M$35,Notes!$A$35:$N$35,0)) -> 7866 | T10: =INDEX(GB!$A$2:$AD$96,MATCH($C10,GB!$A$2:$A$96,0),MATCH(T$2,GB!$A$1:$AD$1,0)) -> 70 | U10: =INDEX(GB!$A$2:$AD$96,MATCH($C10,GB!$A$2:$A$96,0),MATCH(U$2,GB!$A$1:$AD$1,0)) -> 0 | V10: =INDEX(GB!$A$2:$AD$96,MATCH($C10,GB!$A$2:$A$96,0),MATCH(V$2,GB!$A$1:$AD$1,0)) -> 0 | W10: =INDEX(GB!$A$2:$AD$96,MATCH($C10,GB!$A$2:$A$96,0),MATCH(W$2,GB!$A$1:$AD$1,0)) -> 45 | X10: =INDEX(GB!$A$2:$AD$96,MATCH($C10,GB!$A$2:$A$96,0),MATCH(X$2,GB!$A$1:$AD$1,0)) -> 55 | Y10: 5 | Z10: 1250 | AA10: 400 | AF10: =AF9 -> 0 | AI10: =IF($BR10=1,BS10,"") | AJ10: =IF($BR10=1,BT10,"") | AK10: =IF($BR10=1,BU10,"") | AL10: =IF($BR10=1,BV10,"") | AM10: =IF($BR10=1,"YES","") | AT10: =B10 -> PCPU | AU10: =J10 -> 653.6 | AX10: =L10+N10 -> 730 | AY10: =M10+N10 -> 570 | AZ10: =INDEX(Notes!$A$36:$O$47,MATCH($B10,Notes!A$36:A$47,0),MATCH(AZ$2,Notes!A$35:O$35,0)) -> 594.18522 | BA10: =MAX(MIN(Y10*FLOOR((H10-I10*LOG10(AZ10))/Y10,1),L10),M10) -> 520 | BB10: =BA10+N10 -> 610 | BC10: =MAX(MIN(Y10*FLOOR((H10-I10*LOG10(J10))/Y10,1),L10),M10) -> 515 | BD10: =BC10+N10 -> 605 | BO10: =BO9 -> 653.6 | BP10: =IF(CODE(RIGHT($C10,1))<58,CODE(RIGHT($C10,1))-48,CODE(RIGHT($C10,1))-55) -> 1 | BQ10: =MID($D10,2,2) -> 8 | BR10: =IF(BR9="","",BR9) -> 0 | BS10: =IF(BS9="","",BS9) | BT10: =IF(BT9="","",BT9) | BU10: =IF(BU9="","",BU9) | BV10: =IF(BV9="","",BV9)
A11: TRUE | B11: PCPU | C11: MP001 | D11: =CONCATENATE("E",MID(D10,2,2)+1) -> E9 | E11: =1000000+BP11*1000+BQ11 -> 1001009 | F11: =CONCATENATE(C11,"_",D11) -> MP001_E9 | G11: Bin1 | H11: =H10-15 -> 730 | I11: =I10 -> 80 | J11: =INDEX(Notes!$A$36:$N$47,MATCH(Binning!$B11,Notes!$A$36:$A$47,0),MATCH(Notes!$K$35,Notes!$A$35:$N$35,0)) -> 653.6 | L11: =L10 -> 640 | M11: =M10 -> 480 | N11: =INDEX(GB!$A$2:$AD$96,MATCH($C11,GB!$A$2:$A$96,0),MATCH(N$2,GB!$A$1:$AD$1,0)) -> 90 | O11: =INDEX(GB!$A$2:$AD$96,MATCH($C11,GB!$A$2:$A$96,0),MATCH(O$2,GB!$A$1:$AD$1,0)) -> 95 | P11: =INDEX(GB!$A$2:$AD$96,MATCH($C11,GB!$A$2:$A$96,0),MATCH(P$2,GB!$A$1:$AD$1,0)) -> 70 | Q11: =INDEX(GB!$A$2:$AD$96,MATCH($C11,GB!$A$2:$A$96,0),MATCH(Q$2,GB!$A$1:$AD$1,0)) -> 80 | R11: =INDEX(Notes!$A$36:$N$47,MATCH(Binning!$B11,Notes!$A$36:$A$47,0),MATCH(Notes!$M$35,Notes!$A$35:$N$35,0)) -> 7866 | T11: =INDEX(GB!$A$2:$AD$96,MATCH($C11,GB!$A$2:$A$96,0),MATCH(T$2,GB!$A$1:$AD$1,0)) -> 70 | U11: =INDEX(GB!$A$2:$AD$96,MATCH($C11,GB!$A$2:$A$96,0),MATCH(U$2,GB!$A$1:$AD$1,0)) -> 0 | V11: =INDEX(GB!$A$2:$AD$96,MATCH($C11,GB!$A$2:$A$96,0),MATCH(V$2,GB!$A$1:$AD$1,0)) -> 0 | W11: =INDEX(GB!$A$2:$AD$96,MATCH($C11,GB!$A$2:$A$96,0),MATCH(W$2,GB!$A$1:$AD$1,0)) -> 45 | X11: =INDEX(GB!$A$2:$AD$96,MATCH($C11,GB!$A$2:$A$96,0),MATCH(X$2,GB!$A$1:$AD$1,0)) -> 55 | Y11: 5 | Z11: 1250 | AA11: 400 | AF11: =AF10 -> 0 | AI11: =IF($BR11=1,BS11,"") | AJ11: =IF($BR11=1,BT11,"") | AK11: =IF($BR11=1,BU11,"") | AL11: =IF($BR11=1,BV11,"") | AM11: =IF($BR11=1,"YES","") | AT11: =B11 -> PCPU | AU11: =J11 -> 653.6 | AX11: =L11+N11 -> 730 | AY11: =M11+N11 -> 570 | AZ11: =INDEX(Notes!$A$36:$O$47,MATCH($B11,Notes!A$36:A$47,0),MATCH(AZ$2,Notes!A$35:O$35,0)) -> 594.18522 | BA11: =MAX(MIN(Y11*FLOOR((H11-I11*LOG10(AZ11))/Y11,1),L11),M11) -> 505 | BB11: =BA11+N11 -> 595 | BC11: =MAX(MIN(Y11*FLOOR((H11-I11*LOG10(J11))/Y11,1),L11),M11) -> 500 | BD11: =BC11+N11 -> 590 | BO11: =BO10 -> 653.6 | BP11: =IF(CODE(RIGHT($C11,1))<58,CODE(RIGHT($C11,1))-48,CODE(RIGHT($C11,1))-55) -> 1 | BQ11: =MID($D11,2,2) -> 9 | BR11: =IF(BR10="","",BR10) -> 0 | BS11: =IF(BS10="","",BS10) | BT11: =IF(BT10="","",BT10) | BU11: =IF(BU10="","",BU10) | BV11: =IF(BV10="","",BV10)
A12: TRUE | B12: PCPU | C12: MP001 | D12: =CONCATENATE("E",MID(D11,2,2)+1) -> E10 | E12: =1000000+BP12*1000+BQ12 -> 1001010 | F12: =CONCATENATE(C12,"_",D12) -> MP001_E10 | G12: Bin1 | H12: =H11-15 -> 715 | I12: =I11 -> 80 | J12: =INDEX(Notes!$A$36:$N$47,MATCH(Binning!$B12,Notes!$A$36:$A$47,0),MATCH(Notes!$K$35,Notes!$A$35:$N$35,0)) -> 653.6 | L12: =L11 -> 640 | M12: =M11 -> 480 | N12: =INDEX(GB!$A$2:$AD$96,MATCH($C12,GB!$A$2:$A$96,0),MATCH(N$2,GB!$A$1:$AD$1,0)) -> 90 | O12: =INDEX(GB!$A$2:$AD$96,MATCH($C12,GB!$A$2:$A$96,0),MATCH(O$2,GB!$A$1:$AD$1,0)) -> 95 | P12: =INDEX(GB!$A$2:$AD$96,MATCH($C12,GB!$A$2:$A$96,0),MATCH(P$2,GB!$A$1:$AD$1,0)) -> 70 | Q12: =INDEX(GB!$A$2:$AD$96,MATCH($C12,GB!$A$2:$A$96,0),MATCH(Q$2,GB!$A$1:$AD$1,0)) -> 80 | R12: =INDEX(Notes!$A$36:$N$47,MATCH(Binning!$B12,Notes!$A$36:$A$47,0),MATCH(Notes!$M$35,Notes!$A$35:$N$35,0)) -> 7866 | T12: =INDEX(GB!$A$2:$AD$96,MATCH($C12,GB!$A$2:$A$96,0),MATCH(T$2,GB!$A$1:$AD$1,0)) -> 70 | U12: =INDEX(GB!$A$2:$AD$96,MATCH($C12,GB!$A$2:$A$96,0),MATCH(U$2,GB!$A$1:$AD$1,0)) -> 0 | V12: =INDEX(GB!$A$2:$AD$96,MATCH($C12,GB!$A$2:$A$96,0),MATCH(V$2,GB!$A$1:$AD$1,0)) -> 0 | W12: =INDEX(GB!$A$2:$AD$96,MATCH($C12,GB!$A$2:$A$96,0),MATCH(W$2,GB!$A$1:$AD$1,0)) -> 45 | X12: =INDEX(GB!$A$2:$AD$96,MATCH($C12,GB!$A$2:$A$96,0),MATCH(X$2,GB!$A$1:$AD$1,0)) -> 55 | Y12: 5 | Z12: 1250 | AA12: 400 | AF12: =AF11 -> 0 | AI12: =IF($BR12=1,BS12,"") | AJ12: =IF($BR12=1,BT12,"") | AK12: =IF($BR12=1,BU12,"") | AL12: =IF($BR12=1,BV12,"") | AM12: =IF($BR12=1,"YES","") | AT12: =B12 -> PCPU | AU12: =J12 -> 653.6 | AX12: =L12+N12 -> 730 | AY12: =M12+N12 -> 570 | AZ12: =INDEX(Notes!$A$36:$O$47,MATCH($B12,Notes!A$36:A$47,0),MATCH(AZ$2,Notes!A$35:O$35,0)) -> 594.18522 | BA12: =MAX(MIN(Y12*FLOOR((H12-I12*LOG10(AZ12))/Y12,1),L12),M12) -> 490 | BB12: =BA12+N12 -> 580 | BC12: =MAX(MIN(Y12*FLOOR((H12-I12*LOG10(J12))/Y12,1),L12),M12) -> 485 | BD12: =BC12+N12 -> 575 | BO12: =BO11 -> 653.6 | BP12: =IF(CODE(RIGHT($C12,1))<58,CODE(RIGHT($C12,1))-48,CODE(RIGHT($C12,1))-55) -> 1 | BQ12: =MID($D12,2,2) -> 10 | BR12: =IF(BR11="","",BR11) -> 0 | BS12: =IF(BS11="","",BS11) | BT12: =IF(BT11="","",BT11) | BU12: =IF(BU11="","",BU11) | BV12: =IF(BV11="","",BV11)
A13: TRUE | B13: PCPU | C13: MP001 | D13: =CONCATENATE("E",MID(D12,2,2)+1) -> E11 | E13: =1000000+BP13*1000+BQ13 -> 1001011 | F13: =CONCATENATE(C13,"_",D13) -> MP001_E11 | G13: Bin1 | H13: =H12-15 -> 700 | I13: =I12 -> 80 | J13: =INDEX(Notes!$A$36:$N$47,MATCH(Binning!$B13,Notes!$A$36:$A$47,0),MATCH(Notes!$K$35,Notes!$A$35:$N$35,0)) -> 653.6 | L13: =L12 -> 640 | M13: =M12 -> 480 | N13: =INDEX(GB!$A$2:$AD$96,MATCH($C13,GB!$A$2:$A$96,0),MATCH(N$2,GB!$A$1:$AD$1,0)) -> 90 | O13: =INDEX(GB!$A$2:$AD$96,MATCH($C13,GB!$A$2:$A$96,0),MATCH(O$2,GB!$A$1:$AD$1,0)) -> 95 | P13: =INDEX(GB!$A$2:$AD$96,MATCH($C13,GB!$A$2:$A$96,0),MATCH(P$2,GB!$A$1:$AD$1,0)) -> 70 | Q13: =INDEX(GB!$A$2:$AD$96,MATCH($C13,GB!$A$2:$A$96,0),MATCH(Q$2,GB!$A$1:$AD$1,0)) -> 80 | R13: =INDEX(Notes!$A$36:$N$47,MATCH(Binning!$B13,Notes!$A$36:$A$47,0),MATCH(Notes!$M$35,Notes!$A$35:$N$35,0)) -> 7866 | T13: =INDEX(GB!$A$2:$AD$96,MATCH($C13,GB!$A$2:$A$96,0),MATCH(T$2,GB!$A$1:$AD$1,0)) -> 70 | U13: =INDEX(GB!$A$2:$AD$96,MATCH($C13,GB!$A$2:$A$96,0),MATCH(U$2,GB!$A$1:$AD$1,0)) -> 0 | V13: =INDEX(GB!$A$2:$AD$96,MATCH($C13,GB!$A$2:$A$96,0),MATCH(V$2,GB!$A$1:$AD$1,0)) -> 0 | W13: =INDEX(GB!$A$2:$AD$96,MATCH($C13,GB!$A$2:$A$96,0),MATCH(W$2,GB!$A$1:$AD$1,0)) -> 45 | X13: =INDEX(GB!$A$2:$AD$96,MATCH($C13,GB!$A$2:$A$96,0),MATCH(X$2,GB!$A$1:$AD$1,0)) -> 55 | Y13: 5 | Z13: 1250 | AA13: 400 | AF13: =AF12 -> 0 | AI13: =IF($BR13=1,BS13,"") | AJ13: =IF($BR13=1,BT13,"") | AK13: =IF($BR13=1,BU13,"") | AL13: =IF($BR13=1,BV13,"") | AM13: =IF($BR13=1,"YES","") | AT13: =B13 -> PCPU | AU13: =J13 -> 653.6 | AX13: =L13+N13 -> 730 | AY13: =M13+N13 -> 570 | AZ13: =INDEX(Notes!$A$36:$O$47,MATCH($B13,Notes!A$36:A$47,0),MATCH(AZ$2,Notes!A$35:O$35,0)) -> 594.18522 | BA13: =MAX(MIN(Y13*FLOOR((H13-I13*LOG10(AZ13))/Y13,1),L13),M13) -> 480 | BB13: =BA13+N13 -> 570 | BC13: =MAX(MIN(Y13*FLOOR((H13-I13*LOG10(J13))/Y13,1),L13),M13) -> 480 | BD13: =BC13+N13 -> 570 | BO13: =BO12 -> 653.6 | BP13: =IF(CODE(RIGHT($C13,1))<58,CODE(RIGHT($C13,1))-48,CODE(RIGHT($C13,1))-55) -> 1 | BQ13: =MID($D13,2,2) -> 11 | BR13: =IF(BR12="","",BR12) -> 0 | BS13: =IF(BS12="","",BS12) | BT13: =IF(BT12="","",BT12) | BU13: =IF(BU12="","",BU12) | BV13: =IF(BV12="","",BV12)
A14: TRUE | B14: PCPU | C14: MP001 | D14: =CONCATENATE("E",MID(D13,2,2)+1) -> E12 | E14: =1000000+BP14*1000+BQ14 -> 1001012 | F14: =CONCATENATE(C14,"_",D14) -> MP001_E12 | G14: Bin1 | H14: =H13-15 -> 685 | I14: =I13 -> 80 | J14: =INDEX(Notes!$A$36:$N$47,MATCH(Binning!$B14,Notes!$A$36:$A$47,0),MATCH(Notes!$K$35,Notes!$A$35:$N$35,0)) -> 653.6 | L14: =L13 -> 640 | M14: =M13 -> 480 | N14: =INDEX(GB!$A$2:$AD$96,MATCH($C14,GB!$A$2:$A$96,0),MATCH(N$2,GB!$A$1:$AD$1,0)) -> 90 | O14: =INDEX(GB!$A$2:$AD$96,MATCH($C14,GB!$A$2:$A$96,0),MATCH(O$2,GB!$A$1:$AD$1,0)) -> 95 | P14: =INDEX(GB!$A$2:$AD$96,MATCH($C14,GB!$A$2:$A$96,0),MATCH(P$2,GB!$A$1:$AD$1,0)) -> 70 | Q14: =INDEX(GB!$A$2:$AD$96,MATCH($C14,GB!$A$2:$A$96,0),MATCH(Q$2,GB!$A$1:$AD$1,0)) -> 80 | R14: =INDEX(Notes!$A$36:$N$47,MATCH(Binning!$B14,Notes!$A$36:$A$47,0),MATCH(Notes!$M$35,Notes!$A$35:$N$35,0)) -> 7866 | T14: =INDEX(GB!$A$2:$AD$96,MATCH($C14,GB!$A$2:$A$96,0),MATCH(T$2,GB!$A$1:$AD$1,0)) -> 70 | U14: =INDEX(GB!$A$2:$AD$96,MATCH($C14,GB!$A$2:$A$96,0),MATCH(U$2,GB!$A$1:$AD$1,0)) -> 0 | V14: =INDEX(GB!$A$2:$AD$96,MATCH($C14,GB!$A$2:$A$96,0),MATCH(V$2,GB!$A$1:$AD$1,0)) -> 0 | W14: =INDEX(GB!$A$2:$AD$96,MATCH($C14,GB!$A$2:$A$96,0),MATCH(W$2,GB!$A$1:$AD$1,0)) -> 45 | X14: =INDEX(GB!$A$2:$AD$96,MATCH($C14,GB!$A$2:$A$96,0),MATCH(X$2,GB!$A$1:$AD$1,0)) -> 55 | Y14: 5 | Z14: 1250 | AA14: 400 | AF14: =AF13 -> 0 | AI14: =IF($BR14=1,BS14,"") | AJ14: =IF($BR14=1,BT14,"") | AK14: =IF($BR14=1,BU14,"") | AL14: =IF($BR14=1,BV14,"") | AM14: =IF($BR14=1,"YES","") | AT14: =B14 -> PCPU | AU14: =J14 -> 653.6 | AX14: =L14+N14 -> 730 | AY14: =M14+N14 -> 570 | AZ14: =INDEX(Notes!$A$36:$O$47,MATCH($B14,Notes!A$36:A$47,0),MATCH(AZ$2,Notes!A$35:O$35,0)) -> 594.18522 | BA14: =MAX(MIN(Y14*FLOOR((H14-I14*LOG10(AZ14))/Y14,1),L14),M14) -> 480 | BB14: =BA14+N14 -> 570 | BC14: =MAX(MIN(Y14*FLOOR((H14-I14*LOG10(J14))/Y14,1),L14),M14) -> 480 | BD14: =BC14+N14 -> 570 | BO14: =BO13 -> 653.6 | BP14: =IF(CODE(RIGHT($C14,1))<58,CODE(RIGHT($C14,1))-48,CODE(RIGHT($C14,1))-55) -> 1 | BQ14: =MID($D14,2,2) -> 12 | BR14: =IF(BR13="","",BR13) -> 0 | BS14: =IF(BS13="","",BS13) | BT14: =IF(BT13="","",BT13) | BU14: =IF(BU13="","",BU13) | BV14: =IF(BV13="","",BV13)
A15: TRUE | B15: PCPU | C15: MP002 | D15: E1 | E15: =1000000+BP15*1000+BQ15 -> 1002001 | F15: =CONCATENATE(C15,"_",D15) -> MP002_E1 | G15: Bin1 | H15: =VLOOKUP(C15,BinningParamNotes!A:D,3,0) -> 885 | I15: =VLOOKUP(C15,BinningParamNotes!A:D,2,0) -> 85 | J15: =INDEX(Notes!$A$36:$N$47,MATCH(Binning!$B15,Notes!$A$36:$A$47,0),MATCH(Notes!$K$35,Notes!$A$35:$N$35,0)) -> 653.6 | L15: =VLOOKUP(C15,BinningParamNotes!A:D,4,0) -> 685 | M15: 495 | N15: =INDEX(GB!$A$2:$AD$96,MATCH($C15,GB!$A$2:$A$96,0),MATCH(N$2,GB!$A$1:$AD$1,0)) -> 80 | O15: =INDEX(GB!$A$2:$AD$96,MATCH($C15,GB!$A$2:$A$96,0),MATCH(O$2,GB!$A$1:$AD$1,0)) -> 60 | P15: =INDEX(GB!$A$2:$AD$96,MATCH($C15,GB!$A$2:$A$96,0),MATCH(P$2,GB!$A$1:$AD$1,0)) -> 70 | Q15: =INDEX(GB!$A$2:$AD$96,MATCH($C15,GB!$A$2:$A$96,0),MATCH(Q$2,GB!$A$1:$AD$1,0)) -> 60 | R15: =INDEX(Notes!$A$36:$N$47,MATCH(Binning!$B15,Notes!$A$36:$A$47,0),MATCH(Notes!$M$35,Notes!$A$35:$N$35,0)) -> 7866 | T15: =INDEX(GB!$A$2:$AD$96,MATCH($C15,GB!$A$2:$A$96,0),MATCH(T$2,GB!$A$1:$AD$1,0)) -> 65 | U15: =INDEX(GB!$A$2:$AD$96,MATCH($C15,GB!$A$2:$A$96,0),MATCH(U$2,GB!$A$1:$AD$1,0)) -> 0 | V15: =INDEX(GB!$A$2:$AD$96,MATCH($C15,GB!$A$2:$A$96,0),MATCH(V$2,GB!$A$1:$AD$1,0)) -> 0 | W15: =INDEX(GB!$A$2:$AD$96,MATCH($C15,GB!$A$2:$A$96,0),MATCH(W$2,GB!$A$1:$AD$1,0)) -> 45 | X15: =INDEX(GB!$A$2:$AD$96,MATCH($C15,GB!$A$2:$A$96,0),MATCH(X$2,GB!$A$1:$AD$1,0)) -> 35 | Y15: 5 | Z15: 1250 | AA15: 400 | AF15: 5 | AI15: =IF($BR15=1,BS15,"") | AJ15: =IF($BR15=1,BT15,"") | AK15: =IF($BR15=1,BU15,"") | AL15: =IF($BR15=1,BV15,"") | AM15: =IF($BR15=1,"YES","") | AT15: =B15 -> PCPU | AU15: =J15 -> 653.6 | AX15: =L15+N15 -> 765 | AY15: =M15+N15 -> 575 | AZ15: =INDEX(Notes!$A$36:$O$47,MATCH($B15,Notes!A$36:A$47,0),MATCH(AZ$2,Notes!A$35:O$35,0)) -> 594.18522 | BA15: =MAX(MIN(Y15*FLOOR((H15-I15*LOG10(AZ15))/Y15,1),L15),M15) -> 645 | BB15: =BA15+N15 -> 725 | BC15: =MAX(MIN(Y15*FLOOR((H15-I15*LOG10(J15))/Y15,1),L15),M15) -> 645 | BD15: =BC15+N15 -> 725 | BO15: =MAX(J15:J21) -> 653.6 | BP15: =IF(CODE(RIGHT($C15,1))<58,CODE(RIGHT($C15,1))-48,CODE(RIGHT($C15,1))-55) -> 2 | BQ15: =MID($D15,2,2) -> 1 | BR15: 0
A16: TRUE | B16: PCPU | C16: MP002 | D16: =CONCATENATE("E",MID(D15,2,2)+1) -> E2 | E16: =1000000+BP16*1000+BQ16 -> 1002002 | F16: =CONCATENATE(C16,"_",D16) -> MP002_E2 | G16: Bin1 | H16: =H15-15 -> 870 | I16: =I15 -> 85 | J16: =INDEX(Notes!$A$36:$N$47,MATCH(Binning!$B16,Notes!$A$36:$A$47,0),MATCH(Notes!$K$35,Notes!$A$35:$N$35,0)) -> 653.6 | L16: =L15-10 -> 675 | M16: =M15 -> 495 | N16: =INDEX(GB!$A$2:$AD$96,MATCH($C16,GB!$A$2:$A$96,0),MATCH(N$2,GB!$A$1:$AD$1,0)) -> 80 | O16: =INDEX(GB!$A$2:$AD$96,MATCH($C16,GB!$A$2:$A$96,0),MATCH(O$2,GB!$A$1:$AD$1,0)) -> 60 | P16: =INDEX(GB!$A$2:$AD$96,MATCH($C16,GB!$A$2:$A$96,0),MATCH(P$2,GB!$A$1:$AD$1,0)) -> 70 | Q16: =INDEX(GB!$A$2:$AD$96,MATCH($C16,GB!$A$2:$A$96,0),MATCH(Q$2,GB!$A$1:$AD$1,0)) -> 60 | R16: =INDEX(Notes!$A$36:$N$47,MATCH(Binning!$B16,Notes!$A$36:$A$47,0),MATCH(Notes!$M$35,Notes!$A$35:$N$35,0)) -> 7866 | T16: =INDEX(GB!$A$2:$AD$96,MATCH($C16,GB!$A$2:$A$96,0),MATCH(T$2,GB!$A$1:$AD$1,0)) -> 65 | U16: =INDEX(GB!$A$2:$AD$96,MATCH($C16,GB!$A$2:$A$96,0),MATCH(U$2,GB!$A$1:$AD$1,0)) -> 0 | V16: =INDEX(GB!$A$2:$AD$96,MATCH($C16,GB!$A$2:$A$96,0),MATCH(V$2,GB!$A$1:$AD$1,0)) -> 0 | W16: =INDEX(GB!$A$2:$AD$96,MATCH($C16,GB!$A$2:$A$96,0),MATCH(W$2,GB!$A$1:$AD$1,0)) -> 45 | X16: =INDEX(GB!$A$2:$AD$96,MATCH($C16,GB!$A$2:$A$96,0),MATCH(X$2,GB!$A$1:$AD$1,0)) -> 35 | Y16: 5 | Z16: 1250 | AA16: 400 | AF16: =AF15 -> 5 | AI16: =IF($BR16=1,BS16,"") | AJ16: =IF($BR16=1,BT16,"") | AK16: =IF($BR16=1,BU16,"") | AL16: =IF($BR16=1,BV16,"") | AM16: =IF($BR16=1,"YES","") | AT16: =B16 -> PCPU | AU16: =J16 -> 653.6 | AX16: =L16+N16 -> 755 | AY16: =M16+N16 -> 575 | AZ16: =INDEX(Notes!$A$36:$O$47,MATCH($B16,Notes!A$36:A$47,0),MATCH(AZ$2,Notes!A$35:O$35,0)) -> 594.18522 | BA16: =MAX(MIN(Y16*FLOOR((H16-I16*LOG10(AZ16))/Y16,1),L16),M16) -> 630 | BB16: =BA16+N16 -> 710 | BC16: =MAX(MIN(Y16*FLOOR((H16-I16*LOG10(J16))/Y16,1),L16),M16) -> 630 | BD16: =BC16+N16 -> 710 | BO16: =BO15 -> 653.6 | BP16: =IF(CODE(RIGHT($C16,1))<58,CODE(RIGHT($C16,1))-48,CODE(RIGHT($C16,1))-55) -> 2 | BQ16: =MID($D16,2,2) -> 2 | BR16: =IF(BR15="","",BR15) -> 0 | BS16: =IF(BS15="","",BS15) | BT16: =IF(BT15="","",BT15) | BU16: =IF(BU15="","",BU15) | BV16: =IF(BV15="","",BV15)
A17: TRUE | B17: PCPU | C17: MP002 | D17: =CONCATENATE("E",MID(D16,2,2)+1) -> E3 | E17: =1000000+BP17*1000+BQ17 -> 1002003 | F17: =CONCATENATE(C17,"_",D17) -> MP002_E3 | G17: Bin1 | H17: =H16-15 -> 855 | I17: =I16 -> 85 | J17: =INDEX(Notes!$A$36:$N$47,MATCH(Binning!$B17,Notes!$A$36:$A$47,0),MATCH(Notes!$K$35,Notes!$A$35:$N$35,0)) -> 653.6 | L17: =L16-10 -> 665 | M17: =M16 -> 495 | N17: =INDEX(GB!$A$2:$AD$96,MATCH($C17,GB!$A$2:$A$96,0),MATCH(N$2,GB!$A$1:$AD$1,0)) -> 80 | O17: =INDEX(GB!$A$2:$AD$96,MATCH($C17,GB!$A$2:$A$96,0),MATCH(O$2,GB!$A$1:$AD$1,0)) -> 60 | P17: =INDEX(GB!$A$2:$AD$96,MATCH($C17,GB!$A$2:$A$96,0),MATCH(P$2,GB!$A$1:$AD$1,0)) -> 70 | Q17: =INDEX(GB!$A$2:$AD$96,MATCH($C17,GB!$A$2:$A$96,0),MATCH(Q$2,GB!$A$1:$AD$1,0)) -> 60 | R17: =INDEX(Notes!$A$36:$N$47,MATCH(Binning!$B17,Notes!$A$36:$A$47,0),MATCH(Notes!$M$35,Notes!$A$35:$N$35,0)) -> 7866 | T17: =INDEX(GB!$A$2:$AD$96,MATCH($C17,GB!$A$2:$A$96,0),MATCH(T$2,GB!$A$1:$AD$1,0)) -> 65 | U17: =INDEX(GB!$A$2:$AD$96,MATCH($C17,GB!$A$2:$A$96,0),MATCH(U$2,GB!$A$1:$AD$1,0)) -> 0 | V17: =INDEX(GB!$A$2:$AD$96,MATCH($C17,GB!$A$2:$A$96,0),MATCH(V$2,GB!$A$1:$AD$1,0)) -> 0 | W17: =INDEX(GB!$A$2:$AD$96,MATCH($C17,GB!$A$2:$A$96,0),MATCH(W$2,GB!$A$1:$AD$1,0)) -> 45 | X17: =INDEX(GB!$A$2:$AD$96,MATCH($C17,GB!$A$2:$A$96,0),MATCH(X$2,GB!$A$1:$AD$1,0)) -> 35 | Y17: 5 | Z17: 1250 | AA17: 400 | AF17: =AF16 -> 5 | AI17: =IF($BR17=1,BS17,"") | AJ17: =IF($BR17=1,BT17,"") | AK17: =IF($BR17=1,BU17,"") | AL17: =IF($BR17=1,BV17,"") | AM17: =IF($BR17=1,"YES","") | AT17: =B17 -> PCPU | AU17: =J17 -> 653.6 | AX17: =L17+N17 -> 745 | AY17: =M17+N17 -> 575 | AZ17: =INDEX(Notes!$A$36:$O$47,MATCH($B17,Notes!A$36:A$47,0),MATCH(AZ$2,Notes!A$35:O$35,0)) -> 594.18522 | BA17: =MAX(MIN(Y17*FLOOR((H17-I17*LOG10(AZ17))/Y17,1),L17),M17) -> 615 | BB17: =BA17+N17 -> 695 | BC17: =MAX(MIN(Y17*FLOOR((H17-I17*LOG10(J17))/Y17,1),L17),M17) -> 615 | BD17: =BC17+N17 -> 695 | BO17: =BO16 -> 653.6 | BP17: =IF(CODE(RIGHT($C17,1))<58,CODE(RIGHT($C17,1))-48,CODE(RIGHT($C17,1))-55) -> 2 | BQ17: =MID($D17,2,2) -> 3 | BR17: =IF(BR16="","",BR16) -> 0 | BS17: =IF(BS16="","",BS16) | BT17: =IF(BT16="","",BT16) | BU17: =IF(BU16="","",BU16) | BV17: =IF(BV16="","",BV16)
A18: TRUE | B18: PCPU | C18: MP002 | D18: =CONCATENATE("E",MID(D17,2,2)+1) -> E4 | E18: =1000000+BP18*1000+BQ18 -> 1002004 | F18: =CONCATENATE(C18,"_",D18) -> MP002_E4 | G18: Bin1 | H18: =H17-15 -> 840 | I18: =I17 -> 85 | J18: =INDEX(Notes!$A$36:$N$47,MATCH(Binning!$B18,Notes!$A$36:$A$47,0),MATCH(Notes!$K$35,Notes!$A$35:$N$35,0)) -> 653.6 | L18: =L17 -> 665 | M18: =M17 -> 495 | N18: =INDEX(GB!$A$2:$AD$96,MATCH($C18,GB!$A$2:$A$96,0),MATCH(N$2,GB!$A$1:$AD$1,0)) -> 80 | O18: =INDEX(GB!$A$2:$AD$96,MATCH($C18,GB!$A$2:$A$96,0),MATCH(O$2,GB!$A$1:$AD$1,0)) -> 60 | P18: =INDEX(GB!$A$2:$AD$96,MATCH($C18,GB!$A$2:$A$96,0),MATCH(P$2,GB!$A$1:$AD$1,0)) -> 70 | Q18: =INDEX(GB!$A$2:$AD$96,MATCH($C18,GB!$A$2:$A$96,0),MATCH(Q$2,GB!$A$1:$AD$1,0)) -> 60 | R18: =INDEX(Notes!$A$36:$N$47,MATCH(Binning!$B18,Notes!$A$36:$A$47,0),MATCH(Notes!$M$35,Notes!$A$35:$N$35,0)) -> 7866 | T18: =INDEX(GB!$A$2:$AD$96,MATCH($C18,GB!$A$2:$A$96,0),MATCH(T$2,GB!$A$1:$AD$1,0)) -> 65 | U18: =INDEX(GB!$A$2:$AD$96,MATCH($C18,GB!$A$2:$A$96,0),MATCH(U$2,GB!$A$1:$AD$1,0)) -> 0 | V18: =INDEX(GB!$A$2:$AD$96,MATCH($C18,GB!$A$2:$A$96,0),MATCH(V$2,GB!$A$1:$AD$1,0)) -> 0 | W18: =INDEX(GB!$A$2:$AD$96,MATCH($C18,GB!$A$2:$A$96,0),MATCH(W$2,GB!$A$1:$AD$1,0)) -> 45 | X18: =INDEX(GB!$A$2:$AD$96,MATCH($C18,GB!$A$2:$A$96,0),MATCH(X$2,GB!$A$1:$AD$1,0)) -> 35 | Y18: 5 | Z18: 1250 | AA18: 400 | AF18: =AF17 -> 5 | AI18: =IF($BR18=1,BS18,"") | AJ18: =IF($BR18=1,BT18,"") | AK18: =IF($BR18=1,BU18,"") | AL18: =IF($BR18=1,BV18,"") | AM18: =IF($BR18=1,"YES","") | AT18: =B18 -> PCPU | AU18: =J18 -> 653.6 | AX18: =L18+N18 -> 745 | AY18: =M18+N18 -> 575 | AZ18: =INDEX(Notes!$A$36:$O$47,MATCH($B18,Notes!A$36:A$47,0),MATCH(AZ$2,Notes!A$35:O$35,0)) -> 594.18522 | BA18: =MAX(MIN(Y18*FLOOR((H18-I18*LOG10(AZ18))/Y18,1),L18),M18) -> 600 | BB18: =BA18+N18 -> 680 | BC18: =MAX(MIN(Y18*FLOOR((H18-I18*LOG10(J18))/Y18,1),L18),M18) -> 600 | BD18: =BC18+N18 -> 680 | BO18: =BO17 -> 653.6 | BP18: =IF(CODE(RIGHT($C18,1))<58,CODE(RIGHT($C18,1))-48,CODE(RIGHT($C18,1))-55) -> 2 | BQ18: =MID($D18,2,2) -> 4 | BR18: =IF(BR17="","",BR17) -> 0 | BS18: =IF(BS17="","",BS17) | BT18: =IF(BT17="","",BT17) | BU18: =IF(BU17="","",BU17) | BV18: =IF(BV17="","",BV17)
A19: TRUE | B19: PCPU | C19: MP002 | D19: =CONCATENATE("E",MID(D18,2,2)+1) -> E5 | E19: =1000000+BP19*1000+BQ19 -> 1002005 | F19: =CONCATENATE(C19,"_",D19) -> MP002_E5 | G19: Bin1 | H19: =H18-15 -> 825 | I19: =I18 -> 85 | J19: =INDEX(Notes!$A$36:$N$47,MATCH(Binning!$B19,Notes!$A$36:$A$47,0),MATCH(Notes!$K$35,Notes!$A$35:$N$35,0)) -> 653.6 | L19: =L18 -> 665 | M19: =M18 -> 495 | N19: =INDEX(GB!$A$2:$AD$96,MATCH($C19,GB!$A$2:$A$96,0),MATCH(N$2,GB!$A$1:$AD$1,0)) -> 80 | O19: =INDEX(GB!$A$2:$AD$96,MATCH($C19,GB!$A$2:$A$96,0),MATCH(O$2,GB!$A$1:$AD$1,0)) -> 60 | P19: =INDEX(GB!$A$2:$AD$96,MATCH($C19,GB!$A$2:$A$96,0),MATCH(P$2,GB!$A$1:$AD$1,0)) -> 70 | Q19: =INDEX(GB!$A$2:$AD$96,MATCH($C19,GB!$A$2:$A$96,0),MATCH(Q$2,GB!$A$1:$AD$1,0)) -> 60 | R19: =INDEX(Notes!$A$36:$N$47,MATCH(Binning!$B19,Notes!$A$36:$A$47,0),MATCH(Notes!$M$35,Notes!$A$35:$N$35,0)) -> 7866 | T19: =INDEX(GB!$A$2:$AD$96,MATCH($C19,GB!$A$2:$A$96,0),MATCH(T$2,GB!$A$1:$AD$1,0)) -> 65 | U19: =INDEX(GB!$A$2:$AD$96,MATCH($C19,GB!$A$2:$A$96,0),MATCH(U$2,GB!$A$1:$AD$1,0)) -> 0 | V19: =INDEX(GB!$A$2:$AD$96,MATCH($C19,GB!$A$2:$A$96,0),MATCH(V$2,GB!$A$1:$AD$1,0)) -> 0 | W19: =INDEX(GB!$A$2:$AD$96,MATCH($C19,GB!$A$2:$A$96,0),MATCH(W$2,GB!$A$1:$AD$1,0)) -> 45 | X19: =INDEX(GB!$A$2:$AD$96,MATCH($C19,GB!$A$2:$A$96,0),MATCH(X$2,GB!$A$1:$AD$1,0)) -> 35 | Y19: 5 | Z19: 1250 | AA19: 400 | AF19: =AF18 -> 5 | AI19: =IF($BR19=1,BS19,"") | AJ19: =IF($BR19=1,BT19,"") | AK19: =IF($BR19=1,BU19,"") | AL19: =IF($BR19=1,BV19,"") | AM19: =IF($BR19=1,"YES","") | AT19: =B19 -> PCPU | AU19: =J19 -> 653.6 | AX19: =L19+N19 -> 745 | AY19: =M19+N19 -> 575 | AZ19: =INDEX(Notes!$A$36:$O$47,MATCH($B19,Notes!A$36:A$47,0),MATCH(AZ$2,Notes!A$35:O$35,0)) -> 594.18522 | BA19: =MAX(MIN(Y19*FLOOR((H19-I19*LOG10(AZ19))/Y19,1),L19),M19) -> 585 | BB19: =BA19+N19 -> 665 | BC19: =MAX(MIN(Y19*FLOOR((H19-I19*LOG10(J19))/Y19,1),L19),M19) -> 585 | BD19: =BC19+N19 -> 665 | BO19: =BO18 -> 653.6 | BP19: =IF(CODE(RIGHT($C19,1))<58,CODE(RIGHT($C19,1))-48,CODE(RIGHT($C19,1))-55) -> 2 | BQ19: =MID($D19,2,2) -> 5 | BR19: =IF(BR18="","",BR18) -> 0 | BS19: =IF(BS18="","",BS18) | BT19: =IF(BT18="","",BT18) | BU19: =IF(BU18="","",BU18) | BV19: =IF(BV18="","",BV18)
A20: TRUE | B20: PCPU | C20: MP002 | D20: =CONCATENATE("E",MID(D19,2,2)+1) -> E6 | E20: =1000000+BP20*1000+BQ20 -> 1002006 | F20: =CONCATENATE(C20,"_",D20) -> MP002_E6 | G20: Bin1 | H20: =H19-15 -> 810 | I20: =I19 -> 85 | J20: =INDEX(Notes!$A$36:$N$47,MATCH(Binning!$B20,Notes!$A$36:$A$47,0),MATCH(Notes!$K$35,Notes!$A$35:$N$35,0)) -> 653.6 | L20: =L19 -> 665 | M20: =M19 -> 495 | N20: =INDEX(GB!$A$2:$AD$96,MATCH($C20,GB!$A$2:$A$96,0),MATCH(N$2,GB!$A$1:$AD$1,0)) -> 80 | O20: =INDEX(GB!$A$2:$AD$96,MATCH($C20,GB!$A$2:$A$96,0),MATCH(O$2,GB!$A$1:$AD$1,0)) -> 60 | P20: =INDEX(GB!$A$2:$AD$96,MATCH($C20,GB!$A$2:$A$96,0),MATCH(P$2,GB!$A$1:$AD$1,0)) -> 70 | Q20: =INDEX(GB!$A$2:$AD$96,MATCH($C20,GB!$A$2:$A$96,0),MATCH(Q$2,GB!$A$1:$AD$1,0)) -> 60 | R20: =INDEX(Notes!$A$36:$N$47,MATCH(Binning!$B20,Notes!$A$36:$A$47,0),MATCH(Notes!$M$35,Notes!$A$35:$N$35,0)) -> 7866 | T20: =INDEX(GB!$A$2:$AD$96,MATCH($C20,GB!$A$2:$A$96,0),MATCH(T$2,GB!$A$1:$AD$1,0)) -> 65 | U20: =INDEX(GB!$A$2:$AD$96,MATCH($C20,GB!$A$2:$A$96,0),MATCH(U$2,GB!$A$1:$AD$1,0)) -> 0 | V20: =INDEX(GB!$A$2:$AD$96,MATCH($C20,GB!$A$2:$A$96,0),MATCH(V$2,GB!$A$1:$AD$1,0)) -> 0 | W20: =INDEX(GB!$A$2:$AD$96,MATCH($C20,GB!$A$2:$A$96,0),MATCH(W$2,GB!$A$1:$AD$1,0)) -> 45 | X20: =INDEX(GB!$A$2:$AD$96,MATCH($C20,GB!$A$2:$A$96,0),MATCH(X$2,GB!$A$1:$AD$1,0)) -> 35 | Y20: 5 | Z20: 1250 | AA20: 400 | AF20: =AF19 -> 5 | AI20: =IF($BR20=1,BS20,"") | AJ20: =IF($BR20=1,BT20,"") | AK20: =IF($BR20=1,BU20,"") | AL20: =IF($BR20=1,BV20,"") | AM20: =IF($BR20=1,"YES","") | AT20: =B20 -> PCPU | AU20: =J20 -> 653.6 | AX20: =L20+N20 -> 745 | AY20: =M20+N20 -> 575 | AZ20: =INDEX(Notes!$A$36:$O$47,MATCH($B20,Notes!A$36:A$47,0),MATCH(AZ$2,Notes!A$35:O$35,0)) -> 594.18522 | BA20: =MAX(MIN(Y20*FLOOR((H20-I20*LOG10(AZ20))/Y20,1),L20),M20) -> 570 | BB20: =BA20+N20 -> 650 | BC20: =MAX(MIN(Y20*FLOOR((H20-I20*LOG10(J20))/Y20,1),L20),M20) -> 570 | BD20: =BC20+N20 -> 650 | BO20: =BO19 -> 653.6 | BP20: =IF(CODE(RIGHT($C20,1))<58,CODE(RIGHT($C20,1))-48,CODE(RIGHT($C20,1))-55) -> 2 | BQ20: =MID($D20,2,2) -> 6 | BR20: =IF(BR19="","",BR19) -> 0 | BS20: =IF(BS19="","",BS19) | BT20: =IF(BT19="","",BT19) | BU20: =IF(BU19="","",BU19) | BV20: =IF(BV19="","",BV19)
A21: TRUE | B21: PCPU | C21: MP002 | D21: =CONCATENATE("E",MID(D20,2,2)+1) -> E7 | E21: =1000000+BP21*1000+BQ21 -> 1002007 | F21: =CONCATENATE(C21,"_",D21) -> MP002_E7 | G21: Bin1 | H21: =H20-15 -> 795 | I21: =I20 -> 85 | J21: =INDEX(Notes!$A$36:$N$47,MATCH(Binning!$B21,Notes!$A$36:$A$47,0),MATCH(Notes!$K$35,Notes!$A$35:$N$35,0)) -> 653.6 | L21: =L20 -> 665 | M21: =M20 -> 495 | N21: =INDEX(GB!$A$2:$AD$96,MATCH($C21,GB!$A$2:$A$96,0),MATCH(N$2,GB!$A$1:$AD$1,0)) -> 80 | O21: =INDEX(GB!$A$2:$AD$96,MATCH($C21,GB!$A$2:$A$96,0),MATCH(O$2,GB!$A$1:$AD$1,0)) -> 60 | P21: =INDEX(GB!$A$2:$AD$96,MATCH($C21,GB!$A$2:$A$96,0),MATCH(P$2,GB!$A$1:$AD$1,0)) -> 70 | Q21: =INDEX(GB!$A$2:$AD$96,MATCH($C21,GB!$A$2:$A$96,0),MATCH(Q$2,GB!$A$1:$AD$1,0)) -> 60 | R21: =INDEX(Notes!$A$36:$N$47,MATCH(Binning!$B21,Notes!$A$36:$A$47,0),MATCH(Notes!$M$35,Notes!$A$35:$N$35,0)) -> 7866 | T21: =INDEX(GB!$A$2:$AD$96,MATCH($C21,GB!$A$2:$A$96,0),MATCH(T$2,GB!$A$1:$AD$1,0)) -> 65 | U21: =INDEX(GB!$A$2:$AD$96,MATCH($C21,GB!$A$2:$A$96,0),MATCH(U$2,GB!$A$1:$AD$1,0)) -> 0 | V21: =INDEX(GB!$A$2:$AD$96,MATCH($C21,GB!$A$2:$A$96,0),MATCH(V$2,GB!$A$1:$AD$1,0)) -> 0 | W21: =INDEX(GB!$A$2:$AD$96,MATCH($C21,GB!$A$2:$A$96,0),MATCH(W$2,GB!$A$1:$AD$1,0)) -> 45 | X21: =INDEX(GB!$A$2:$AD$96,MATCH($C21,GB!$A$2:$A$96,0),MATCH(X$2,GB!$A$1:$AD$1,0)) -> 35 | Y21: 5 | Z21: 1250 | AA21: 400 | AF21: =AF20 -> 5 | AI21: =IF($BR21=1,BS21,"") | AJ21: =IF($BR21=1,BT21,"") | AK21: =IF($BR21=1,BU21,"") | AL21: =IF($BR21=1,BV21,"") | AM21: =IF($BR21=1,"YES","") | AT21: =B21 -> PCPU | AU21: =J21 -> 653.6 | AX21: =L21+N21 -> 745 | AY21: =M21+N21 -> 575 | AZ21: =INDEX(Notes!$A$36:$O$47,MATCH($B21,Notes!A$36:A$47,0),MATCH(AZ$2,Notes!A$35:O$35,0)) -> 594.18522 | BA21: =MAX(MIN(Y21*FLOOR((H21-I21*LOG10(AZ21))/Y21,1),L21),M21) -> 555 | BB21: =BA21+N21 -> 635 | BC21: =MAX(MIN(Y21*FLOOR((H21-I21*LOG10(J21))/Y21,1),L21),M21) -> 555 | BD21: =BC21+N21 -> 635 | BO21: =BO20 -> 653.6 | BP21: =IF(CODE(RIGHT($C21,1))<58,CODE(RIGHT($C21,1))-48,CODE(RIGHT($C21,1))-55) -> 2 | BQ21: =MID($D21,2,2) -> 7 | BR21: =IF(BR20="","",BR20) -> 0 | BS21: =IF(BS20="","",BS20) | BT21: =IF(BT20="","",BT20) | BU21: =IF(BU20="","",BU20) | BV21: =IF(BV20="","",BV20)
A22: TRUE | B22: PCPU | C22: MP002 | D22: =CONCATENATE("E",MID(D21,2,2)+1) -> E8 | E22: =1000000+BP22*1000+BQ22 -> 1002008 | F22: =CONCATENATE(C22,"_",D22) -> MP002_E8 | G22: Bin1 | H22: =H21-15 -> 780 | I22: =I21 -> 85 | J22: =INDEX(Notes!$A$36:$N$47,MATCH(Binning!$B22,Notes!$A$36:$A$47,0),MATCH(Notes!$K$35,Notes!$A$35:$N$35,0)) -> 653.6 | L22: =L21 -> 665 | M22: =M21 -> 495 | N22: =INDEX(GB!$A$2:$AD$96,MATCH($C22,GB!$A$2:$A$96,0),MATCH(N$2,GB!$A$1:$AD$1,0)) -> 80 | O22: =INDEX(GB!$A$2:$AD$96,MATCH($C22,GB!$A$2:$A$96,0),MATCH(O$2,GB!$A$1:$AD$1,0)) -> 60 | P22: =INDEX(GB!$A$2:$AD$96,MATCH($C22,GB!$A$2:$A$96,0),MATCH(P$2,GB!$A$1:$AD$1,0)) -> 70 | Q22: =INDEX(GB!$A$2:$AD$96,MATCH($C22,GB!$A$2:$A$96,0),MATCH(Q$2,GB!$A$1:$AD$1,0)) -> 60 | R22: =INDEX(Notes!$A$36:$N$47,MATCH(Binning!$B22,Notes!$A$36:$A$47,0),MATCH(Notes!$M$35,Notes!$A$35:$N$35,0)) -> 7866 | T22: =INDEX(GB!$A$2:$AD$96,MATCH($C22,GB!$A$2:$A$96,0),MATCH(T$2,GB!$A$1:$AD$1,0)) -> 65 | U22: =INDEX(GB!$A$2:$AD$96,MATCH($C22,GB!$A$2:$A$96,0),MATCH(U$2,GB!$A$1:$AD$1,0)) -> 0 | V22: =INDEX(GB!$A$2:$AD$96,MATCH($C22,GB!$A$2:$A$96,0),MATCH(V$2,GB!$A$1:$AD$1,0)) -> 0 | W22: =INDEX(GB!$A$2:$AD$96,MATCH($C22,GB!$A$2:$A$96,0),MATCH(W$2,GB!$A$1:$AD$1,0)) -> 45 | X22: =INDEX(GB!$A$2:$AD$96,MATCH($C22,GB!$A$2:$A$96,0),MATCH(X$2,GB!$A$1:$AD$1,0)) -> 35 | Y22: 5 | Z22: 1250 | AA22: 400 | AF22: =AF21 -> 5 | AI22: =IF($BR22=1,BS22,"") | AJ22: =IF($BR22=1,BT22,"") | AK22: =IF($BR22=1,BU22,"") | AL22: =IF($BR22=1,BV22,"") | AM22: =IF($BR22=1,"YES","") | AT22: =B22 -> PCPU | AU22: =J22 -> 653.6 | AX22: =L22+N22 -> 745 | AY22: =M22+N22 -> 575 | AZ22: =INDEX(Notes!$A$36:$O$47,MATCH($B22,Notes!A$36:A$47,0),MATCH(AZ$2,Notes!A$35:O$35,0)) -> 594.18522 | BA22: =MAX(MIN(Y22*FLOOR((H22-I22*LOG10(AZ22))/Y22,1),L22),M22) -> 540 | BB22: =BA22+N22 -> 620 | BC22: =MAX(MIN(Y22*FLOOR((H22-I22*LOG10(J22))/Y22,1),L22),M22) -> 540 | BD22: =BC22+N22 -> 620 | BO22: =BO21 -> 653.6 | BP22: =IF(CODE(RIGHT($C22,1))<58,CODE(RIGHT($C22,1))-48,CODE(RIGHT($C22,1))-55) -> 2 | BQ22: =MID($D22,2,2) -> 8 | BR22: =IF(BR21="","",BR21) -> 0 | BS22: =IF(BS21="","",BS21) | BT22: =IF(BT21="","",BT21) | BU22: =IF(BU21="","",BU21) | BV22: =IF(BV21="","",BV21)
A23: TRUE | B23: PCPU | C23: MP002 | D23: =CONCATENATE("E",MID(D22,2,2)+1) -> E9 | E23: =1000000+BP23*1000+BQ23 -> 1002009 | F23: =CONCATENATE(C23,"_",D23) -> MP002_E9 | G23: Bin1 | H23: =H22-15 -> 765 | I23: =I22 -> 85 | J23: =INDEX(Notes!$A$36:$N$47,MATCH(Binning!$B23,Notes!$A$36:$A$47,0),MATCH(Notes!$K$35,Notes!$A$35:$N$35,0)) -> 653.6 | L23: =L22 -> 665 | M23: =M22 -> 495 | N23: =INDEX(GB!$A$2:$AD$96,MATCH($C23,GB!$A$2:$A$96,0),MATCH(N$2,GB!$A$1:$AD$1,0)) -> 80 | O23: =INDEX(GB!$A$2:$AD$96,MATCH($C23,GB!$A$2:$A$96,0),MATCH(O$2,GB!$A$1:$AD$1,0)) -> 60 | P23: =INDEX(GB!$A$2:$AD$96,MATCH($C23,GB!$A$2:$A$96,0),MATCH(P$2,GB!$A$1:$AD$1,0)) -> 70 | Q23: =INDEX(GB!$A$2:$AD$96,MATCH($C23,GB!$A$2:$A$96,0),MATCH(Q$2,GB!$A$1:$AD$1,0)) -> 60 | R23: =INDEX(Notes!$A$36:$N$47,MATCH(Binning!$B23,Notes!$A$36:$A$47,0),MATCH(Notes!$M$35,Notes!$A$35:$N$35,0)) -> 7866 | T23: =INDEX(GB!$A$2:$AD$96,MATCH($C23,GB!$A$2:$A$96,0),MATCH(T$2,GB!$A$1:$AD$1,0)) -> 65 | U23: =INDEX(GB!$A$2:$AD$96,MATCH($C23,GB!$A$2:$A$96,0),MATCH(U$2,GB!$A$1:$AD$1,0)) -> 0 | V23: =INDEX(GB!$A$2:$AD$96,MATCH($C23,GB!$A$2:$A$96,0),MATCH(V$2,GB!$A$1:$AD$1,0)) -> 0 | W23: =INDEX(GB!$A$2:$AD$96,MATCH($C23,GB!$A$2:$A$96,0),MATCH(W$2,GB!$A$1:$AD$1,0)) -> 45 | X23: =INDEX(GB!$A$2:$AD$96,MATCH($C23,GB!$A$2:$A$96,0),MATCH(X$2,GB!$A$1:$AD$1,0)) -> 35 | Y23: 5 | Z23: 1250 | AA23: 400 | AF23: =AF22 -> 5 | AI23: =IF($BR23=1,BS23,"") | AJ23: =IF($BR23=1,BT23,"") | AK23: =IF($BR23=1,BU23,"") | AL23: =IF($BR23=1,BV23,"") | AM23: =IF($BR23=1,"YES","") | AT23: =B23 -> PCPU | AU23: =J23 -> 653.6 | AX23: =L23+N23 -> 745 | AY23: =M23+N23 -> 575 | AZ23: =INDEX(Notes!$A$36:$O$47,MATCH($B23,Notes!A$36:A$47,0),MATCH(AZ$2,Notes!A$35:O$35,0)) -> 594.18522 | BA23: =MAX(MIN(Y23*FLOOR((H23-I23*LOG10(AZ23))/Y23,1),L23),M23) -> 525 | BB23: =BA23+N23 -> 605 | BC23: =MAX(MIN(Y23*FLOOR((H23-I23*LOG10(J23))/Y23,1),L23),M23) -> 525 | BD23: =BC23+N23 -> 605 | BO23: =BO22 -> 653.6 | BP23: =IF(CODE(RIGHT($C23,1))<58,CODE(RIGHT($C23,1))-48,CODE(RIGHT($C23,1))-55) -> 2 | BQ23: =MID($D23,2,2) -> 9 | BR23: =IF(BR22="","",BR22) -> 0 | BS23: =IF(BS22="","",BS22) | BT23: =IF(BT22="","",BT22) | BU23: =IF(BU22="","",BU22) | BV23: =IF(BV22="","",BV22)
A24: TRUE | B24: PCPU | C24: MP002 | D24: =CONCATENATE("E",MID(D23,2,2)+1) -> E10 | E24: =1000000+BP24*1000+BQ24 -> 1002010 | F24: =CONCATENATE(C24,"_",D24) -> MP002_E10 | G24: Bin1 | H24: =H23-15 -> 750 | I24: =I23 -> 85 | J24: =INDEX(Notes!$A$36:$N$47,MATCH(Binning!$B24,Notes!$A$36:$A$47,0),MATCH(Notes!$K$35,Notes!$A$35:$N$35,0)) -> 653.6 | L24: =L23 -> 665 | M24: =M23 -> 495 | N24: =INDEX(GB!$A$2:$AD$96,MATCH($C24,GB!$A$2:$A$96,0),MATCH(N$2,GB!$A$1:$AD$1,0)) -> 80 | O24: =INDEX(GB!$A$2:$AD$96,MATCH($C24,GB!$A$2:$A$96,0),MATCH(O$2,GB!$A$1:$AD$1,0)) -> 60 | P24: =INDEX(GB!$A$2:$AD$96,MATCH($C24,GB!$A$2:$A$96,0),MATCH(P$2,GB!$A$1:$AD$1,0)) -> 70 | Q24: =INDEX(GB!$A$2:$AD$96,MATCH($C24,GB!$A$2:$A$96,0),MATCH(Q$2,GB!$A$1:$AD$1,0)) -> 60 | R24: =INDEX(Notes!$A$36:$N$47,MATCH(Binning!$B24,Notes!$A$36:$A$47,0),MATCH(Notes!$M$35,Notes!$A$35:$N$35,0)) -> 7866 | T24: =INDEX(GB!$A$2:$AD$96,MATCH($C24,GB!$A$2:$A$96,0),MATCH(T$2,GB!$A$1:$AD$1,0)) -> 65 | U24: =INDEX(GB!$A$2:$AD$96,MATCH($C24,GB!$A$2:$A$96,0),MATCH(U$2,GB!$A$1:$AD$1,0)) -> 0 | V24: =INDEX(GB!$A$2:$AD$96,MATCH($C24,GB!$A$2:$A$96,0),MATCH(V$2,GB!$A$1:$AD$1,0)) -> 0 | W24: =INDEX(GB!$A$2:$AD$96,MATCH($C24,GB!$A$2:$A$96,0),MATCH(W$2,GB!$A$1:$AD$1,0)) -> 45 | X24: =INDEX(GB!$A$2:$AD$96,MATCH($C24,GB!$A$2:$A$96,0),MATCH(X$2,GB!$A$1:$AD$1,0)) -> 35 | Y24: 5 | Z24: 1250 | AA24: 400 | AF24: =AF23 -> 5 | AI24: =IF($BR24=1,BS24,"") | AJ24: =IF($BR24=1,BT24,"") | AK24: =IF($BR24=1,BU24,"") | AL24: =IF($BR24=1,BV24,"") | AM24: =IF($BR24=1,"YES","") | AT24: =B24 -> PCPU | AU24: =J24 -> 653.6 | AX24: =L24+N24 -> 745 | AY24: =M24+N24 -> 575 | AZ24: =INDEX(Notes!$A$36:$O$47,MATCH($B24,Notes!A$36:A$47,0),MATCH(AZ$2,Notes!A$35:O$35,0)) -> 594.18522 | BA24: =MAX(MIN(Y24*FLOOR((H24-I24*LOG10(AZ24))/Y24,1),L24),M24) -> 510 | BB24: =BA24+N24 -> 590 | BC24: =MAX(MIN(Y24*FLOOR((H24-I24*LOG10(J24))/Y24,1),L24),M24) -> 510 | BD24: =BC24+N24 -> 590 | BO24: =BO23 -> 653.6 | BP24: =IF(CODE(RIGHT($C24,1))<58,CODE(RIGHT($C24,1))-48,CODE(RIGHT($C24,1))-55) -> 2 | BQ24: =MID($D24,2,2) -> 10 | BR24: =IF(BR23="","",BR23) -> 0 | BS24: =IF(BS23="","",BS23) | BT24: =IF(BT23="","",BT23) | BU24: =IF(BU23="","",BU23) | BV24: =IF(BV23="","",BV23)
A25: TRUE | B25: PCPU | C25: MP002 | D25: =CONCATENATE("E",MID(D24,2,2)+1) -> E11 | E25: =1000000+BP25*1000+BQ25 -> 1002011 | F25: =CONCATENATE(C25,"_",D25) -> MP002_E11 | G25: Bin1 | H25: =H24-15 -> 735 | I25: =I24 -> 85 | J25: =INDEX(Notes!$A$36:$N$47,MATCH(Binning!$B25,Notes!$A$36:$A$47,0),MATCH(Notes!$K$35,Notes!$A$35:$N$35,0)) -> 653.6 | L25: =L24 -> 665 | M25: =M24 -> 495 | N25: =INDEX(GB!$A$2:$AD$96,MATCH($C25,GB!$A$2:$A$96,0),MATCH(N$2,GB!$A$1:$AD$1,0)) -> 80 | O25: =INDEX(GB!$A$2:$AD$96,MATCH($C25,GB!$A$2:$A$96,0),MATCH(O$2,GB!$A$1:$AD$1,0)) -> 60 | P25: =INDEX(GB!$A$2:$AD$96,MATCH($C25,GB!$A$2:$A$96,0),MATCH(P$2,GB!$A$1:$AD$1,0)) -> 70 | Q25: =INDEX(GB!$A$2:$AD$96,MATCH($C25,GB!$A$2:$A$96,0),MATCH(Q$2,GB!$A$1:$AD$1,0)) -> 60 | R25: =INDEX(Notes!$A$36:$N$47,MATCH(Binning!$B25,Notes!$A$36:$A$47,0),MATCH(Notes!$M$35,Notes!$A$35:$N$35,0)) -> 7866 | T25: =INDEX(GB!$A$2:$AD$96,MATCH($C25,GB!$A$2:$A$96,0),MATCH(T$2,GB!$A$1:$AD$1,0)) -> 65 | U25: =INDEX(GB!$A$2:$AD$96,MATCH($C25,GB!$A$2:$A$96,0),MATCH(U$2,GB!$A$1:$AD$1,0)) -> 0 | V25: =INDEX(GB!$A$2:$AD$96,MATCH($C25,GB!$A$2:$A$96,0),MATCH(V$2,GB!$A$1:$AD$1,0)) -> 0 | W25: =INDEX(GB!$A$2:$AD$96,MATCH($C25,GB!$A$2:$A$96,0),MATCH(W$2,GB!$A$1:$AD$1,0)) -> 45 | X25: =INDEX(GB!$A$2:$AD$96,MATCH($C25,GB!$A$2:$A$96,0),MATCH(X$2,GB!$A$1:$AD$1,0)) -> 35 | Y25: 5 | Z25: 1250 | AA25: 400 | AF25: =AF24 -> 5 | AI25: =IF($BR25=1,BS25,"") | AJ25: =IF($BR25=1,BT25,"") | AK25: =IF($BR25=1,BU25,"") | AL25: =IF($BR25=1,BV25,"") | AM25: =IF($BR25=1,"YES","") | AT25: =B25 -> PCPU | AU25: =J25 -> 653.6 | AX25: =L25+N25 -> 745 | AY25: =M25+N25 -> 575 | AZ25: =INDEX(Notes!$A$36:$O$47,MATCH($B25,Notes!A$36:A$47,0),MATCH(AZ$2,Notes!A$35:O$35,0)) -> 594.18522 | BA25: =MAX(MIN(Y25*FLOOR((H25-I25*LOG10(AZ25))/Y25,1),L25),M25) -> 495 | BB25: =BA25+N25 -> 575 | BC25: =MAX(MIN(Y25*FLOOR((H25-I25*LOG10(J25))/Y25,1),L25),M25) -> 495 | BD25: =BC25+N25 -> 575 | BO25: =BO24 -> 653.6 | BP25: =IF(CODE(RIGHT($C25,1))<58,CODE(RIGHT($C25,1))-48,CODE(RIGHT($C25,1))-55) -> 2 | BQ25: =MID($D25,2,2) -> 11 | BR25: =IF(BR24="","",BR24) -> 0 | BS25: =IF(BS24="","",BS24) | BT25: =IF(BT24="","",BT24) | BU25: =IF(BU24="","",BU24) | BV25: =IF(BV24="","",BV24)
A26: TRUE | B26: PCPU | C26: MP002 | D26: =CONCATENATE("E",MID(D25,2,2)+1) -> E12 | E26: =1000000+BP26*1000+BQ26 -> 1002012 | F26: =CONCATENATE(C26,"_",D26) -> MP002_E12 | G26: Bin1 | H26: =H25-15 -> 720 | I26: =I25 -> 85 | J26: =INDEX(Notes!$A$36:$N$47,MATCH(Binning!$B26,Notes!$A$36:$A$47,0),MATCH(Notes!$K$35,Notes!$A$35:$N$35,0)) -> 653.6 | L26: =L25 -> 665 | M26: =M25 -> 495 | N26: =INDEX(GB!$A$2:$AD$96,MATCH($C26,GB!$A$2:$A$96,0),MATCH(N$2,GB!$A$1:$AD$1,0)) -> 80 | O26: =INDEX(GB!$A$2:$AD$96,MATCH($C26,GB!$A$2:$A$96,0),MATCH(O$2,GB!$A$1:$AD$1,0)) -> 60 | P26: =INDEX(GB!$A$2:$AD$96,MATCH($C26,GB!$A$2:$A$96,0),MATCH(P$2,GB!$A$1:$AD$1,0)) -> 70 | Q26: =INDEX(GB!$A$2:$AD$96,MATCH($C26,GB!$A$2:$A$96,0),MATCH(Q$2,GB!$A$1:$AD$1,0)) -> 60 | R26: =INDEX(Notes!$A$36:$N$47,MATCH(Binning!$B26,Notes!$A$36:$A$47,0),MATCH(Notes!$M$35,Notes!$A$35:$N$35,0)) -> 7866 | T26: =INDEX(GB!$A$2:$AD$96,MATCH($C26,GB!$A$2:$A$96,0),MATCH(T$2,GB!$A$1:$AD$1,0)) -> 65 | U26: =INDEX(GB!$A$2:$AD$96,MATCH($C26,GB!$A$2:$A$96,0),MATCH(U$2,GB!$A$1:$AD$1,0)) -> 0 | V26: =INDEX(GB!$A$2:$AD$96,MATCH($C26,GB!$A$2:$A$96,0),MATCH(V$2,GB!$A$1:$AD$1,0)) -> 0 | W26: =INDEX(GB!$A$2:$AD$96,MATCH($C26,GB!$A$2:$A$96,0),MATCH(W$2,GB!$A$1:$AD$1,0)) -> 45 | X26: =INDEX(GB!$A$2:$AD$96,MATCH($C26,GB!$A$2:$A$96,0),MATCH(X$2,GB!$A$1:$AD$1,0)) -> 35 | Y26: 5 | Z26: 1250 | AA26: 400 | AF26: =AF25 -> 5 | AI26: =IF($BR26=1,BS26,"") | AJ26: =IF($BR26=1,BT26,"") | AK26: =IF($BR26=1,BU26,"") | AL26: =IF($BR26=1,BV26,"") | AM26: =IF($BR26=1,"YES","") | AT26: =B26 -> PCPU | AU26: =J26 -> 653.6 | AX26: =L26+N26 -> 745 | AY26: =M26+N26 -> 575 | AZ26: =INDEX(Notes!$A$36:$O$47,MATCH($B26,Notes!A$36:A$47,0),MATCH(AZ$2,Notes!A$35:O$35,0)) -> 594.18522 | BA26: =MAX(MIN(Y26*FLOOR((H26-I26*LOG10(AZ26))/Y26,1),L26),M26) -> 495 | BB26: =BA26+N26 -> 575 | BC26: =MAX(MIN(Y26*FLOOR((H26-I26*LOG10(J26))/Y26,1),L26),M26) -> 495 | BD26: =BC26+N26 -> 575 | BO26: =BO25 -> 653.6 | BP26: =IF(CODE(RIGHT($C26,1))<58,CODE(RIGHT($C26,1))-48,CODE(RIGHT($C26,1))-55) -> 2 | BQ26: =MID($D26,2,2) -> 12 | BR26: =IF(BR25="","",BR25) -> 0 | BS26: =IF(BS25="","",BS25) | BT26: =IF(BT25="","",BT25) | BU26: =IF(BU25="","",BU25) | BV26: =IF(BV25="","",BV25)
A27: TRUE | B27: PCPU | C27: MP003 | D27: E1 | E27: =1000000+BP27*1000+BQ27 -> 1003001 | F27: =CONCATENATE(C27,"_",D27) -> MP003_E1 | G27: Bin1 | H27: =VLOOKUP(C27,BinningParamNotes!A:D,3,0) -> 915 | I27: =VLOOKUP(C27,BinningParamNotes!A:D,2,0) -> 90 | J27: =INDEX(Notes!$A$36:$N$47,MATCH(Binning!$B27,Notes!$A$36:$A$47,0),MATCH(Notes!$K$35,Notes!$A$35:$N$35,0)) -> 653.6 | L27: =VLOOKUP(C27,BinningParamNotes!A:D,4,0) -> 710 | M27: 525 | N27: =INDEX(GB!$A$2:$AD$96,MATCH($C27,GB!$A$2:$A$96,0),MATCH(N$2,GB!$A$1:$AD$1,0)) -> 75 | O27: =INDEX(GB!$A$2:$AD$96,MATCH($C27,GB!$A$2:$A$96,0),MATCH(O$2,GB!$A$1:$AD$1,0)) -> 50 | P27: =INDEX(GB!$A$2:$AD$96,MATCH($C27,GB!$A$2:$A$96,0),MATCH(P$2,GB!$A$1:$AD$1,0)) -> 45 | Q27: =INDEX(GB!$A$2:$AD$96,MATCH($C27,GB!$A$2:$A$96,0),MATCH(Q$2,GB!$A$1:$AD$1,0)) -> 65 | R27: =INDEX(Notes!$A$36:$N$47,MATCH(Binning!$B27,Notes!$A$36:$A$47,0),MATCH(Notes!$M$35,Notes!$A$35:$N$35,0)) -> 7866 | T27: =INDEX(GB!$A$2:$AD$96,MATCH($C27,GB!$A$2:$A$96,0),MATCH(T$2,GB!$A$1:$AD$1,0)) -> 55 | U27: =INDEX(GB!$A$2:$AD$96,MATCH($C27,GB!$A$2:$A$96,0),MATCH(U$2,GB!$A$1:$AD$1,0)) -> 0 | V27: =INDEX(GB!$A$2:$AD$96,MATCH($C27,GB!$A$2:$A$96,0),MATCH(V$2,GB!$A$1:$AD$1,0)) -> 0 | W27: =INDEX(GB!$A$2:$AD$96,MATCH($C27,GB!$A$2:$A$96,0),MATCH(W$2,GB!$A$1:$AD$1,0)) -> 20 | X27: =INDEX(GB!$A$2:$AD$96,MATCH($C27,GB!$A$2:$A$96,0),MATCH(X$2,GB!$A$1:$AD$1,0)) -> 40 | Y27: 5 | Z27: 1250 | AA27: 400 | AF27: 5 | AI27: =IF($BR27=1,BS27,"") | AJ27: =IF($BR27=1,BT27,"") | AK27: =IF($BR27=1,BU27,"") | AL27: =IF($BR27=1,BV27,"") | AM27: =IF($BR27=1,"YES","") | AT27: =B27 -> PCPU | AU27: =J27 -> 653.6 | AX27: =L27+N27 -> 785 | AY27: =M27+N27 -> 600 | AZ27: =INDEX(Notes!$A$36:$O$47,MATCH($B27,Notes!A$36:A$47,0),MATCH(AZ$2,Notes!A$35:O$35,0)) -> 594.18522 | BA27: =MAX(MIN(Y27*FLOOR((H27-I27*LOG10(AZ27))/Y27,1),L27),M27) -> 665 | BB27: =BA27+N27 -> 740 | BC27: =MAX(MIN(Y27*FLOOR((H27-I27*LOG10(J27))/Y27,1),L27),M27) -> 660 | BD27: =BC27+N27 -> 735 | BO27: =MAX(J27:J33) -> 653.6 | BP27: =IF(CODE(RIGHT($C27,1))<58,CODE(RIGHT($C27,1))-48,CODE(RIGHT($C27,1))-55) -> 3 | BQ27: =MID($D27,2,2) -> 1 | BR27: 0 | BS27: MP002 | BT27: MP005 | BU27: 0.35714286 | BV27: -3
A28: TRUE | B28: PCPU | C28: MP003 | D28: =CONCATENATE("E",MID(D27,2,2)+1) -> E2 | E28: =1000000+BP28*1000+BQ28 -> 1003002 | F28: =CONCATENATE(C28,"_",D28) -> MP003_E2 | G28: Bin1 | H28: =H27-15 -> 900 | I28: =I27 -> 90 | J28: =INDEX(Notes!$A$36:$N$47,MATCH(Binning!$B28,Notes!$A$36:$A$47,0),MATCH(Notes!$K$35,Notes!$A$35:$N$35,0)) -> 653.6 | L28: =L27-10 -> 700 | M28: =M27 -> 525 | N28: =INDEX(GB!$A$2:$AD$96,MATCH($C28,GB!$A$2:$A$96,0),MATCH(N$2,GB!$A$1:$AD$1,0)) -> 75 | O28: =INDEX(GB!$A$2:$AD$96,MATCH($C28,GB!$A$2:$A$96,0),MATCH(O$2,GB!$A$1:$AD$1,0)) -> 50 | P28: =INDEX(GB!$A$2:$AD$96,MATCH($C28,GB!$A$2:$A$96,0),MATCH(P$2,GB!$A$1:$AD$1,0)) -> 45 | Q28: =INDEX(GB!$A$2:$AD$96,MATCH($C28,GB!$A$2:$A$96,0),MATCH(Q$2,GB!$A$1:$AD$1,0)) -> 65 | R28: =INDEX(Notes!$A$36:$N$47,MATCH(Binning!$B28,Notes!$A$36:$A$47,0),MATCH(Notes!$M$35,Notes!$A$35:$N$35,0)) -> 7866 | T28: =INDEX(GB!$A$2:$AD$96,MATCH($C28,GB!$A$2:$A$96,0),MATCH(T$2,GB!$A$1:$AD$1,0)) -> 55 | U28: =INDEX(GB!$A$2:$AD$96,MATCH($C28,GB!$A$2:$A$96,0),MATCH(U$2,GB!$A$1:$AD$1,0)) -> 0 | V28: =INDEX(GB!$A$2:$AD$96,MATCH($C28,GB!$A$2:$A$96,0),MATCH(V$2,GB!$A$1:$AD$1,0)) -> 0 | W28: =INDEX(GB!$A$2:$AD$96,MATCH($C28,GB!$A$2:$A$96,0),MATCH(W$2,GB!$A$1:$AD$1,0)) -> 20 | X28: =INDEX(GB!$A$2:$AD$96,MATCH($C28,GB!$A$2:$A$96,0),MATCH(X$2,GB!$A$1:$AD$1,0)) -> 40 | Y28: 5 | Z28: 1250 | AA28: 400 | AF28: =AF27 -> 5 | AI28: =IF($BR28=1,BS28,"") | AJ28: =IF($BR28=1,BT28,"") | AK28: =IF($BR28=1,BU28,"") | AL28: =IF($BR28=1,BV28,"") | AM28: =IF($BR28=1,"YES","") | AT28: =B28 -> PCPU | AU28: =J28 -> 653.6 | AX28: =L28+N28 -> 775 | AY28: =M28+N28 -> 600 | AZ28: =INDEX(Notes!$A$36:$O$47,MATCH($B28,Notes!A$36:A$47,0),MATCH(AZ$2,Notes!A$35:O$35,0)) -> 594.18522 | BA28: =MAX(MIN(Y28*FLOOR((H28-I28*LOG10(AZ28))/Y28,1),L28),M28) -> 650 | BB28: =BA28+N28 -> 725 | BC28: =MAX(MIN(Y28*FLOOR((H28-I28*LOG10(J28))/Y28,1),L28),M28) -> 645 | BD28: =BC28+N28 -> 720 | BO28: =BO27 -> 653.6 | BP28: =IF(CODE(RIGHT($C28,1))<58,CODE(RIGHT($C28,1))-48,CODE(RIGHT($C28,1))-55) -> 3 | BQ28: =MID($D28,2,2) -> 2 | BR28: =IF(BR27="","",BR27) -> 0 | BS28: =IF(BS27="","",BS27) -> MP002 | BT28: =IF(BT27="","",BT27) -> MP005 | BU28: =IF(BU27="","",BU27) -> 0.35714286 | BV28: =IF(BV27="","",BV27) -> -3
A29: TRUE | B29: PCPU | C29: MP003 | D29: =CONCATENATE("E",MID(D28,2,2)+1) -> E3 | E29: =1000000+BP29*1000+BQ29 -> 1003003 | F29: =CONCATENATE(C29,"_",D29) -> MP003_E3 | G29: Bin1 | H29: =H28-15 -> 885 | I29: =I28 -> 90 | J29: =INDEX(Notes!$A$36:$N$47,MATCH(Binning!$B29,Notes!$A$36:$A$47,0),MATCH(Notes!$K$35,Notes!$A$35:$N$35,0)) -> 653.6 | L29: =L28-10 -> 690 | M29: =M28 -> 525 | N29: =INDEX(GB!$A$2:$AD$96,MATCH($C29,GB!$A$2:$A$96,0),MATCH(N$2,GB!$A$1:$AD$1,0)) -> 75 | O29: =INDEX(GB!$A$2:$AD$96,MATCH($C29,GB!$A$2:$A$96,0),MATCH(O$2,GB!$A$1:$AD$1,0)) -> 50 | P29: =INDEX(GB!$A$2:$AD$96,MATCH($C29,GB!$A$2:$A$96,0),MATCH(P$2,GB!$A$1:$AD$1,0)) -> 45 | Q29: =INDEX(GB!$A$2:$AD$96,MATCH($C29,GB!$A$2:$A$96,0),MATCH(Q$2,GB!$A$1:$AD$1,0)) -> 65 | R29: =INDEX(Notes!$A$36:$N$47,MATCH(Binning!$B29,Notes!$A$36:$A$47,0),MATCH(Notes!$M$35,Notes!$A$35:$N$35,0)) -> 7866 | T29: =INDEX(GB!$A$2:$AD$96,MATCH($C29,GB!$A$2:$A$96,0),MATCH(T$2,GB!$A$1:$AD$1,0)) -> 55 | U29: =INDEX(GB!$A$2:$AD$96,MATCH($C29,GB!$A$2:$A$96,0),MATCH(U$2,GB!$A$1:$AD$1,0)) -> 0 | V29: =INDEX(GB!$A$2:$AD$96,MATCH($C29,GB!$A$2:$A$96,0),MATCH(V$2,GB!$A$1:$AD$1,0)) -> 0 | W29: =INDEX(GB!$A$2:$AD$96,MATCH($C29,GB!$A$2:$A$96,0),MATCH(W$2,GB!$A$1:$AD$1,0)) -> 20 | X29: =INDEX(GB!$A$2:$AD$96,MATCH($C29,GB!$A$2:$A$96,0),MATCH(X$2,GB!$A$1:$AD$1,0)) -> 40 | Y29: 5 | Z29: 1250 | AA29: 400 | AF29: =AF28 -> 5 | AI29: =IF($BR29=1,BS29,"") | AJ29: =IF($BR29=1,BT29,"") | AK29: =IF($BR29=1,BU29,"") | AL29: =IF($BR29=1,BV29,"") | AM29: =IF($BR29=1,"YES","") | AT29: =B29 -> PCPU | AU29: =J29 -> 653.6 | AX29: =L29+N29 -> 765 | AY29: =M29+N29 -> 600 | AZ29: =INDEX(Notes!$A$36:$O$47,MATCH($B29,Notes!A$36:A$47,0),MATCH(AZ$2,Notes!A$35:O$35,0)) -> 594.18522 | BA29: =MAX(MIN(Y29*FLOOR((H29-I29*LOG10(AZ29))/Y29,1),L29),M29) -> 635 | BB29: =BA29+N29 -> 710 | BC29: =MAX(MIN(Y29*FLOOR((H29-I29*LOG10(J29))/Y29,1),L29),M29) -> 630 | BD29: =BC29+N29 -> 705 | BO29: =BO28 -> 653.6 | BP29: =IF(CODE(RIGHT($C29,1))<58,CODE(RIGHT($C29,1))-48,CODE(RIGHT($C29,1))-55) -> 3 | BQ29: =MID($D29,2,2) -> 3 | BR29: =IF(BR28="","",BR28) -> 0 | BS29: =IF(BS28="","",BS28) -> MP002 | BT29: =IF(BT28="","",BT28) -> MP005 | BU29: =IF(BU28="","",BU28) -> 0.35714286 | BV29: =IF(BV28="","",BV28) -> -3
A30: TRUE | B30: PCPU | C30: MP003 | D30: =CONCATENATE("E",MID(D29,2,2)+1) -> E4 | E30: =1000000+BP30*1000+BQ30 -> 1003004 | F30: =CONCATENATE(C30,"_",D30) -> MP003_E4 | G30: Bin1 | H30: =H29-15 -> 870 | I30: =I29 -> 90 | J30: =INDEX(Notes!$A$36:$N$47,MATCH(Binning!$B30,Notes!$A$36:$A$47,0),MATCH(Notes!$K$35,Notes!$A$35:$N$35,0)) -> 653.6 | L30: =L29 -> 690 | M30: =M29 -> 525 | N30: =INDEX(GB!$A$2:$AD$96,MATCH($C30,GB!$A$2:$A$96,0),MATCH(N$2,GB!$A$1:$AD$1,0)) -> 75 | O30: =INDEX(GB!$A$2:$AD$96,MATCH($C30,GB!$A$2:$A$96,0),MATCH(O$2,GB!$A$1:$AD$1,0)) -> 50 | P30: =INDEX(GB!$A$2:$AD$96,MATCH($C30,GB!$A$2:$A$96,0),MATCH(P$2,GB!$A$1:$AD$1,0)) -> 45 | Q30: =INDEX(GB!$A$2:$AD$96,MATCH($C30,GB!$A$2:$A$96,0),MATCH(Q$2,GB!$A$1:$AD$1,0)) -> 65 | R30: =INDEX(Notes!$A$36:$N$47,MATCH(Binning!$B30,Notes!$A$36:$A$47,0),MATCH(Notes!$M$35,Notes!$A$35:$N$35,0)) -> 7866 | T30: =INDEX(GB!$A$2:$AD$96,MATCH($C30,GB!$A$2:$A$96,0),MATCH(T$2,GB!$A$1:$AD$1,0)) -> 55 | U30: =INDEX(GB!$A$2:$AD$96,MATCH($C30,GB!$A$2:$A$96,0),MATCH(U$2,GB!$A$1:$AD$1,0)) -> 0 | V30: =INDEX(GB!$A$2:$AD$96,MATCH($C30,GB!$A$2:$A$96,0),MATCH(V$2,GB!$A$1:$AD$1,0)) -> 0 | W30: =INDEX(GB!$A$2:$AD$96,MATCH($C30,GB!$A$2:$A$96,0),MATCH(W$2,GB!$A$1:$AD$1,0)) -> 20 | X30: =INDEX(GB!$A$2:$AD$96,MATCH($C30,GB!$A$2:$A$96,0),MATCH(X$2,GB!$A$1:$AD$1,0)) -> 40 | Y30: 5 | Z30: 1250 | AA30: 400 | AF30: =AF29 -> 5 | AI30: =IF($BR30=1,BS30,"") | AJ30: =IF($BR30=1,BT30,"") | AK30: =IF($BR30=1,BU30,"") | AL30: =IF($BR30=1,BV30,"") | AM30: =IF($BR30=1,"YES","") | AT30: =B30 -> PCPU | AU30: =J30 -> 653.6 | AX30: =L30+N30 -> 765 | AY30: =M30+N30 -> 600 | AZ30: =INDEX(Notes!$A$36:$O$47,MATCH($B30,Notes!A$36:A$47,0),MATCH(AZ$2,Notes!A$35:O$35,0)) -> 594.18522 | BA30: =MAX(MIN(Y30*FLOOR((H30-I30*LOG10(AZ30))/Y30,1),L30),M30) -> 620 | BB30: =BA30+N30 -> 695 | BC30: =MAX(MIN(Y30*FLOOR((H30-I30*LOG10(J30))/Y30,1),L30),M30) -> 615 | BD30: =BC30+N30 -> 690 | BO30: =BO29 -> 653.6 | BP30: =IF(CODE(RIGHT($C30,1))<58,CODE(RIGHT($C30,1))-48,CODE(RIGHT($C30,1))-55) -> 3 | BQ30: =MID($D30,2,2) -> 4 | BR30: =IF(BR29="","",BR29) -> 0 | BS30: =IF(BS29="","",BS29) -> MP002 | BT30: =IF(BT29="","",BT29) -> MP005 | BU30: =IF(BU29="","",BU29) -> 0.35714286 | BV30: =IF(BV29="","",BV29) -> -3
A31: TRUE | B31: PCPU | C31: MP003 | D31: =CONCATENATE("E",MID(D30,2,2)+1) -> E5 | E31: =1000000+BP31*1000+BQ31 -> 1003005 | F31: =CONCATENATE(C31,"_",D31) -> MP003_E5 | G31: Bin1 | H31: =H30-15 -> 855 | I31: =I30 -> 90 | J31: =INDEX(Notes!$A$36:$N$47,MATCH(Binning!$B31,Notes!$A$36:$A$47,0),MATCH(Notes!$K$35,Notes!$A$35:$N$35,0)) -> 653.6 | L31: =L30 -> 690 | M31: =M30 -> 525 | N31: =INDEX(GB!$A$2:$AD$96,MATCH($C31,GB!$A$2:$A$96,0),MATCH(N$2,GB!$A$1:$AD$1,0)) -> 75 | O31: =INDEX(GB!$A$2:$AD$96,MATCH($C31,GB!$A$2:$A$96,0),MATCH(O$2,GB!$A$1:$AD$1,0)) -> 50 | P31: =INDEX(GB!$A$2:$AD$96,MATCH($C31,GB!$A$2:$A$96,0),MATCH(P$2,GB!$A$1:$AD$1,0)) -> 45 | Q31: =INDEX(GB!$A$2:$AD$96,MATCH($C31,GB!$A$2:$A$96,0),MATCH(Q$2,GB!$A$1:$AD$1,0)) -> 65 | R31: =INDEX(Notes!$A$36:$N$47,MATCH(Binning!$B31,Notes!$A$36:$A$47,0),MATCH(Notes!$M$35,Notes!$A$35:$N$35,0)) -> 7866 | T31: =INDEX(GB!$A$2:$AD$96,MATCH($C31,GB!$A$2:$A$96,0),MATCH(T$2,GB!$A$1:$AD$1,0)) -> 55 | U31: =INDEX(GB!$A$2:$AD$96,MATCH($C31,GB!$A$2:$A$96,0),MATCH(U$2,GB!$A$1:$AD$1,0)) -> 0 | V31: =INDEX(GB!$A$2:$AD$96,MATCH($C31,GB!$A$2:$A$96,0),MATCH(V$2,GB!$A$1:$AD$1,0)) -> 0 | W31: =INDEX(GB!$A$2:$AD$96,MATCH($C31,GB!$A$2:$A$96,0),MATCH(W$2,GB!$A$1:$AD$1,0)) -> 20 | X31: =INDEX(GB!$A$2:$AD$96,MATCH($C31,GB!$A$2:$A$96,0),MATCH(X$2,GB!$A$1:$AD$1,0)) -> 40 | Y31: 5 | Z31: 1250 | AA31: 400 | AF31: =AF30 -> 5 | AI31: =IF($BR31=1,BS31,"") | AJ31: =IF($BR31=1,BT31,"") | AK31: =IF($BR31=1,BU31,"") | AL31: =IF($BR31=1,BV31,"") | AM31: =IF($BR31=1,"YES","") | AT31: =B31 -> PCPU | AU31: =J31 -> 653.6 | AX31: =L31+N31 -> 765 | AY31: =M31+N31 -> 600 | AZ31: =INDEX(Notes!$A$36:$O$47,MATCH($B31,Notes!A$36:A$47,0),MATCH(AZ$2,Notes!A$35:O$35,0)) -> 594.18522 | BA31: =MAX(MIN(Y31*FLOOR((H31-I31*LOG10(AZ31))/Y31,1),L31),M31) -> 605 | BB31: =BA31+N31 -> 680 | BC31: =MAX(MIN(Y31*FLOOR((H31-I31*LOG10(J31))/Y31,1),L31),M31) -> 600 | BD31: =BC31+N31 -> 675 | BO31: =BO30 -> 653.6 | BP31: =IF(CODE(RIGHT($C31,1))<58,CODE(RIGHT($C31,1))-48,CODE(RIGHT($C31,1))-55) -> 3 | BQ31: =MID($D31,2,2) -> 5 | BR31: =IF(BR30="","",BR30) -> 0 | BS31: =IF(BS30="","",BS30) -> MP002 | BT31: =IF(BT30="","",BT30) -> MP005 | BU31: =IF(BU30="","",BU30) -> 0.35714286 | BV31: =IF(BV30="","",BV30) -> -3
A32: TRUE | B32: PCPU | C32: MP003 | D32: =CONCATENATE("E",MID(D31,2,2)+1) -> E6 | E32: =1000000+BP32*1000+BQ32 -> 1003006 | F32: =CONCATENATE(C32,"_",D32) -> MP003_E6 | G32: Bin1 | H32: =H31-15 -> 840 | I32: =I31 -> 90 | J32: =INDEX(Notes!$A$36:$N$47,MATCH(Binning!$B32,Notes!$A$36:$A$47,0),MATCH(Notes!$K$35,Notes!$A$35:$N$35,0)) -> 653.6 | L32: =L31 -> 690 | M32: =M31 -> 525 | N32: =INDEX(GB!$A$2:$AD$96,MATCH($C32,GB!$A$2:$A$96,0),MATCH(N$2,GB!$A$1:$AD$1,0)) -> 75 | O32: =INDEX(GB!$A$2:$AD$96,MATCH($C32,GB!$A$2:$A$96,0),MATCH(O$2,GB!$A$1:$AD$1,0)) -> 50 | P32: =INDEX(GB!$A$2:$AD$96,MATCH($C32,GB!$A$2:$A$96,0),MATCH(P$2,GB!$A$1:$AD$1,0)) -> 45 | Q32: =INDEX(GB!$A$2:$AD$96,MATCH($C32,GB!$A$2:$A$96,0),MATCH(Q$2,GB!$A$1:$AD$1,0)) -> 65 | R32: =INDEX(Notes!$A$36:$N$47,MATCH(Binning!$B32,Notes!$A$36:$A$47,0),MATCH(Notes!$M$35,Notes!$A$35:$N$35,0)) -> 7866 | T32: =INDEX(GB!$A$2:$AD$96,MATCH($C32,GB!$A$2:$A$96,0),MATCH(T$2,GB!$A$1:$AD$1,0)) -> 55 | U32: =INDEX(GB!$A$2:$AD$96,MATCH($C32,GB!$A$2:$A$96,0),MATCH(U$2,GB!$A$1:$AD$1,0)) -> 0 | V32: =INDEX(GB!$A$2:$AD$96,MATCH($C32,GB!$A$2:$A$96,0),MATCH(V$2,GB!$A$1:$AD$1,0)) -> 0 | W32: =INDEX(GB!$A$2:$AD$96,MATCH($C32,GB!$A$2:$A$96,0),MATCH(W$2,GB!$A$1:$AD$1,0)) -> 20 | X32: =INDEX(GB!$A$2:$AD$96,MATCH($C32,GB!$A$2:$A$96,0),MATCH(X$2,GB!$A$1:$AD$1,0)) -> 40 | Y32: 5 | Z32: 1250 | AA32: 400 | AF32: =AF31 -> 5 | AI32: =IF($BR32=1,BS32,"") | AJ32: =IF($BR32=1,BT32,"") | AK32: =IF($BR32=1,BU32,"") | AL32: =IF($BR32=1,BV32,"") | AM32: =IF($BR32=1,"YES","") | AT32: =B32 -> PCPU | AU32: =J32 -> 653.6 | AX32: =L32+N32 -> 765 | AY32: =M32+N32 -> 600 | AZ32: =INDEX(Notes!$A$36:$O$47,MATCH($B32,Notes!A$36:A$47,0),MATCH(AZ$2,Notes!A$35:O$35,0)) -> 594.18522 | BA32: =MAX(MIN(Y32*FLOOR((H32-I32*LOG10(AZ32))/Y32,1),L32),M32) -> 590 | BB32: =BA32+N32 -> 665 | BC32: =MAX(MIN(Y32*FLOOR((H32-I32*LOG10(J32))/Y32,1),L32),M32) -> 585 | BD32: =BC32+N32 -> 660 | BO32: =BO31 -> 653.6 | BP32: =IF(CODE(RIGHT($C32,1))<58,CODE(RIGHT($C32,1))-48,CODE(RIGHT($C32,1))-55) -> 3 | BQ32: =MID($D32,2,2) -> 6 | BR32: =IF(BR31="","",BR31) -> 0 | BS32: =IF(BS31="","",BS31) -> MP002 | BT32: =IF(BT31="","",BT31) -> MP005 | BU32: =IF(BU31="","",BU31) -> 0.35714286 | BV32: =IF(BV31="","",BV31) -> -3
A33: TRUE | B33: PCPU | C33: MP003 | D33: =CONCATENATE("E",MID(D32,2,2)+1) -> E7 | E33: =1000000+BP33*1000+BQ33 -> 1003007 | F33: =CONCATENATE(C33,"_",D33) -> MP003_E7 | G33: Bin1 | H33: =H32-15 -> 825 | I33: =I32 -> 90 | J33: =INDEX(Notes!$A$36:$N$47,MATCH(Binning!$B33,Notes!$A$36:$A$47,0),MATCH(Notes!$K$35,Notes!$A$35:$N$35,0)) -> 653.6 | L33: =L32 -> 690 | M33: =M32 -> 525 | N33: =INDEX(GB!$A$2:$AD$96,MATCH($C33,GB!$A$2:$A$96,0),MATCH(N$2,GB!$A$1:$AD$1,0)) -> 75 | O33: =INDEX(GB!$A$2:$AD$96,MATCH($C33,GB!$A$2:$A$96,0),MATCH(O$2,GB!$A$1:$AD$1,0)) -> 50 | P33: =INDEX(GB!$A$2:$AD$96,MATCH($C33,GB!$A$2:$A$96,0),MATCH(P$2,GB!$A$1:$AD$1,0)) -> 45 | Q33: =INDEX(GB!$A$2:$AD$96,MATCH($C33,GB!$A$2:$A$96,0),MATCH(Q$2,GB!$A$1:$AD$1,0)) -> 65 | R33: =INDEX(Notes!$A$36:$N$47,MATCH(Binning!$B33,Notes!$A$36:$A$47,0),MATCH(Notes!$M$35,Notes!$A$35:$N$35,0)) -> 7866 | T33: =INDEX(GB!$A$2:$AD$96,MATCH($C33,GB!$A$2:$A$96,0),MATCH(T$2,GB!$A$1:$AD$1,0)) -> 55 | U33: =INDEX(GB!$A$2:$AD$96,MATCH($C33,GB!$A$2:$A$96,0),MATCH(U$2,GB!$A$1:$AD$1,0)) -> 0 | V33: =INDEX(GB!$A$2:$AD$96,MATCH($C33,GB!$A$2:$A$96,0),MATCH(V$2,GB!$A$1:$AD$1,0)) -> 0 | W33: =INDEX(GB!$A$2:$AD$96,MATCH($C33,GB!$A$2:$A$96,0),MATCH(W$2,GB!$A$1:$AD$1,0)) -> 20 | X33: =INDEX(GB!$A$2:$AD$96,MATCH($C33,GB!$A$2:$A$96,0),MATCH(X$2,GB!$A$1:$AD$1,0)) -> 40 | Y33: 5 | Z33: 1250 | AA33: 400 | AF33: =AF32 -> 5 | AI33: =IF($BR33=1,BS33,"") | AJ33: =IF($BR33=1,BT33,"") | AK33: =IF($BR33=1,BU33,"") | AL33: =IF($BR33=1,BV33,"") | AM33: =IF($BR33=1,"YES","") | AT33: =B33 -> PCPU | AU33: =J33 -> 653.6 | AX33: =L33+N33 -> 765 | AY33: =M33+N33 -> 600 | AZ33: =INDEX(Notes!$A$36:$O$47,MATCH($B33,Notes!A$36:A$47,0),MATCH(AZ$2,Notes!A$35:O$35,0)) -> 594.18522 | BA33: =MAX(MIN(Y33*FLOOR((H33-I33*LOG10(AZ33))/Y33,1),L33),M33) -> 575 | BB33: =BA33+N33 -> 650 | BC33: =MAX(MIN(Y33*FLOOR((H33-I33*LOG10(J33))/Y33,1),L33),M33) -> 570 | BD33: =BC33+N33 -> 645 | BO33: =BO32 -> 653.6 | BP33: =IF(CODE(RIGHT($C33,1))<58,CODE(RIGHT($C33,1))-48,CODE(RIGHT($C33,1))-55) -> 3 | BQ33: =MID($D33,2,2) -> 7 | BR33: =IF(BR32="","",BR32) -> 0 | BS33: =IF(BS32="","",BS32) -> MP002 | BT33: =IF(BT32="","",BT32) -> MP005 | BU33: =IF(BU32="","",BU32) -> 0.35714286 | BV33: =IF(BV32="","",BV32) -> -3
A34: TRUE | B34: PCPU | C34: MP003 | D34: =CONCATENATE("E",MID(D33,2,2)+1) -> E8 | E34: =1000000+BP34*1000+BQ34 -> 1003008 | F34: =CONCATENATE(C34,"_",D34) -> MP003_E8 | G34: Bin1 | H34: =H33-15 -> 810 | I34: =I33 -> 90 | J34: =INDEX(Notes!$A$36:$N$47,MATCH(Binning!$B34,Notes!$A$36:$A$47,0),MATCH(Notes!$K$35,Notes!$A$35:$N$35,0)) -> 653.6 | L34: =L33 -> 690 | M34: =M33 -> 525 | N34: =INDEX(GB!$A$2:$AD$96,MATCH($C34,GB!$A$2:$A$96,0),MATCH(N$2,GB!$A$1:$AD$1,0)) -> 75 | O34: =INDEX(GB!$A$2:$AD$96,MATCH($C34,GB!$A$2:$A$96,0),MATCH(O$2,GB!$A$1:$AD$1,0)) -> 50 | P34: =INDEX(GB!$A$2:$AD$96,MATCH($C34,GB!$A$2:$A$96,0),MATCH(P$2,GB!$A$1:$AD$1,0)) -> 45 | Q34: =INDEX(GB!$A$2:$AD$96,MATCH($C34,GB!$A$2:$A$96,0),MATCH(Q$2,GB!$A$1:$AD$1,0)) -> 65 | R34: =INDEX(Notes!$A$36:$N$47,MATCH(Binning!$B34,Notes!$A$36:$A$47,0),MATCH(Notes!$M$35,Notes!$A$35:$N$35,0)) -> 7866 | T34: =INDEX(GB!$A$2:$AD$96,MATCH($C34,GB!$A$2:$A$96,0),MATCH(T$2,GB!$A$1:$AD$1,0)) -> 55 | U34: =INDEX(GB!$A$2:$AD$96,MATCH($C34,GB!$A$2:$A$96,0),MATCH(U$2,GB!$A$1:$AD$1,0)) -> 0 | V34: =INDEX(GB!$A$2:$AD$96,MATCH($C34,GB!$A$2:$A$96,0),MATCH(V$2,GB!$A$1:$AD$1,0)) -> 0 | W34: =INDEX(GB!$A$2:$AD$96,MATCH($C34,GB!$A$2:$A$96,0),MATCH(W$2,GB!$A$1:$AD$1,0)) -> 20 | X34: =INDEX(GB!$A$2:$AD$96,MATCH($C34,GB!$A$2:$A$96,0),MATCH(X$2,GB!$A$1:$AD$1,0)) -> 40 | Y34: 5 | Z34: 1250 | AA34: 400 | AF34: =AF33 -> 5 | AI34: =IF($BR34=1,BS34,"") | AJ34: =IF($BR34=1,BT34,"") | AK34: =IF($BR34=1,BU34,"") | AL34: =IF($BR34=1,BV34,"") | AM34: =IF($BR34=1,"YES","") | AT34: =B34 -> PCPU | AU34: =J34 -> 653.6 | AX34: =L34+N34 -> 765 | AY34: =M34+N34 -> 600 | AZ34: =INDEX(Notes!$A$36:$O$47,MATCH($B34,Notes!A$36:A$47,0),MATCH(AZ$2,Notes!A$35:O$35,0)) -> 594.18522 | BA34: =MAX(MIN(Y34*FLOOR((H34-I34*LOG10(AZ34))/Y34,1),L34),M34) -> 560 | BB34: =BA34+N34 -> 635 | BC34: =MAX(MIN(Y34*FLOOR((H34-I34*LOG10(J34))/Y34,1),L34),M34) -> 555 | BD34: =BC34+N34 -> 630 | BO34: =BO33 -> 653.6 | BP34: =IF(CODE(RIGHT($C34,1))<58,CODE(RIGHT($C34,1))-48,CODE(RIGHT($C34,1))-55) -> 3 | BQ34: =MID($D34,2,2) -> 8 | BR34: =IF(BR33="","",BR33) -> 0 | BS34: =IF(BS33="","",BS33) -> MP002 | BT34: =IF(BT33="","",BT33) -> MP005 | BU34: =IF(BU33="","",BU33) -> 0.35714286 | BV34: =IF(BV33="","",BV33) -> -3
A35: TRUE | B35: PCPU | C35: MP003 | D35: =CONCATENATE("E",MID(D34,2,2)+1) -> E9 | E35: =1000000+BP35*1000+BQ35 -> 1003009 | F35: =CONCATENATE(C35,"_",D35) -> MP003_E9 | G35: Bin1 | H35: =H34-15 -> 795 | I35: =I34 -> 90 | J35: =INDEX(Notes!$A$36:$N$47,MATCH(Binning!$B35,Notes!$A$36:$A$47,0),MATCH(Notes!$K$35,Notes!$A$35:$N$35,0)) -> 653.6 | L35: =L34 -> 690 | M35: =M34 -> 525 | N35: =INDEX(GB!$A$2:$AD$96,MATCH($C35,GB!$A$2:$A$96,0),MATCH(N$2,GB!$A$1:$AD$1,0)) -> 75 | O35: =INDEX(GB!$A$2:$AD$96,MATCH($C35,GB!$A$2:$A$96,0),MATCH(O$2,GB!$A$1:$AD$1,0)) -> 50 | P35: =INDEX(GB!$A$2:$AD$96,MATCH($C35,GB!$A$2:$A$96,0),MATCH(P$2,GB!$A$1:$AD$1,0)) -> 45 | Q35: =INDEX(GB!$A$2:$AD$96,MATCH($C35,GB!$A$2:$A$96,0),MATCH(Q$2,GB!$A$1:$AD$1,0)) -> 65 | R35: =INDEX(Notes!$A$36:$N$47,MATCH(Binning!$B35,Notes!$A$36:$A$47,0),MATCH(Notes!$M$35,Notes!$A$35:$N$35,0)) -> 7866 | T35: =INDEX(GB!$A$2:$AD$96,MATCH($C35,GB!$A$2:$A$96,0),MATCH(T$2,GB!$A$1:$AD$1,0)) -> 55 | U35: =INDEX(GB!$A$2:$AD$96,MATCH($C35,GB!$A$2:$A$96,0),MATCH(U$2,GB!$A$1:$AD$1,0)) -> 0 | V35: =INDEX(GB!$A$2:$AD$96,MATCH($C35,GB!$A$2:$A$96,0),MATCH(V$2,GB!$A$1:$AD$1,0)) -> 0 | W35: =INDEX(GB!$A$2:$AD$96,MATCH($C35,GB!$A$2:$A$96,0),MATCH(W$2,GB!$A$1:$AD$1,0)) -> 20 | X35: =INDEX(GB!$A$2:$AD$96,MATCH($C35,GB!$A$2:$A$96,0),MATCH(X$2,GB!$A$1:$AD$1,0)) -> 40 | Y35: 5 | Z35: 1250 | AA35: 400 | AF35: =AF34 -> 5 | AI35: =IF($BR35=1,BS35,"") | AJ35: =IF($BR35=1,BT35,"") | AK35: =IF($BR35=1,BU35,"") | AL35: =IF($BR35=1,BV35,"") | AM35: =IF($BR35=1,"YES","") | AT35: =B35 -> PCPU | AU35: =J35 -> 653.6 | AX35: =L35+N35 -> 765 | AY35: =M35+N35 -> 600 | AZ35: =INDEX(Notes!$A$36:$O$47,MATCH($B35,Notes!A$36:A$47,0),MATCH(AZ$2,Notes!A$35:O$35,0)) -> 594.18522 | BA35: =MAX(MIN(Y35*FLOOR((H35-I35*LOG10(AZ35))/Y35,1),L35),M35) -> 545 | BB35: =BA35+N35 -> 620 | BC35: =MAX(MIN(Y35*FLOOR((H35-I35*LOG10(J35))/Y35,1),L35),M35) -> 540 | BD35: =BC35+N35 -> 615 | BO35: =BO34 -> 653.6 | BP35: =IF(CODE(RIGHT($C35,1))<58,CODE(RIGHT($C35,1))-48,CODE(RIGHT($C35,1))-55) -> 3 | BQ35: =MID($D35,2,2) -> 9 | BR35: =IF(BR34="","",BR34) -> 0 | BS35: =IF(BS34="","",BS34) -> MP002 | BT35: =IF(BT34="","",BT34) -> MP005 | BU35: =IF(BU34="","",BU34) -> 0.35714286 | BV35: =IF(BV34="","",BV34) -> -3
A36: TRUE | B36: PCPU | C36: MP003 | D36: =CONCATENATE("E",MID(D35,2,2)+1) -> E10 | E36: =1000000+BP36*1000+BQ36 -> 1003010 | F36: =CONCATENATE(C36,"_",D36) -> MP003_E10 | G36: Bin1 | H36: =H35-15 -> 780 | I36: =I35 -> 90 | J36: =INDEX(Notes!$A$36:$N$47,MATCH(Binning!$B36,Notes!$A$36:$A$47,0),MATCH(Notes!$K$35,Notes!$A$35:$N$35,0)) -> 653.6 | L36: =L35 -> 690 | M36: =M35 -> 525 | N36: =INDEX(GB!$A$2:$AD$96,MATCH($C36,GB!$A$2:$A$96,0),MATCH(N$2,GB!$A$1:$AD$1,0)) -> 75 | O36: =INDEX(GB!$A$2:$AD$96,MATCH($C36,GB!$A$2:$A$96,0),MATCH(O$2,GB!$A$1:$AD$1,0)) -> 50 | P36: =INDEX(GB!$A$2:$AD$96,MATCH($C36,GB!$A$2:$A$96,0),MATCH(P$2,GB!$A$1:$AD$1,0)) -> 45 | Q36: =INDEX(GB!$A$2:$AD$96,MATCH($C36,GB!$A$2:$A$96,0),MATCH(Q$2,GB!$A$1:$AD$1,0)) -> 65 | R36: =INDEX(Notes!$A$36:$N$47,MATCH(Binning!$B36,Notes!$A$36:$A$47,0),MATCH(Notes!$M$35,Notes!$A$35:$N$35,0)) -> 7866 | T36: =INDEX(GB!$A$2:$AD$96,MATCH($C36,GB!$A$2:$A$96,0),MATCH(T$2,GB!$A$1:$AD$1,0)) -> 55 | U36: =INDEX(GB!$A$2:$AD$96,MATCH($C36,GB!$A$2:$A$96,0),MATCH(U$2,GB!$A$1:$AD$1,0)) -> 0 | V36: =INDEX(GB!$A$2:$AD$96,MATCH($C36,GB!$A$2:$A$96,0),MATCH(V$2,GB!$A$1:$AD$1,0)) -> 0 | W36: =INDEX(GB!$A$2:$AD$96,MATCH($C36,GB!$A$2:$A$96,0),MATCH(W$2,GB!$A$1:$AD$1,0)) -> 20 | X36: =INDEX(GB!$A$2:$AD$96,MATCH($C36,GB!$A$2:$A$96,0),MATCH(X$2,GB!$A$1:$AD$1,0)) -> 40 | Y36: 5 | Z36: 1250 | AA36: 400 | AF36: =AF35 -> 5 | AI36: =IF($BR36=1,BS36,"") | AJ36: =IF($BR36=1,BT36,"") | AK36: =IF($BR36=1,BU36,"") | AL36: =IF($BR36=1,BV36,"") | AM36: =IF($BR36=1,"YES","") | AT36: =B36 -> PCPU | AU36: =J36 -> 653.6 | AX36: =L36+N36 -> 765 | AY36: =M36+N36 -> 600 | AZ36: =INDEX(Notes!$A$36:$O$47,MATCH($B36,Notes!A$36:A$47,0),MATCH(AZ$2,Notes!A$35:O$35,0)) -> 594.18522 | BA36: =MAX(MIN(Y36*FLOOR((H36-I36*LOG10(AZ36))/Y36,1),L36),M36) -> 530 | BB36: =BA36+N36 -> 605 | BC36: =MAX(MIN(Y36*FLOOR((H36-I36*LOG10(J36))/Y36,1),L36),M36) -> 525 | BD36: =BC36+N36 -> 600 | BO36: =BO35 -> 653.6 | BP36: =IF(CODE(RIGHT($C36,1))<58,CODE(RIGHT($C36,1))-48,CODE(RIGHT($C36,1))-55) -> 3 | BQ36: =MID($D36,2,2) -> 10 | BR36: =IF(BR35="","",BR35) -> 0 | BS36: =IF(BS35="","",BS35) -> MP002 | BT36: =IF(BT35="","",BT35) -> MP005 | BU36: =IF(BU35="","",BU35) -> 0.35714286 | BV36: =IF(BV35="","",BV35) -> -3
A37: TRUE | B37: PCPU | C37: MP003 | D37: =CONCATENATE("E",MID(D36,2,2)+1) -> E11 | E37: =1000000+BP37*1000+BQ37 -> 1003011 | F37: =CONCATENATE(C37,"_",D37) -> MP003_E11 | G37: Bin1 | H37: =H36-15 -> 765 | I37: =I36 -> 90 | J37: =INDEX(Notes!$A$36:$N$47,MATCH(Binning!$B37,Notes!$A$36:$A$47,0),MATCH(Notes!$K$35,Notes!$A$35:$N$35,0)) -> 653.6 | L37: =L36 -> 690 | M37: =M36 -> 525 | N37: =INDEX(GB!$A$2:$AD$96,MATCH($C37,GB!$A$2:$A$96,0),MATCH(N$2,GB!$A$1:$AD$1,0)) -> 75 | O37: =INDEX(GB!$A$2:$AD$96,MATCH($C37,GB!$A$2:$A$96,0),MATCH(O$2,GB!$A$1:$AD$1,0)) -> 50 | P37: =INDEX(GB!$A$2:$AD$96,MATCH($C37,GB!$A$2:$A$96,0),MATCH(P$2,GB!$A$1:$AD$1,0)) -> 45 | Q37: =INDEX(GB!$A$2:$AD$96,MATCH($C37,GB!$A$2:$A$96,0),MATCH(Q$2,GB!$A$1:$AD$1,0)) -> 65 | R37: =INDEX(Notes!$A$36:$N$47,MATCH(Binning!$B37,Notes!$A$36:$A$47,0),MATCH(Notes!$M$35,Notes!$A$35:$N$35,0)) -> 7866 | T37: =INDEX(GB!$A$2:$AD$96,MATCH($C37,GB!$A$2:$A$96,0),MATCH(T$2,GB!$A$1:$AD$1,0)) -> 55 | U37: =INDEX(GB!$A$2:$AD$96,MATCH($C37,GB!$A$2:$A$96,0),MATCH(U$2,GB!$A$1:$AD$1,0)) -> 0 | V37: =INDEX(GB!$A$2:$AD$96,MATCH($C37,GB!$A$2:$A$96,0),MATCH(V$2,GB!$A$1:$AD$1,0)) -> 0 | W37: =INDEX(GB!$A$2:$AD$96,MATCH($C37,GB!$A$2:$A$96,0),MATCH(W$2,GB!$A$1:$AD$1,0)) -> 20 | X37: =INDEX(GB!$A$2:$AD$96,MATCH($C37,GB!$A$2:$A$96,0),MATCH(X$2,GB!$A$1:$AD$1,0)) -> 40 | Y37: 5 | Z37: 1250 | AA37: 400 | AF37: =AF36 -> 5 | AI37: =IF($BR37=1,BS37,"") | AJ37: =IF($BR37=1,BT37,"") | AK37: =IF($BR37=1,BU37,"") | AL37: =IF($BR37=1,BV37,"") | AM37: =IF($BR37=1,"YES","") | AT37: =B37 -> PCPU | AU37: =J37 -> 653.6 | AX37: =L37+N37 -> 765 | AY37: =M37+N37 -> 600 | AZ37: =INDEX(Notes!$A$36:$O$47,MATCH($B37,Notes!A$36:A$47,0),MATCH(AZ$2,Notes!A$35:O$35,0)) -> 594.18522 | BA37: =MAX(MIN(Y37*FLOOR((H37-I37*LOG10(AZ37))/Y37,1),L37),M37) -> 525 | BB37: =BA37+N37 -> 600 | BC37: =MAX(MIN(Y37*FLOOR((H37-I37*LOG10(J37))/Y37,1),L37),M37) -> 525 | BD37: =BC37+N37 -> 600 | BO37: =BO36 -> 653.6 | BP37: =IF(CODE(RIGHT($C37,1))<58,CODE(RIGHT($C37,1))-48,CODE(RIGHT($C37,1))-55) -> 3 | BQ37: =MID($D37,2,2) -> 11 | BR37: =IF(BR36="","",BR36) -> 0 | BS37: =IF(BS36="","",BS36) -> MP002 | BT37: =IF(BT36="","",BT36) -> MP005 | BU37: =IF(BU36="","",BU36) -> 0.35714286 | BV37: =IF(BV36="","",BV36) -> -3
A38: TRUE | B38: PCPU | C38: MP003 | D38: =CONCATENATE("E",MID(D37,2,2)+1) -> E12 | E38: =1000000+BP38*1000+BQ38 -> 1003012 | F38: =CONCATENATE(C38,"_",D38) -> MP003_E12 | G38: Bin1 | H38: =H37-15 -> 750 | I38: =I37 -> 90 | J38: =INDEX(Notes!$A$36:$N$47,MATCH(Binning!$B38,Notes!$A$36:$A$47,0),MATCH(Notes!$K$35,Notes!$A$35:$N$35,0)) -> 653.6 | L38: =L37 -> 690 | M38: =M37 -> 525 | N38: =INDEX(GB!$A$2:$AD$96,MATCH($C38,GB!$A$2:$A$96,0),MATCH(N$2,GB!$A$1:$AD$1,0)) -> 75 | O38: =INDEX(GB!$A$2:$AD$96,MATCH($C38,GB!$A$2:$A$96,0),MATCH(O$2,GB!$A$1:$AD$1,0)) -> 50 | P38: =INDEX(GB!$A$2:$AD$96,MATCH($C38,GB!$A$2:$A$96,0),MATCH(P$2,GB!$A$1:$AD$1,0)) -> 45 | Q38: =INDEX(GB!$A$2:$AD$96,MATCH($C38,GB!$A$2:$A$96,0),MATCH(Q$2,GB!$A$1:$AD$1,0)) -> 65 | R38: =INDEX(Notes!$A$36:$N$47,MATCH(Binning!$B38,Notes!$A$36:$A$47,0),MATCH(Notes!$M$35,Notes!$A$35:$N$35,0)) -> 7866 | T38: =INDEX(GB!$A$2:$AD$96,MATCH($C38,GB!$A$2:$A$96,0),MATCH(T$2,GB!$A$1:$AD$1,0)) -> 55 | U38: =INDEX(GB!$A$2:$AD$96,MATCH($C38,GB!$A$2:$A$96,0),MATCH(U$2,GB!$A$1:$AD$1,0)) -> 0 | V38: =INDEX(GB!$A$2:$AD$96,MATCH($C38,GB!$A$2:$A$96,0),MATCH(V$2,GB!$A$1:$AD$1,0)) -> 0 | W38: =INDEX(GB!$A$2:$AD$96,MATCH($C38,GB!$A$2:$A$96,0),MATCH(W$2,GB!$A$1:$AD$1,0)) -> 20 | X38: =INDEX(GB!$A$2:$AD$96,MATCH($C38,GB!$A$2:$A$96,0),MATCH(X$2,GB!$A$1:$AD$1,0)) -> 40 | Y38: 5 | Z38: 1250 | AA38: 400 | AF38: =AF37 -> 5 | AI38: =IF($BR38=1,BS38,"") | AJ38: =IF($BR38=1,BT38,"") | AK38: =IF($BR38=1,BU38,"") | AL38: =IF($BR38=1,BV38,"") | AM38: =IF($BR38=1,"YES","") | AT38: =B38 -> PCPU | AU38: =J38 -> 653.6 | AX38: =L38+N38 -> 765 | AY38: =M38+N38 -> 600 | AZ38: =INDEX(Notes!$A$36:$O$47,MATCH($B38,Notes!A$36:A$47,0),MATCH(AZ$2,Notes!A$35:O$35,0)) -> 594.18522 | BA38: =MAX(MIN(Y38*FLOOR((H38-I38*LOG10(AZ38))/Y38,1),L38),M38) -> 525 | BB38: =BA38+N38 -> 600 | BC38: =MAX(MIN(Y38*FLOOR((H38-I38*LOG10(J38))/Y38,1),L38),M38) -> 525 | BD38: =BC38+N38 -> 600 | BO38: =BO37 -> 653.6 | BP38: =IF(CODE(RIGHT($C38,1))<58,CODE(RIGHT($C38,1))-48,CODE(RIGHT($C38,1))-55) -> 3 | BQ38: =MID($D38,2,2) -> 12 | BR38: =IF(BR37="","",BR37) -> 0 | BS38: =IF(BS37="","",BS37) -> MP002 | BT38: =IF(BT37="","",BT37) -> MP005 | BU38: =IF(BU37="","",BU37) -> 0.35714286 | BV38: =IF(BV37="","",BV37) -> -3
A39: TRUE | B39: PCPU | C39: MP004 | D39: E1 | E39: =1000000+BP39*1000+BQ39 -> 1004001 | F39: =CONCATENATE(C39,"_",D39) -> MP004_E1 | G39: Bin1 | H39: =VLOOKUP(C39,BinningParamNotes!A:D,3,0) -> 950 | I39: =VLOOKUP(C39,BinningParamNotes!A:D,2,0) -> 95 | J39: =INDEX(Notes!$A$36:$N$47,MATCH(Binning!$B39,Notes!$A$36:$A$47,0),MATCH(Notes!$K$35,Notes!$A$35:$N$35,0)) -> 653.6 | L39: =VLOOKUP(C39,BinningParamNotes!A:D,4,0) -> 730 | M39: 550 | N39: =INDEX(GB!$A$2:$AD$96,MATCH($C39,GB!$A$2:$A$96,0),MATCH(N$2,GB!$A$1:$AD$1,0)) -> 80 | O39: =INDEX(GB!$A$2:$AD$96,MATCH($C39,GB!$A$2:$A$96,0),MATCH(O$2,GB!$A$1:$AD$1,0)) -> 50 | P39: =INDEX(GB!$A$2:$AD$96,MATCH($C39,GB!$A$2:$A$96,0),MATCH(P$2,GB!$A$1:$AD$1,0)) -> 65 | Q39: =INDEX(GB!$A$2:$AD$96,MATCH($C39,GB!$A$2:$A$96,0),MATCH(Q$2,GB!$A$1:$AD$1,0)) -> 45 | R39: =INDEX(Notes!$A$36:$N$47,MATCH(Binning!$B39,Notes!$A$36:$A$47,0),MATCH(Notes!$M$35,Notes!$A$35:$N$35,0)) -> 7866 | T39: =INDEX(GB!$A$2:$AD$96,MATCH($C39,GB!$A$2:$A$96,0),MATCH(T$2,GB!$A$1:$AD$1,0)) -> 65 | U39: =INDEX(GB!$A$2:$AD$96,MATCH($C39,GB!$A$2:$A$96,0),MATCH(U$2,GB!$A$1:$AD$1,0)) -> 0 | V39: =INDEX(GB!$A$2:$AD$96,MATCH($C39,GB!$A$2:$A$96,0),MATCH(V$2,GB!$A$1:$AD$1,0)) -> 0 | W39: =INDEX(GB!$A$2:$AD$96,MATCH($C39,GB!$A$2:$A$96,0),MATCH(W$2,GB!$A$1:$AD$1,0)) -> 40 | X39: =INDEX(GB!$A$2:$AD$96,MATCH($C39,GB!$A$2:$A$96,0),MATCH(X$2,GB!$A$1:$AD$1,0)) -> 20 | Y39: 5 | Z39: 1250 | AA39: 400 | AF39: 5 | AI39: =IF($BR39=1,BS39,"") | AJ39: =IF($BR39=1,BT39,"") | AK39: =IF($BR39=1,BU39,"") | AL39: =IF($BR39=1,BV39,"") | AM39: =IF($BR39=1,"YES","") | AT39: =B39 -> PCPU | AU39: =J39 -> 653.6 | AX39: =L39+N39 -> 810 | AY39: =M39+N39 -> 630 | AZ39: =INDEX(Notes!$A$36:$O$47,MATCH($B39,Notes!A$36:A$47,0),MATCH(AZ$2,Notes!A$35:O$35,0)) -> 594.18522 | BA39: =MAX(MIN(Y39*FLOOR((H39-I39*LOG10(AZ39))/Y39,1),L39),M39) -> 685 | BB39: =BA39+N39 -> 765 | BC39: =MAX(MIN(Y39*FLOOR((H39-I39*LOG10(J39))/Y39,1),L39),M39) -> 680 | BD39: =BC39+N39 -> 760 | BO39: =MAX(J39:J45) -> 653.6 | BP39: =IF(CODE(RIGHT($C39,1))<58,CODE(RIGHT($C39,1))-48,CODE(RIGHT($C39,1))-55) -> 4 | BQ39: =MID($D39,2,2) -> 1 | BR39: 0 | BS39: MP002 | BT39: MP005 | BU39: 0.69047619 | BV39: 0
A40: TRUE | B40: PCPU | C40: MP004 | D40: =CONCATENATE("E",MID(D39,2,2)+1) -> E2 | E40: =1000000+BP40*1000+BQ40 -> 1004002 | F40: =CONCATENATE(C40,"_",D40) -> MP004_E2 | G40: Bin1 | H40: =H39-15 -> 935 | I40: =I39 -> 95 | J40: =INDEX(Notes!$A$36:$N$47,MATCH(Binning!$B40,Notes!$A$36:$A$47,0),MATCH(Notes!$K$35,Notes!$A$35:$N$35,0)) -> 653.6 | L40: =L39-10 -> 720 | M40: =M39 -> 550 | N40: =INDEX(GB!$A$2:$AD$96,MATCH($C40,GB!$A$2:$A$96,0),MATCH(N$2,GB!$A$1:$AD$1,0)) -> 80 | O40: =INDEX(GB!$A$2:$AD$96,MATCH($C40,GB!$A$2:$A$96,0),MATCH(O$2,GB!$A$1:$AD$1,0)) -> 50 | P40: =INDEX(GB!$A$2:$AD$96,MATCH($C40,GB!$A$2:$A$96,0),MATCH(P$2,GB!$A$1:$AD$1,0)) -> 65 | Q40: =INDEX(GB!$A$2:$AD$96,MATCH($C40,GB!$A$2:$A$96,0),MATCH(Q$2,GB!$A$1:$AD$1,0)) -> 45 | R40: =INDEX(Notes!$A$36:$N$47,MATCH(Binning!$B40,Notes!$A$36:$A$47,0),MATCH(Notes!$M$35,Notes!$A$35:$N$35,0)) -> 7866 | T40: =INDEX(GB!$A$2:$AD$96,MATCH($C40,GB!$A$2:$A$96,0),MATCH(T$2,GB!$A$1:$AD$1,0)) -> 65 | U40: =INDEX(GB!$A$2:$AD$96,MATCH($C40,GB!$A$2:$A$96,0),MATCH(U$2,GB!$A$1:$AD$1,0)) -> 0 | V40: =INDEX(GB!$A$2:$AD$96,MATCH($C40,GB!$A$2:$A$96,0),MATCH(V$2,GB!$A$1:$AD$1,0)) -> 0 | W40: =INDEX(GB!$A$2:$AD$96,MATCH($C40,GB!$A$2:$A$96,0),MATCH(W$2,GB!$A$1:$AD$1,0)) -> 40 | X40: =INDEX(GB!$A$2:$AD$96,MATCH($C40,GB!$A$2:$A$96,0),MATCH(X$2,GB!$A$1:$AD$1,0)) -> 20 | Y40: 5 | Z40: 1250 | AA40: 400 | AF40: =AF39 -> 5 | AI40: =IF($BR40=1,BS40,"") | AJ40: =IF($BR40=1,BT40,"") | AK40: =IF($BR40=1,BU40,"") | AL40: =IF($BR40=1,BV40,"") | AM40: =IF($BR40=1,"YES","") | AT40: =B40 -> PCPU | AU40: =J40 -> 653.6 | AX40: =L40+N40 -> 800 | AY40: =M40+N40 -> 630 | AZ40: =INDEX(Notes!$A$36:$O$47,MATCH($B40,Notes!A$36:A$47,0),MATCH(AZ$2,Notes!A$35:O$35,0)) -> 594.18522 | BA40: =MAX(MIN(Y40*FLOOR((H40-I40*LOG10(AZ40))/Y40,1),L40),M40) -> 670 | BB40: =BA40+N40 -> 750 | BC40: =MAX(MIN(Y40*FLOOR((H40-I40*LOG10(J40))/Y40,1),L40),M40) -> 665 | BD40: =BC40+N40 -> 745 | BO40: =BO39 -> 653.6 | BP40: =IF(CODE(RIGHT($C40,1))<58,CODE(RIGHT($C40,1))-48,CODE(RIGHT($C40,1))-55) -> 4 | BQ40: =MID($D40,2,2) -> 2 | BR40: =IF(BR39="","",BR39) -> 0 | BS40: =IF(BS39="","",BS39) -> MP002 | BT40: =IF(BT39="","",BT39) -> MP005 | BU40: =IF(BU39="","",BU39) -> 0.69047619 | BV40: =IF(BV39="","",BV39) -> 0
A41: TRUE | B41: PCPU | C41: MP004 | D41: =CONCATENATE("E",MID(D40,2,2)+1) -> E3 | E41: =1000000+BP41*1000+BQ41 -> 1004003 | F41: =CONCATENATE(C41,"_",D41) -> MP004_E3 | G41: Bin1 | H41: =H40-15 -> 920 | I41: =I40 -> 95 | J41: =INDEX(Notes!$A$36:$N$47,MATCH(Binning!$B41,Notes!$A$36:$A$47,0),MATCH(Notes!$K$35,Notes!$A$35:$N$35,0)) -> 653.6 | L41: =L40-10 -> 710 | M41: =M40 -> 550 | N41: =INDEX(GB!$A$2:$AD$96,MATCH($C41,GB!$A$2:$A$96,0),MATCH(N$2,GB!$A$1:$AD$1,0)) -> 80 | O41: =INDEX(GB!$A$2:$AD$96,MATCH($C41,GB!$A$2:$A$96,0),MATCH(O$2,GB!$A$1:$AD$1,0)) -> 50 | P41: =INDEX(GB!$A$2:$AD$96,MATCH($C41,GB!$A$2:$A$96,0),MATCH(P$2,GB!$A$1:$AD$1,0)) -> 65 | Q41: =INDEX(GB!$A$2:$AD$96,MATCH($C41,GB!$A$2:$A$96,0),MATCH(Q$2,GB!$A$1:$AD$1,0)) -> 45 | R41: =INDEX(Notes!$A$36:$N$47,MATCH(Binning!$B41,Notes!$A$36:$A$47,0),MATCH(Notes!$M$35,Notes!$A$35:$N$35,0)) -> 7866 | T41: =INDEX(GB!$A$2:$AD$96,MATCH($C41,GB!$A$2:$A$96,0),MATCH(T$2,GB!$A$1:$AD$1,0)) -> 65 | U41: =INDEX(GB!$A$2:$AD$96,MATCH($C41,GB!$A$2:$A$96,0),MATCH(U$2,GB!$A$1:$AD$1,0)) -> 0 | V41: =INDEX(GB!$A$2:$AD$96,MATCH($C41,GB!$A$2:$A$96,0),MATCH(V$2,GB!$A$1:$AD$1,0)) -> 0 | W41: =INDEX(GB!$A$2:$AD$96,MATCH($C41,GB!$A$2:$A$96,0),MATCH(W$2,GB!$A$1:$AD$1,0)) -> 40 | X41: =INDEX(GB!$A$2:$AD$96,MATCH($C41,GB!$A$2:$A$96,0),MATCH(X$2,GB!$A$1:$AD$1,0)) -> 20 | Y41: 5 | Z41: 1250 | AA41: 400 | AF41: =AF40 -> 5 | AI41: =IF($BR41=1,BS41,"") | AJ41: =IF($BR41=1,BT41,"") | AK41: =IF($BR41=1,BU41,"") | AL41: =IF($BR41=1,BV41,"") | AM41: =IF($BR41=1,"YES","") | AT41: =B41 -> PCPU | AU41: =J41 -> 653.6 | AX41: =L41+N41 -> 790 | AY41: =M41+N41 -> 630 | AZ41: =INDEX(Notes!$A$36:$O$47,MATCH($B41,Notes!A$36:A$47,0),MATCH(AZ$2,Notes!A$35:O$35,0)) -> 594.18522 | BA41: =MAX(MIN(Y41*FLOOR((H41-I41*LOG10(AZ41))/Y41,1),L41),M41) -> 655 | BB41: =BA41+N41 -> 735 | BC41: =MAX(MIN(Y41*FLOOR((H41-I41*LOG10(J41))/Y41,1),L41),M41) -> 650 | BD41: =BC41+N41 -> 730 | BO41: =BO40 -> 653.6 | BP41: =IF(CODE(RIGHT($C41,1))<58,CODE(RIGHT($C41,1))-48,CODE(RIGHT($C41,1))-55) -> 4 | BQ41: =MID($D41,2,2) -> 3 | BR41: =IF(BR40="","",BR40) -> 0 | BS41: =IF(BS40="","",BS40) -> MP002 | BT41: =IF(BT40="","",BT40) -> MP005 | BU41: =IF(BU40="","",BU40) -> 0.69047619 | BV41: =IF(BV40="","",BV40) -> 0
A42: TRUE | B42: PCPU | C42: MP004 | D42: =CONCATENATE("E",MID(D41,2,2)+1) -> E4 | E42: =1000000+BP42*1000+BQ42 -> 1004004 | F42: =CONCATENATE(C42,"_",D42) -> MP004_E4 | G42: Bin1 | H42: =H41-15 -> 905 | I42: =I41 -> 95 | J42: =INDEX(Notes!$A$36:$N$47,MATCH(Binning!$B42,Notes!$A$36:$A$47,0),MATCH(Notes!$K$35,Notes!$A$35:$N$35,0)) -> 653.6 | L42: =L41 -> 710 | M42: =M41 -> 550 | N42: =INDEX(GB!$A$2:$AD$96,MATCH($C42,GB!$A$2:$A$96,0),MATCH(N$2,GB!$A$1:$AD$1,0)) -> 80 | O42: =INDEX(GB!$A$2:$AD$96,MATCH($C42,GB!$A$2:$A$96,0),MATCH(O$2,GB!$A$1:$AD$1,0)) -> 50 | P42: =INDEX(GB!$A$2:$AD$96,MATCH($C42,GB!$A$2:$A$96,0),MATCH(P$2,GB!$A$1:$AD$1,0)) -> 65 | Q42: =INDEX(GB!$A$2:$AD$96,MATCH($C42,GB!$A$2:$A$96,0),MATCH(Q$2,GB!$A$1:$AD$1,0)) -> 45 | R42: =INDEX(Notes!$A$36:$N$47,MATCH(Binning!$B42,Notes!$A$36:$A$47,0),MATCH(Notes!$M$35,Notes!$A$35:$N$35,0)) -> 7866 | T42: =INDEX(GB!$A$2:$AD$96,MATCH($C42,GB!$A$2:$A$96,0),MATCH(T$2,GB!$A$1:$AD$1,0)) -> 65 | U42: =INDEX(GB!$A$2:$AD$96,MATCH($C42,GB!$A$2:$A$96,0),MATCH(U$2,GB!$A$1:$AD$1,0)) -> 0 | V42: =INDEX(GB!$A$2:$AD$96,MATCH($C42,GB!$A$2:$A$96,0),MATCH(V$2,GB!$A$1:$AD$1,0)) -> 0 | W42: =INDEX(GB!$A$2:$AD$96,MATCH($C42,GB!$A$2:$A$96,0),MATCH(W$2,GB!$A$1:$AD$1,0)) -> 40 | X42: =INDEX(GB!$A$2:$AD$96,MATCH($C42,GB!$A$2:$A$96,0),MATCH(X$2,GB!$A$1:$AD$1,0)) -> 20 | Y42: 5 | Z42: 1250 | AA42: 400 | AF42: =AF41 -> 5 | AI42: =IF($BR42=1,BS42,"") | AJ42: =IF($BR42=1,BT42,"") | AK42: =IF($BR42=1,BU42,"") | AL42: =IF($BR42=1,BV42,"") | AM42: =IF($BR42=1,"YES","") | AT42: =B42 -> PCPU | AU42: =J42 -> 653.6 | AX42: =L42+N42 -> 790 | AY42: =M42+N42 -> 630 | AZ42: =INDEX(Notes!$A$36:$O$47,MATCH($B42,Notes!A$36:A$47,0),MATCH(AZ$2,Notes!A$35:O$35,0)) -> 594.18522 | BA42: =MAX(MIN(Y42*FLOOR((H42-I42*LOG10(AZ42))/Y42,1),L42),M42) -> 640 | BB42: =BA42+N42 -> 720 | BC42: =MAX(MIN(Y42*FLOOR((H42-I42*LOG10(J42))/Y42,1),L42),M42) -> 635 | BD42: =BC42+N42 -> 715 | BO42: =BO41 -> 653.6 | BP42: =IF(CODE(RIGHT($C42,1))<58,CODE(RIGHT($C42,1))-48,CODE(RIGHT($C42,1))-55) -> 4 | BQ42: =MID($D42,2,2) -> 4 | BR42: =IF(BR41="","",BR41) -> 0 | BS42: =IF(BS41="","",BS41) -> MP002 | BT42: =IF(BT41="","",BT41) -> MP005 | BU42: =IF(BU41="","",BU41) -> 0.69047619 | BV42: =IF(BV41="","",BV41) -> 0
A43: TRUE | B43: PCPU | C43: MP004 | D43: =CONCATENATE("E",MID(D42,2,2)+1) -> E5 | E43: =1000000+BP43*1000+BQ43 -> 1004005 | F43: =CONCATENATE(C43,"_",D43) -> MP004_E5 | G43: Bin1 | H43: =H42-15 -> 890 | I43: =I42 -> 95 | J43: =INDEX(Notes!$A$36:$N$47,MATCH(Binning!$B43,Notes!$A$36:$A$47,0),MATCH(Notes!$K$35,Notes!$A$35:$N$35,0)) -> 653.6 | L43: =L42 -> 710 | M43: =M42 -> 550 | N43: =INDEX(GB!$A$2:$AD$96,MATCH($C43,GB!$A$2:$A$96,0),MATCH(N$2,GB!$A$1:$AD$1,0)) -> 80 | O43: =INDEX(GB!$A$2:$AD$96,MATCH($C43,GB!$A$2:$A$96,0),MATCH(O$2,GB!$A$1:$AD$1,0)) -> 50 | P43: =INDEX(GB!$A$2:$AD$96,MATCH($C43,GB!$A$2:$A$96,0),MATCH(P$2,GB!$A$1:$AD$1,0)) -> 65 | Q43: =INDEX(GB!$A$2:$AD$96,MATCH($C43,GB!$A$2:$A$96,0),MATCH(Q$2,GB!$A$1:$AD$1,0)) -> 45 | R43: =INDEX(Notes!$A$36:$N$47,MATCH(Binning!$B43,Notes!$A$36:$A$47,0),MATCH(Notes!$M$35,Notes!$A$35:$N$35,0)) -> 7866 | T43: =INDEX(GB!$A$2:$AD$96,MATCH($C43,GB!$A$2:$A$96,0),MATCH(T$2,GB!$A$1:$AD$1,0)) -> 65 | U43: =INDEX(GB!$A$2:$AD$96,MATCH($C43,GB!$A$2:$A$96,0),MATCH(U$2,GB!$A$1:$AD$1,0)) -> 0 | V43: =INDEX(GB!$A$2:$AD$96,MATCH($C43,GB!$A$2:$A$96,0),MATCH(V$2,GB!$A$1:$AD$1,0)) -> 0 | W43: =INDEX(GB!$A$2:$AD$96,MATCH($C43,GB!$A$2:$A$96,0),MATCH(W$2,GB!$A$1:$AD$1,0)) -> 40 | X43: =INDEX(GB!$A$2:$AD$96,MATCH($C43,GB!$A$2:$A$96,0),MATCH(X$2,GB!$A$1:$AD$1,0)) -> 20 | Y43: 5 | Z43: 1250 | AA43: 400 | AF43: =AF42 -> 5 | AI43: =IF($BR43=1,BS43,"") | AJ43: =IF($BR43=1,BT43,"") | AK43: =IF($BR43=1,BU43,"") | AL43: =IF($BR43=1,BV43,"") | AM43: =IF($BR43=1,"YES","") | AT43: =B43 -> PCPU | AU43: =J43 -> 653.6 | AX43: =L43+N43 -> 790 | AY43: =M43+N43 -> 630 | AZ43: =INDEX(Notes!$A$36:$O$47,MATCH($B43,Notes!A$36:A$47,0),MATCH(AZ$2,Notes!A$35:O$35,0)) -> 594.18522 | BA43: =MAX(MIN(Y43*FLOOR((H43-I43*LOG10(AZ43))/Y43,1),L43),M43) -> 625 | BB43: =BA43+N43 -> 705 | BC43: =MAX(MIN(Y43*FLOOR((H43-I43*LOG10(J43))/Y43,1),L43),M43) -> 620 | BD43: =BC43+N43 -> 700 | BO43: =BO42 -> 653.6 | BP43: =IF(CODE(RIGHT($C43,1))<58,CODE(RIGHT($C43,1))-48,CODE(RIGHT($C43,1))-55) -> 4 | BQ43: =MID($D43,2,2) -> 5 | BR43: =IF(BR42="","",BR42) -> 0 | BS43: =IF(BS42="","",BS42) -> MP002 | BT43: =IF(BT42="","",BT42) -> MP005 | BU43: =IF(BU42="","",BU42) -> 0.69047619 | BV43: =IF(BV42="","",BV42) -> 0
A44: TRUE | B44: PCPU | C44: MP004 | D44: =CONCATENATE("E",MID(D43,2,2)+1) -> E6 | E44: =1000000+BP44*1000+BQ44 -> 1004006 | F44: =CONCATENATE(C44,"_",D44) -> MP004_E6 | G44: Bin1 | H44: =H43-15 -> 875 | I44: =I43 -> 95 | J44: =INDEX(Notes!$A$36:$N$47,MATCH(Binning!$B44,Notes!$A$36:$A$47,0),MATCH(Notes!$K$35,Notes!$A$35:$N$35,0)) -> 653.6 | L44: =L43 -> 710 | M44: =M43 -> 550 | N44: =INDEX(GB!$A$2:$AD$96,MATCH($C44,GB!$A$2:$A$96,0),MATCH(N$2,GB!$A$1:$AD$1,0)) -> 80 | O44: =INDEX(GB!$A$2:$AD$96,MATCH($C44,GB!$A$2:$A$96,0),MATCH(O$2,GB!$A$1:$AD$1,0)) -> 50 | P44: =INDEX(GB!$A$2:$AD$96,MATCH($C44,GB!$A$2:$A$96,0),MATCH(P$2,GB!$A$1:$AD$1,0)) -> 65 | Q44: =INDEX(GB!$A$2:$AD$96,MATCH($C44,GB!$A$2:$A$96,0),MATCH(Q$2,GB!$A$1:$AD$1,0)) -> 45 | R44: =INDEX(Notes!$A$36:$N$47,MATCH(Binning!$B44,Notes!$A$36:$A$47,0),MATCH(Notes!$M$35,Notes!$A$35:$N$35,0)) -> 7866 | T44: =INDEX(GB!$A$2:$AD$96,MATCH($C44,GB!$A$2:$A$96,0),MATCH(T$2,GB!$A$1:$AD$1,0)) -> 65 | U44: =INDEX(GB!$A$2:$AD$96,MATCH($C44,GB!$A$2:$A$96,0),MATCH(U$2,GB!$A$1:$AD$1,0)) -> 0 | V44: =INDEX(GB!$A$2:$AD$96,MATCH($C44,GB!$A$2:$A$96,0),MATCH(V$2,GB!$A$1:$AD$1,0)) -> 0 | W44: =INDEX(GB!$A$2:$AD$96,MATCH($C44,GB!$A$2:$A$96,0),MATCH(W$2,GB!$A$1:$AD$1,0)) -> 40 | X44: =INDEX(GB!$A$2:$AD$96,MATCH($C44,GB!$A$2:$A$96,0),MATCH(X$2,GB!$A$1:$AD$1,0)) -> 20 | Y44: 5 | Z44: 1250 | AA44: 400 | AF44: =AF43 -> 5 | AI44: =IF($BR44=1,BS44,"") | AJ44: =IF($BR44=1,BT44,"") | AK44: =IF($BR44=1,BU44,"") | AL44: =IF($BR44=1,BV44,"") | AM44: =IF($BR44=1,"YES","") | AT44: =B44 -> PCPU | AU44: =J44 -> 653.6 | AX44: =L44+N44 -> 790 | AY44: =M44+N44 -> 630 | AZ44: =INDEX(Notes!$A$36:$O$47,MATCH($B44,Notes!A$36:A$47,0),MATCH(AZ$2,Notes!A$35:O$35,0)) -> 594.18522 | BA44: =MAX(MIN(Y44*FLOOR((H44-I44*LOG10(AZ44))/Y44,1),L44),M44) -> 610 | BB44: =BA44+N44 -> 690 | BC44: =MAX(MIN(Y44*FLOOR((H44-I44*LOG10(J44))/Y44,1),L44),M44) -> 605 | BD44: =BC44+N44 -> 685 | BO44: =BO43 -> 653.6 | BP44: =IF(CODE(RIGHT($C44,1))<58,CODE(RIGHT($C44,1))-48,CODE(RIGHT($C44,1))-55) -> 4 | BQ44: =MID($D44,2,2) -> 6 | BR44: =IF(BR43="","",BR43) -> 0 | BS44: =IF(BS43="","",BS43) -> MP002 | BT44: =IF(BT43="","",BT43) -> MP005 | BU44: =IF(BU43="","",BU43) -> 0.69047619 | BV44: =IF(BV43="","",BV43) -> 0
A45: TRUE | B45: PCPU | C45: MP004 | D45: =CONCATENATE("E",MID(D44,2,2)+1) -> E7 | E45: =1000000+BP45*1000+BQ45 -> 1004007 | F45: =CONCATENATE(C45,"_",D45) -> MP004_E7 | G45: Bin1 | H45: =H44-15 -> 860 | I45: =I44 -> 95 | J45: =INDEX(Notes!$A$36:$N$47,MATCH(Binning!$B45,Notes!$A$36:$A$47,0),MATCH(Notes!$K$35,Notes!$A$35:$N$35,0)) -> 653.6 | L45: =L44 -> 710 | M45: =M44 -> 550 | N45: =INDEX(GB!$A$2:$AD$96,MATCH($C45,GB!$A$2:$A$96,0),MATCH(N$2,GB!$A$1:$AD$1,0)) -> 80 | O45: =INDEX(GB!$A$2:$AD$96,MATCH($C45,GB!$A$2:$A$96,0),MATCH(O$2,GB!$A$1:$AD$1,0)) -> 50 | P45: =INDEX(GB!$A$2:$AD$96,MATCH($C45,GB!$A$2:$A$96,0),MATCH(P$2,GB!$A$1:$AD$1,0)) -> 65 | Q45: =INDEX(GB!$A$2:$AD$96,MATCH($C45,GB!$A$2:$A$96,0),MATCH(Q$2,GB!$A$1:$AD$1,0)) -> 45 | R45: =INDEX(Notes!$A$36:$N$47,MATCH(Binning!$B45,Notes!$A$36:$A$47,0),MATCH(Notes!$M$35,Notes!$A$35:$N$35,0)) -> 7866 | T45: =INDEX(GB!$A$2:$AD$96,MATCH($C45,GB!$A$2:$A$96,0),MATCH(T$2,GB!$A$1:$AD$1,0)) -> 65 | U45: =INDEX(GB!$A$2:$AD$96,MATCH($C45,GB!$A$2:$A$96,0),MATCH(U$2,GB!$A$1:$AD$1,0)) -> 0 | V45: =INDEX(GB!$A$2:$AD$96,MATCH($C45,GB!$A$2:$A$96,0),MATCH(V$2,GB!$A$1:$AD$1,0)) -> 0 | W45: =INDEX(GB!$A$2:$AD$96,MATCH($C45,GB!$A$2:$A$96,0),MATCH(W$2,GB!$A$1:$AD$1,0)) -> 40 | X45: =INDEX(GB!$A$2:$AD$96,MATCH($C45,GB!$A$2:$A$96,0),MATCH(X$2,GB!$A$1:$AD$1,0)) -> 20 | Y45: 5 | Z45: 1250 | AA45: 400 | AF45: =AF44 -> 5 | AI45: =IF($BR45=1,BS45,"") | AJ45: =IF($BR45=1,BT45,"") | AK45: =IF($BR45=1,BU45,"") | AL45: =IF($BR45=1,BV45,"") | AM45: =IF($BR45=1,"YES","") | AT45: =B45 -> PCPU | AU45: =J45 -> 653.6 | AX45: =L45+N45 -> 790 | AY45: =M45+N45 -> 630 | AZ45: =INDEX(Notes!$A$36:$O$47,MATCH($B45,Notes!A$36:A$47,0),MATCH(AZ$2,Notes!A$35:O$35,0)) -> 594.18522 | BA45: =MAX(MIN(Y45*FLOOR((H45-I45*LOG10(AZ45))/Y45,1),L45),M45) -> 595 | BB45: =BA45+N45 -> 675 | BC45: =MAX(MIN(Y45*FLOOR((H45-I45*LOG10(J45))/Y45,1),L45),M45) -> 590 | BD45: =BC45+N45 -> 670 | BO45: =BO44 -> 653.6 | BP45: =IF(CODE(RIGHT($C45,1))<58,CODE(RIGHT($C45,1))-48,CODE(RIGHT($C45,1))-55) -> 4 | BQ45: =MID($D45,2,2) -> 7 | BR45: =IF(BR44="","",BR44) -> 0 | BS45: =IF(BS44="","",BS44) -> MP002 | BT45: =IF(BT44="","",BT44) -> MP005 | BU45: =IF(BU44="","",BU44) -> 0.69047619 | BV45: =IF(BV44="","",BV44) -> 0
A46: TRUE | B46: PCPU | C46: MP004 | D46: =CONCATENATE("E",MID(D45,2,2)+1) -> E8 | E46: =1000000+BP46*1000+BQ46 -> 1004008 | F46: =CONCATENATE(C46,"_",D46) -> MP004_E8 | G46: Bin1 | H46: =H45-15 -> 845 | I46: =I45 -> 95 | J46: =INDEX(Notes!$A$36:$N$47,MATCH(Binning!$B46,Notes!$A$36:$A$47,0),MATCH(Notes!$K$35,Notes!$A$35:$N$35,0)) -> 653.6 | L46: =L45 -> 710 | M46: =M45 -> 550 | N46: =INDEX(GB!$A$2:$AD$96,MATCH($C46,GB!$A$2:$A$96,0),MATCH(N$2,GB!$A$1:$AD$1,0)) -> 80 | O46: =INDEX(GB!$A$2:$AD$96,MATCH($C46,GB!$A$2:$A$96,0),MATCH(O$2,GB!$A$1:$AD$1,0)) -> 50 | P46: =INDEX(GB!$A$2:$AD$96,MATCH($C46,GB!$A$2:$A$96,0),MATCH(P$2,GB!$A$1:$AD$1,0)) -> 65 | Q46: =INDEX(GB!$A$2:$AD$96,MATCH($C46,GB!$A$2:$A$96,0),MATCH(Q$2,GB!$A$1:$AD$1,0)) -> 45 | R46: =INDEX(Notes!$A$36:$N$47,MATCH(Binning!$B46,Notes!$A$36:$A$47,0),MATCH(Notes!$M$35,Notes!$A$35:$N$35,0)) -> 7866 | T46: =INDEX(GB!$A$2:$AD$96,MATCH($C46,GB!$A$2:$A$96,0),MATCH(T$2,GB!$A$1:$AD$1,0)) -> 65 | U46: =INDEX(GB!$A$2:$AD$96,MATCH($C46,GB!$A$2:$A$96,0),MATCH(U$2,GB!$A$1:$AD$1,0)) -> 0 | V46: =INDEX(GB!$A$2:$AD$96,MATCH($C46,GB!$A$2:$A$96,0),MATCH(V$2,GB!$A$1:$AD$1,0)) -> 0 | W46: =INDEX(GB!$A$2:$AD$96,MATCH($C46,GB!$A$2:$A$96,0),MATCH(W$2,GB!$A$1:$AD$1,0)) -> 40 | X46: =INDEX(GB!$A$2:$AD$96,MATCH($C46,GB!$A$2:$A$96,0),MATCH(X$2,GB!$A$1:$AD$1,0)) -> 20 | Y46: 5 | Z46: 1250 | AA46: 400 | AF46: =AF45 -> 5 | AI46: =IF($BR46=1,BS46,"") | AJ46: =IF($BR46=1,BT46,"") | AK46: =IF($BR46=1,BU46,"") | AL46: =IF($BR46=1,BV46,"") | AM46: =IF($BR46=1,"YES","") | AT46: =B46 -> PCPU | AU46: =J46 -> 653.6 | AX46: =L46+N46 -> 790 | AY46: =M46+N46 -> 630 | AZ46: =INDEX(Notes!$A$36:$O$47,MATCH($B46,Notes!A$36:A$47,0),MATCH(AZ$2,Notes!A$35:O$35,0)) -> 594.18522 | BA46: =MAX(MIN(Y46*FLOOR((H46-I46*LOG10(AZ46))/Y46,1),L46),M46) -> 580 | BB46: =BA46+N46 -> 660 | BC46: =MAX(MIN(Y46*FLOOR((H46-I46*LOG10(J46))/Y46,1),L46),M46) -> 575 | BD46: =BC46+N46 -> 655 | BO46: =BO45 -> 653.6 | BP46: =IF(CODE(RIGHT($C46,1))<58,CODE(RIGHT($C46,1))-48,CODE(RIGHT($C46,1))-55) -> 4 | BQ46: =MID($D46,2,2) -> 8 | BR46: =IF(BR45="","",BR45) -> 0 | BS46: =IF(BS45="","",BS45) -> MP002 | BT46: =IF(BT45="","",BT45) -> MP005 | BU46: =IF(BU45="","",BU45) -> 0.69047619 | BV46: =IF(BV45="","",BV45) -> 0
A47: TRUE | B47: PCPU | C47: MP004 | D47: =CONCATENATE("E",MID(D46,2,2)+1) -> E9 | E47: =1000000+BP47*1000+BQ47 -> 1004009 | F47: =CONCATENATE(C47,"_",D47) -> MP004_E9 | G47: Bin1 | H47: =H46-15 -> 830 | I47: =I46 -> 95 | J47: =INDEX(Notes!$A$36:$N$47,MATCH(Binning!$B47,Notes!$A$36:$A$47,0),MATCH(Notes!$K$35,Notes!$A$35:$N$35,0)) -> 653.6 | L47: =L46 -> 710 | M47: =M46 -> 550 | N47: =INDEX(GB!$A$2:$AD$96,MATCH($C47,GB!$A$2:$A$96,0),MATCH(N$2,GB!$A$1:$AD$1,0)) -> 80 | O47: =INDEX(GB!$A$2:$AD$96,MATCH($C47,GB!$A$2:$A$96,0),MATCH(O$2,GB!$A$1:$AD$1,0)) -> 50 | P47: =INDEX(GB!$A$2:$AD$96,MATCH($C47,GB!$A$2:$A$96,0),MATCH(P$2,GB!$A$1:$AD$1,0)) -> 65 | Q47: =INDEX(GB!$A$2:$AD$96,MATCH($C47,GB!$A$2:$A$96,0),MATCH(Q$2,GB!$A$1:$AD$1,0)) -> 45 | R47: =INDEX(Notes!$A$36:$N$47,MATCH(Binning!$B47,Notes!$A$36:$A$47,0),MATCH(Notes!$M$35,Notes!$A$35:$N$35,0)) -> 7866 | T47: =INDEX(GB!$A$2:$AD$96,MATCH($C47,GB!$A$2:$A$96,0),MATCH(T$2,GB!$A$1:$AD$1,0)) -> 65 | U47: =INDEX(GB!$A$2:$AD$96,MATCH($C47,GB!$A$2:$A$96,0),MATCH(U$2,GB!$A$1:$AD$1,0)) -> 0 | V47: =INDEX(GB!$A$2:$AD$96,MATCH($C47,GB!$A$2:$A$96,0),MATCH(V$2,GB!$A$1:$AD$1,0)) -> 0 | W47: =INDEX(GB!$A$2:$AD$96,MATCH($C47,GB!$A$2:$A$96,0),MATCH(W$2,GB!$A$1:$AD$1,0)) -> 40 | X47: =INDEX(GB!$A$2:$AD$96,MATCH($C47,GB!$A$2:$A$96,0),MATCH(X$2,GB!$A$1:$AD$1,0)) -> 20 | Y47: 5 | Z47: 1250 | AA47: 400 | AF47: =AF46 -> 5 | AI47: =IF($BR47=1,BS47,"") | AJ47: =IF($BR47=1,BT47,"") | AK47: =IF($BR47=1,BU47,"") | AL47: =IF($BR47=1,BV47,"") | AM47: =IF($BR47=1,"YES","") | AT47: =B47 -> PCPU | AU47: =J47 -> 653.6 | AX47: =L47+N47 -> 790 | AY47: =M47+N47 -> 630 | AZ47: =INDEX(Notes!$A$36:$O$47,MATCH($B47,Notes!A$36:A$47,0),MATCH(AZ$2,Notes!A$35:O$35,0)) -> 594.18522 | BA47: =MAX(MIN(Y47*FLOOR((H47-I47*LOG10(AZ47))/Y47,1),L47),M47) -> 565 | BB47: =BA47+N47 -> 645 | BC47: =MAX(MIN(Y47*FLOOR((H47-I47*LOG10(J47))/Y47,1),L47),M47) -> 560 | BD47: =BC47+N47 -> 640 | BO47: =BO46 -> 653.6 | BP47: =IF(CODE(RIGHT($C47,1))<58,CODE(RIGHT($C47,1))-48,CODE(RIGHT($C47,1))-55) -> 4 | BQ47: =MID($D47,2,2) -> 9 | BR47: =IF(BR46="","",BR46) -> 0 | BS47: =IF(BS46="","",BS46) -> MP002 | BT47: =IF(BT46="","",BT46) -> MP005 | BU47: =IF(BU46="","",BU46) -> 0.69047619 | BV47: =IF(BV46="","",BV46) -> 0
A48: TRUE | B48: PCPU | C48: MP004 | D48: =CONCATENATE("E",MID(D47,2,2)+1) -> E10 | E48: =1000000+BP48*1000+BQ48 -> 1004010 | F48: =CONCATENATE(C48,"_",D48) -> MP004_E10 | G48: Bin1 | H48: =H47-15 -> 815 | I48: =I47 -> 95 | J48: =INDEX(Notes!$A$36:$N$47,MATCH(Binning!$B48,Notes!$A$36:$A$47,0),MATCH(Notes!$K$35,Notes!$A$35:$N$35,0)) -> 653.6 | L48: =L47 -> 710 | M48: =M47 -> 550 | N48: =INDEX(GB!$A$2:$AD$96,MATCH($C48,GB!$A$2:$A$96,0),MATCH(N$2,GB!$A$1:$AD$1,0)) -> 80 | O48: =INDEX(GB!$A$2:$AD$96,MATCH($C48,GB!$A$2:$A$96,0),MATCH(O$2,GB!$A$1:$AD$1,0)) -> 50 | P48: =INDEX(GB!$A$2:$AD$96,MATCH($C48,GB!$A$2:$A$96,0),MATCH(P$2,GB!$A$1:$AD$1,0)) -> 65 | Q48: =INDEX(GB!$A$2:$AD$96,MATCH($C48,GB!$A$2:$A$96,0),MATCH(Q$2,GB!$A$1:$AD$1,0)) -> 45 | R48: =INDEX(Notes!$A$36:$N$47,MATCH(Binning!$B48,Notes!$A$36:$A$47,0),MATCH(Notes!$M$35,Notes!$A$35:$N$35,0)) -> 7866 | T48: =INDEX(GB!$A$2:$AD$96,MATCH($C48,GB!$A$2:$A$96,0),MATCH(T$2,GB!$A$1:$AD$1,0)) -> 65 | U48: =INDEX(GB!$A$2:$AD$96,MATCH($C48,GB!$A$2:$A$96,0),MATCH(U$2,GB!$A$1:$AD$1,0)) -> 0 | V48: =INDEX(GB!$A$2:$AD$96,MATCH($C48,GB!$A$2:$A$96,0),MATCH(V$2,GB!$A$1:$AD$1,0)) -> 0 | W48: =INDEX(GB!$A$2:$AD$96,MATCH($C48,GB!$A$2:$A$96,0),MATCH(W$2,GB!$A$1:$AD$1,0)) -> 40 | X48: =INDEX(GB!$A$2:$AD$96,MATCH($C48,GB!$A$2:$A$96,0),MATCH(X$2,GB!$A$1:$AD$1,0)) -> 20 | Y48: 5 | Z48: 1250 | AA48: 400 | AF48: =AF47 -> 5 | AI48: =IF($BR48=1,BS48,"") | AJ48: =IF($BR48=1,BT48,"") | AK48: =IF($BR48=1,BU48,"") | AL48: =IF($BR48=1,BV48,"") | AM48: =IF($BR48=1,"YES","") | AT48: =B48 -> PCPU | AU48: =J48 -> 653.6 | AX48: =L48+N48 -> 790 | AY48: =M48+N48 -> 630 | AZ48: =INDEX(Notes!$A$36:$O$47,MATCH($B48,Notes!A$36:A$47,0),MATCH(AZ$2,Notes!A$35:O$35,0)) -> 594.18522 | BA48: =MAX(MIN(Y48*FLOOR((H48-I48*LOG10(AZ48))/Y48,1),L48),M48) -> 550 | BB48: =BA48+N48 -> 630 | BC48: =MAX(MIN(Y48*FLOOR((H48-I48*LOG10(J48))/Y48,1),L48),M48) -> 550 | BD48: =BC48+N48 -> 630 | BO48: =BO47 -> 653.6 | BP48: =IF(CODE(RIGHT($C48,1))<58,CODE(RIGHT($C48,1))-48,CODE(RIGHT($C48,1))-55) -> 4 | BQ48: =MID($D48,2,2) -> 10 | BR48: =IF(BR47="","",BR47) -> 0 | BS48: =IF(BS47="","",BS47) -> MP002 | BT48: =IF(BT47="","",BT47) -> MP005 | BU48: =IF(BU47="","",BU47) -> 0.69047619 | BV48: =IF(BV47="","",BV47) -> 0
A49: TRUE | B49: PCPU | C49: MP004 | D49: =CONCATENATE("E",MID(D48,2,2)+1) -> E11 | E49: =1000000+BP49*1000+BQ49 -> 1004011 | F49: =CONCATENATE(C49,"_",D49) -> MP004_E11 | G49: Bin1 | H49: =H48-15 -> 800 | I49: =I48 -> 95 | J49: =INDEX(Notes!$A$36:$N$47,MATCH(Binning!$B49,Notes!$A$36:$A$47,0),MATCH(Notes!$K$35,Notes!$A$35:$N$35,0)) -> 653.6 | L49: =L48 -> 710 | M49: =M48 -> 550 | N49: =INDEX(GB!$A$2:$AD$96,MATCH($C49,GB!$A$2:$A$96,0),MATCH(N$2,GB!$A$1:$AD$1,0)) -> 80 | O49: =INDEX(GB!$A$2:$AD$96,MATCH($C49,GB!$A$2:$A$96,0),MATCH(O$2,GB!$A$1:$AD$1,0)) -> 50 | P49: =INDEX(GB!$A$2:$AD$96,MATCH($C49,GB!$A$2:$A$96,0),MATCH(P$2,GB!$A$1:$AD$1,0)) -> 65 | Q49: =INDEX(GB!$A$2:$AD$96,MATCH($C49,GB!$A$2:$A$96,0),MATCH(Q$2,GB!$A$1:$AD$1,0)) -> 45 | R49: =INDEX(Notes!$A$36:$N$47,MATCH(Binning!$B49,Notes!$A$36:$A$47,0),MATCH(Notes!$M$35,Notes!$A$35:$N$35,0)) -> 7866 | T49: =INDEX(GB!$A$2:$AD$96,MATCH($C49,GB!$A$2:$A$96,0),MATCH(T$2,GB!$A$1:$AD$1,0)) -> 65 | U49: =INDEX(GB!$A$2:$AD$96,MATCH($C49,GB!$A$2:$A$96,0),MATCH(U$2,GB!$A$1:$AD$1,0)) -> 0 | V49: =INDEX(GB!$A$2:$AD$96,MATCH($C49,GB!$A$2:$A$96,0),MATCH(V$2,GB!$A$1:$AD$1,0)) -> 0 | W49: =INDEX(GB!$A$2:$AD$96,MATCH($C49,GB!$A$2:$A$96,0),MATCH(W$2,GB!$A$1:$AD$1,0)) -> 40 | X49: =INDEX(GB!$A$2:$AD$96,MATCH($C49,GB!$A$2:$A$96,0),MATCH(X$2,GB!$A$1:$AD$1,0)) -> 20 | Y49: 5 | Z49: 1250 | AA49: 400 | AF49: =AF48 -> 5 | AI49: =IF($BR49=1,BS49,"") | AJ49: =IF($BR49=1,BT49,"") | AK49: =IF($BR49=1,BU49,"") | AL49: =IF($BR49=1,BV49,"") | AM49: =IF($BR49=1,"YES","") | AT49: =B49 -> PCPU | AU49: =J49 -> 653.6 | AX49: =L49+N49 -> 790 | AY49: =M49+N49 -> 630 | AZ49: =INDEX(Notes!$A$36:$O$47,MATCH($B49,Notes!A$36:A$47,0),MATCH(AZ$2,Notes!A$35:O$35,0)) -> 594.18522 | BA49: =MAX(MIN(Y49*FLOOR((H49-I49*LOG10(AZ49))/Y49,1),L49),M49) -> 550 | BB49: =BA49+N49 -> 630 | BC49: =MAX(MIN(Y49*FLOOR((H49-I49*LOG10(J49))/Y49,1),L49),M49) -> 550 | BD49: =BC49+N49 -> 630 | BO49: =BO48 -> 653.6 | BP49: =IF(CODE(RIGHT($C49,1))<58,CODE(RIGHT($C49,1))-48,CODE(RIGHT($C49,1))-55) -> 4 | BQ49: =MID($D49,2,2) -> 11 | BR49: =IF(BR48="","",BR48) -> 0 | BS49: =IF(BS48="","",BS48) -> MP002 | BT49: =IF(BT48="","",BT48) -> MP005 | BU49: =IF(BU48="","",BU48) -> 0.69047619 | BV49: =IF(BV48="","",BV48) -> 0
A50: TRUE | B50: PCPU | C50: MP004 | D50: =CONCATENATE("E",MID(D49,2,2)+1) -> E12 | E50: =1000000+BP50*1000+BQ50 -> 1004012 | F50: =CONCATENATE(C50,"_",D50) -> MP004_E12 | G50: Bin1 | H50: =H49-15 -> 785 | I50: =I49 -> 95 | J50: =INDEX(Notes!$A$36:$N$47,MATCH(Binning!$B50,Notes!$A$36:$A$47,0),MATCH(Notes!$K$35,Notes!$A$35:$N$35,0)) -> 653.6 | L50: =L49 -> 710 | M50: =M49 -> 550 | N50: =INDEX(GB!$A$2:$AD$96,MATCH($C50,GB!$A$2:$A$96,0),MATCH(N$2,GB!$A$1:$AD$1,0)) -> 80 | O50: =INDEX(GB!$A$2:$AD$96,MATCH($C50,GB!$A$2:$A$96,0),MATCH(O$2,GB!$A$1:$AD$1,0)) -> 50 | P50: =INDEX(GB!$A$2:$AD$96,MATCH($C50,GB!$A$2:$A$96,0),MATCH(P$2,GB!$A$1:$AD$1,0)) -> 65 | Q50: =INDEX(GB!$A$2:$AD$96,MATCH($C50,GB!$A$2:$A$96,0),MATCH(Q$2,GB!$A$1:$AD$1,0)) -> 45 | R50: =INDEX(Notes!$A$36:$N$47,MATCH(Binning!$B50,Notes!$A$36:$A$47,0),MATCH(Notes!$M$35,Notes!$A$35:$N$35,0)) -> 7866 | T50: =INDEX(GB!$A$2:$AD$96,MATCH($C50,GB!$A$2:$A$96,0),MATCH(T$2,GB!$A$1:$AD$1,0)) -> 65 | U50: =INDEX(GB!$A$2:$AD$96,MATCH($C50,GB!$A$2:$A$96,0),MATCH(U$2,GB!$A$1:$AD$1,0)) -> 0 | V50: =INDEX(GB!$A$2:$AD$96,MATCH($C50,GB!$A$2:$A$96,0),MATCH(V$2,GB!$A$1:$AD$1,0)) -> 0 | W50: =INDEX(GB!$A$2:$AD$96,MATCH($C50,GB!$A$2:$A$96,0),MATCH(W$2,GB!$A$1:$AD$1,0)) -> 40 | X50: =INDEX(GB!$A$2:$AD$96,MATCH($C50,GB!$A$2:$A$96,0),MATCH(X$2,GB!$A$1:$AD$1,0)) -> 20 | Y50: 5 | Z50: 1250 | AA50: 400 | AF50: =AF49 -> 5 | AI50: =IF($BR50=1,BS50,"") | AJ50: =IF($BR50=1,BT50,"") | AK50: =IF($BR50=1,BU50,"") | AL50: =IF($BR50=1,BV50,"") | AM50: =IF($BR50=1,"YES","") | AT50: =B50 -> PCPU | AU50: =J50 -> 653.6 | AX50: =L50+N50 -> 790 | AY50: =M50+N50 -> 630 | AZ50: =INDEX(Notes!$A$36:$O$47,MATCH($B50,Notes!A$36:A$47,0),MATCH(AZ$2,Notes!A$35:O$35,0)) -> 594.18522 | BA50: =MAX(MIN(Y50*FLOOR((H50-I50*LOG10(AZ50))/Y50,1),L50),M50) -> 550 | BB50: =BA50+N50 -> 630 | BC50: =MAX(MIN(Y50*FLOOR((H50-I50*LOG10(J50))/Y50,1),L50),M50) -> 550 | BD50: =BC50+N50 -> 630 | BO50: =BO49 -> 653.6 | BP50: =IF(CODE(RIGHT($C50,1))<58,CODE(RIGHT($C50,1))-48,CODE(RIGHT($C50,1))-55) -> 4 | BQ50: =MID($D50,2,2) -> 12 | BR50: =IF(BR49="","",BR49) -> 0 | BS50: =IF(BS49="","",BS49) -> MP002 | BT50: =IF(BT49="","",BT49) -> MP005 | BU50: =IF(BU49="","",BU49) -> 0.69047619 | BV50: =IF(BV49="","",BV49) -> 0
A51: TRUE | B51: PCPU | C51: MP005 | D51: E1 | E51: =1000000+BP51*1000+BQ51 -> 1005001 | F51: =CONCATENATE(C51,"_",D51) -> MP005_E1 | G51: Bin1 | H51: =VLOOKUP(C51,BinningParamNotes!A:D,3,0) -> 1000 | I51: =VLOOKUP(C51,BinningParamNotes!A:D,2,0) -> 105 | J51: =INDEX(Notes!$A$36:$N$47,MATCH(Binning!$B51,Notes!$A$36:$A$47,0),MATCH(Notes!$K$35,Notes!$A$35:$N$35,0)) -> 653.6 | L51: =VLOOKUP(C51,BinningParamNotes!A:D,4,0) -> 760 | M51: 580 | N51: =INDEX(GB!$A$2:$AD$96,MATCH($C51,GB!$A$2:$A$96,0),MATCH(N$2,GB!$A$1:$AD$1,0)) -> 80 | O51: =INDEX(GB!$A$2:$AD$96,MATCH($C51,GB!$A$2:$A$96,0),MATCH(O$2,GB!$A$1:$AD$1,0)) -> 40 | P51: =INDEX(GB!$A$2:$AD$96,MATCH($C51,GB!$A$2:$A$96,0),MATCH(P$2,GB!$A$1:$AD$1,0)) -> 50 | Q51: =INDEX(GB!$A$2:$AD$96,MATCH($C51,GB!$A$2:$A$96,0),MATCH(Q$2,GB!$A$1:$AD$1,0)) -> 45 | R51: =INDEX(Notes!$A$36:$N$47,MATCH(Binning!$B51,Notes!$A$36:$A$47,0),MATCH(Notes!$M$35,Notes!$A$35:$N$35,0)) -> 7866 | T51: =INDEX(GB!$A$2:$AD$96,MATCH($C51,GB!$A$2:$A$96,0),MATCH(T$2,GB!$A$1:$AD$1,0)) -> 60 | U51: =INDEX(GB!$A$2:$AD$96,MATCH($C51,GB!$A$2:$A$96,0),MATCH(U$2,GB!$A$1:$AD$1,0)) -> 0 | V51: =INDEX(GB!$A$2:$AD$96,MATCH($C51,GB!$A$2:$A$96,0),MATCH(V$2,GB!$A$1:$AD$1,0)) -> 0 | W51: =INDEX(GB!$A$2:$AD$96,MATCH($C51,GB!$A$2:$A$96,0),MATCH(W$2,GB!$A$1:$AD$1,0)) -> 25 | X51: =INDEX(GB!$A$2:$AD$96,MATCH($C51,GB!$A$2:$A$96,0),MATCH(X$2,GB!$A$1:$AD$1,0)) -> 20 | Y51: 5 | Z51: 1250 | AA51: 400 | AF51: 5 | AI51: =IF($BR51=1,BS51,"") | AJ51: =IF($BR51=1,BT51,"") | AK51: =IF($BR51=1,BU51,"") | AL51: =IF($BR51=1,BV51,"") | AM51: =IF($BR51=1,"YES","") | AT51: =B51 -> PCPU | AU51: =J51 -> 653.6 | AX51: =L51+N51 -> 840 | AY51: =M51+N51 -> 660 | AZ51: =INDEX(Notes!$A$36:$O$47,MATCH($B51,Notes!A$36:A$47,0),MATCH(AZ$2,Notes!A$35:O$35,0)) -> 594.18522 | BA51: =MAX(MIN(Y51*FLOOR((H51-I51*LOG10(AZ51))/Y51,1),L51),M51) -> 705 | BB51: =BA51+N51 -> 785 | BC51: =MAX(MIN(Y51*FLOOR((H51-I51*LOG10(J51))/Y51,1),L51),M51) -> 700 | BD51: =BC51+N51 -> 780 | BO51: =MAX(J51:J57) -> 653.6 | BP51: =IF(CODE(RIGHT($C51,1))<58,CODE(RIGHT($C51,1))-48,CODE(RIGHT($C51,1))-55) -> 5 | BQ51: =MID($D51,2,2) -> 1 | BR51: 0
A52: TRUE | B52: PCPU | C52: MP005 | D52: =CONCATENATE("E",MID(D51,2,2)+1) -> E2 | E52: =1000000+BP52*1000+BQ52 -> 1005002 | F52: =CONCATENATE(C52,"_",D52) -> MP005_E2 | G52: Bin1 | H52: =H51-15 -> 985 | I52: =I51 -> 105 | J52: =INDEX(Notes!$A$36:$N$47,MATCH(Binning!$B52,Notes!$A$36:$A$47,0),MATCH(Notes!$K$35,Notes!$A$35:$N$35,0)) -> 653.6 | L52: =L51-10 -> 750 | M52: =M51 -> 580 | N52: =INDEX(GB!$A$2:$AD$96,MATCH($C52,GB!$A$2:$A$96,0),MATCH(N$2,GB!$A$1:$AD$1,0)) -> 80 | O52: =INDEX(GB!$A$2:$AD$96,MATCH($C52,GB!$A$2:$A$96,0),MATCH(O$2,GB!$A$1:$AD$1,0)) -> 40 | P52: =INDEX(GB!$A$2:$AD$96,MATCH($C52,GB!$A$2:$A$96,0),MATCH(P$2,GB!$A$1:$AD$1,0)) -> 50 | Q52: =INDEX(GB!$A$2:$AD$96,MATCH($C52,GB!$A$2:$A$96,0),MATCH(Q$2,GB!$A$1:$AD$1,0)) -> 45 | R52: =INDEX(Notes!$A$36:$N$47,MATCH(Binning!$B52,Notes!$A$36:$A$47,0),MATCH(Notes!$M$35,Notes!$A$35:$N$35,0)) -> 7866 | T52: =INDEX(GB!$A$2:$AD$96,MATCH($C52,GB!$A$2:$A$96,0),MATCH(T$2,GB!$A$1:$AD$1,0)) -> 60 | U52: =INDEX(GB!$A$2:$AD$96,MATCH($C52,GB!$A$2:$A$96,0),MATCH(U$2,GB!$A$1:$AD$1,0)) -> 0 | V52: =INDEX(GB!$A$2:$AD$96,MATCH($C52,GB!$A$2:$A$96,0),MATCH(V$2,GB!$A$1:$AD$1,0)) -> 0 | W52: =INDEX(GB!$A$2:$AD$96,MATCH($C52,GB!$A$2:$A$96,0),MATCH(W$2,GB!$A$1:$AD$1,0)) -> 25 | X52: =INDEX(GB!$A$2:$AD$96,MATCH($C52,GB!$A$2:$A$96,0),MATCH(X$2,GB!$A$1:$AD$1,0)) -> 20 | Y52: 5 | Z52: 1250 | AA52: 400 | AF52: =AF51 -> 5 | AI52: =IF($BR52=1,BS52,"") | AJ52: =IF($BR52=1,BT52,"") | AK52: =IF($BR52=1,BU52,"") | AL52: =IF($BR52=1,BV52,"") | AM52: =IF($BR52=1,"YES","") | AT52: =B52 -> PCPU | AU52: =J52 -> 653.6 | AX52: =L52+N52 -> 830 | AY52: =M52+N52 -> 660 | AZ52: =INDEX(Notes!$A$36:$O$47,MATCH($B52,Notes!A$36:A$47,0),MATCH(AZ$2,Notes!A$35:O$35,0)) -> 594.18522 | BA52: =MAX(MIN(Y52*FLOOR((H52-I52*LOG10(AZ52))/Y52,1),L52),M52) -> 690 | BB52: =BA52+N52 -> 770 | BC52: =MAX(MIN(Y52*FLOOR((H52-I52*LOG10(J52))/Y52,1),L52),M52) -> 685 | BD52: =BC52+N52 -> 765 | BO52: =BO51 -> 653.6 | BP52: =IF(CODE(RIGHT($C52,1))<58,CODE(RIGHT($C52,1))-48,CODE(RIGHT($C52,1))-55) -> 5 | BQ52: =MID($D52,2,2) -> 2 | BR52: =IF(BR51="","",BR51) -> 0 | BS52: =IF(BS51="","",BS51) | BT52: =IF(BT51="","",BT51) | BU52: =IF(BU51="","",BU51) | BV52: =IF(BV51="","",BV51)
A53: TRUE | B53: PCPU | C53: MP005 | D53: =CONCATENATE("E",MID(D52,2,2)+1) -> E3 | E53: =1000000+BP53*1000+BQ53 -> 1005003 | F53: =CONCATENATE(C53,"_",D53) -> MP005_E3 | G53: Bin1 | H53: =H52-15 -> 970 | I53: =I52 -> 105 | J53: =INDEX(Notes!$A$36:$N$47,MATCH(Binning!$B53,Notes!$A$36:$A$47,0),MATCH(Notes!$K$35,Notes!$A$35:$N$35,0)) -> 653.6 | L53: =L52-10 -> 740 | M53: =M52 -> 580 | N53: =INDEX(GB!$A$2:$AD$96,MATCH($C53,GB!$A$2:$A$96,0),MATCH(N$2,GB!$A$1:$AD$1,0)) -> 80 | O53: =INDEX(GB!$A$2:$AD$96,MATCH($C53,GB!$A$2:$A$96,0),MATCH(O$2,GB!$A$1:$AD$1,0)) -> 40 | P53: =INDEX(GB!$A$2:$AD$96,MATCH($C53,GB!$A$2:$A$96,0),MATCH(P$2,GB!$A$1:$AD$1,0)) -> 50 | Q53: =INDEX(GB!$A$2:$AD$96,MATCH($C53,GB!$A$2:$A$96,0),MATCH(Q$2,GB!$A$1:$AD$1,0)) -> 45 | R53: =INDEX(Notes!$A$36:$N$47,MATCH(Binning!$B53,Notes!$A$36:$A$47,0),MATCH(Notes!$M$35,Notes!$A$35:$N$35,0)) -> 7866 | T53: =INDEX(GB!$A$2:$AD$96,MATCH($C53,GB!$A$2:$A$96,0),MATCH(T$2,GB!$A$1:$AD$1,0)) -> 60 | U53: =INDEX(GB!$A$2:$AD$96,MATCH($C53,GB!$A$2:$A$96,0),MATCH(U$2,GB!$A$1:$AD$1,0)) -> 0 | V53: =INDEX(GB!$A$2:$AD$96,MATCH($C53,GB!$A$2:$A$96,0),MATCH(V$2,GB!$A$1:$AD$1,0)) -> 0 | W53: =INDEX(GB!$A$2:$AD$96,MATCH($C53,GB!$A$2:$A$96,0),MATCH(W$2,GB!$A$1:$AD$1,0)) -> 25 | X53: =INDEX(GB!$A$2:$AD$96,MATCH($C53,GB!$A$2:$A$96,0),MATCH(X$2,GB!$A$1:$AD$1,0)) -> 20 | Y53: 5 | Z53: 1250 | AA53: 400 | AF53: =AF52 -> 5 | AI53: =IF($BR53=1,BS53,"") | AJ53: =IF($BR53=1,BT53,"") | AK53: =IF($BR53=1,BU53,"") | AL53: =IF($BR53=1,BV53,"") | AM53: =IF($BR53=1,"YES","") | AT53: =B53 -> PCPU | AU53: =J53 -> 653.6 | AX53: =L53+N53 -> 820 | AY53: =M53+N53 -> 660 | AZ53: =INDEX(Notes!$A$36:$O$47,MATCH($B53,Notes!A$36:A$47,0),MATCH(AZ$2,Notes!A$35:O$35,0)) -> 594.18522 | BA53: =MAX(MIN(Y53*FLOOR((H53-I53*LOG10(AZ53))/Y53,1),L53),M53) -> 675 | BB53: =BA53+N53 -> 755 | BC53: =MAX(MIN(Y53*FLOOR((H53-I53*LOG10(J53))/Y53,1),L53),M53) -> 670 | BD53: =BC53+N53 -> 750 | BO53: =BO52 -> 653.6 | BP53: =IF(CODE(RIGHT($C53,1))<58,CODE(RIGHT($C53,1))-48,CODE(RIGHT($C53,1))-55) -> 5 | BQ53: =MID($D53,2,2) -> 3 | BR53: =IF(BR52="","",BR52) -> 0 | BS53: =IF(BS52="","",BS52) | BT53: =IF(BT52="","",BT52) | BU53: =IF(BU52="","",BU52) | BV53: =IF(BV52="","",BV52)
A54: TRUE | B54: PCPU | C54: MP005 | D54: =CONCATENATE("E",MID(D53,2,2)+1) -> E4 | E54: =1000000+BP54*1000+BQ54 -> 1005004 | F54: =CONCATENATE(C54,"_",D54) -> MP005_E4 | G54: Bin1 | H54: =H53-15 -> 955 | I54: =I53 -> 105 | J54: =INDEX(Notes!$A$36:$N$47,MATCH(Binning!$B54,Notes!$A$36:$A$47,0),MATCH(Notes!$K$35,Notes!$A$35:$N$35,0)) -> 653.6 | L54: =L53 -> 740 | M54: =M53 -> 580 | N54: =INDEX(GB!$A$2:$AD$96,MATCH($C54,GB!$A$2:$A$96,0),MATCH(N$2,GB!$A$1:$AD$1,0)) -> 80 | O54: =INDEX(GB!$A$2:$AD$96,MATCH($C54,GB!$A$2:$A$96,0),MATCH(O$2,GB!$A$1:$AD$1,0)) -> 40 | P54: =INDEX(GB!$A$2:$AD$96,MATCH($C54,GB!$A$2:$A$96,0),MATCH(P$2,GB!$A$1:$AD$1,0)) -> 50 | Q54: =INDEX(GB!$A$2:$AD$96,MATCH($C54,GB!$A$2:$A$96,0),MATCH(Q$2,GB!$A$1:$AD$1,0)) -> 45 | R54: =INDEX(Notes!$A$36:$N$47,MATCH(Binning!$B54,Notes!$A$36:$A$47,0),MATCH(Notes!$M$35,Notes!$A$35:$N$35,0)) -> 7866 | T54: =INDEX(GB!$A$2:$AD$96,MATCH($C54,GB!$A$2:$A$96,0),MATCH(T$2,GB!$A$1:$AD$1,0)) -> 60 | U54: =INDEX(GB!$A$2:$AD$96,MATCH($C54,GB!$A$2:$A$96,0),MATCH(U$2,GB!$A$1:$AD$1,0)) -> 0 | V54: =INDEX(GB!$A$2:$AD$96,MATCH($C54,GB!$A$2:$A$96,0),MATCH(V$2,GB!$A$1:$AD$1,0)) -> 0 | W54: =INDEX(GB!$A$2:$AD$96,MATCH($C54,GB!$A$2:$A$96,0),MATCH(W$2,GB!$A$1:$AD$1,0)) -> 25 | X54: =INDEX(GB!$A$2:$AD$96,MATCH($C54,GB!$A$2:$A$96,0),MATCH(X$2,GB!$A$1:$AD$1,0)) -> 20 | Y54: 5 | Z54: 1250 | AA54: 400 | AF54: =AF53 -> 5 | AI54: =IF($BR54=1,BS54,"") | AJ54: =IF($BR54=1,BT54,"") | AK54: =IF($BR54=1,BU54,"") | AL54: =IF($BR54=1,BV54,"") | AM54: =IF($BR54=1,"YES","") | AT54: =B54 -> PCPU | AU54: =J54 -> 653.6 | AX54: =L54+N54 -> 820 | AY54: =M54+N54 -> 660 | AZ54: =INDEX(Notes!$A$36:$O$47,MATCH($B54,Notes!A$36:A$47,0),MATCH(AZ$2,Notes!A$35:O$35,0)) -> 594.18522 | BA54: =MAX(MIN(Y54*FLOOR((H54-I54*LOG10(AZ54))/Y54,1),L54),M54) -> 660 | BB54: =BA54+N54 -> 740 | BC54: =MAX(MIN(Y54*FLOOR((H54-I54*LOG10(J54))/Y54,1),L54),M54) -> 655 | BD54: =BC54+N54 -> 735 | BO54: =BO53 -> 653.6 | BP54: =IF(CODE(RIGHT($C54,1))<58,CODE(RIGHT($C54,1))-48,CODE(RIGHT($C54,1))-55) -> 5 | BQ54: =MID($D54,2,2) -> 4 | BR54: =IF(BR53="","",BR53) -> 0 | BS54: =IF(BS53="","",BS53) | BT54: =IF(BT53="","",BT53) | BU54: =IF(BU53="","",BU53) | BV54: =IF(BV53="","",BV53)
A55: TRUE | B55: PCPU | C55: MP005 | D55: =CONCATENATE("E",MID(D54,2,2)+1) -> E5 | E55: =1000000+BP55*1000+BQ55 -> 1005005 | F55: =CONCATENATE(C55,"_",D55) -> MP005_E5 | G55: Bin1 | H55: =H54-15 -> 940 | I55: =I54 -> 105 | J55: =INDEX(Notes!$A$36:$N$47,MATCH(Binning!$B55,Notes!$A$36:$A$47,0),MATCH(Notes!$K$35,Notes!$A$35:$N$35,0)) -> 653.6 | L55: =L54 -> 740 | M55: =M54 -> 580 | N55: =INDEX(GB!$A$2:$AD$96,MATCH($C55,GB!$A$2:$A$96,0),MATCH(N$2,GB!$A$1:$AD$1,0)) -> 80 | O55: =INDEX(GB!$A$2:$AD$96,MATCH($C55,GB!$A$2:$A$96,0),MATCH(O$2,GB!$A$1:$AD$1,0)) -> 40 | P55: =INDEX(GB!$A$2:$AD$96,MATCH($C55,GB!$A$2:$A$96,0),MATCH(P$2,GB!$A$1:$AD$1,0)) -> 50 | Q55: =INDEX(GB!$A$2:$AD$96,MATCH($C55,GB!$A$2:$A$96,0),MATCH(Q$2,GB!$A$1:$AD$1,0)) -> 45 | R55: =INDEX(Notes!$A$36:$N$47,MATCH(Binning!$B55,Notes!$A$36:$A$47,0),MATCH(Notes!$M$35,Notes!$A$35:$N$35,0)) -> 7866 | T55: =INDEX(GB!$A$2:$AD$96,MATCH($C55,GB!$A$2:$A$96,0),MATCH(T$2,GB!$A$1:$AD$1,0)) -> 60 | U55: =INDEX(GB!$A$2:$AD$96,MATCH($C55,GB!$A$2:$A$96,0),MATCH(U$2,GB!$A$1:$AD$1,0)) -> 0 | V55: =INDEX(GB!$A$2:$AD$96,MATCH($C55,GB!$A$2:$A$96,0),MATCH(V$2,GB!$A$1:$AD$1,0)) -> 0 | W55: =INDEX(GB!$A$2:$AD$96,MATCH($C55,GB!$A$2:$A$96,0),MATCH(W$2,GB!$A$1:$AD$1,0)) -> 25 | X55: =INDEX(GB!$A$2:$AD$96,MATCH($C55,GB!$A$2:$A$96,0),MATCH(X$2,GB!$A$1:$AD$1,0)) -> 20 | Y55: 5 | Z55: 1250 | AA55: 400 | AF55: =AF54 -> 5 | AI55: =IF($BR55=1,BS55,"") | AJ55: =IF($BR55=1,BT55,"") | AK55: =IF($BR55=1,BU55,"") | AL55: =IF($BR55=1,BV55,"") | AM55: =IF($BR55=1,"YES","") | AT55: =B55 -> PCPU | AU55: =J55 -> 653.6 | AX55: =L55+N55 -> 820 | AY55: =M55+N55 -> 660 | AZ55: =INDEX(Notes!$A$36:$O$47,MATCH($B55,Notes!A$36:A$47,0),MATCH(AZ$2,Notes!A$35:O$35,0)) -> 594.18522 | BA55: =MAX(MIN(Y55*FLOOR((H55-I55*LOG10(AZ55))/Y55,1),L55),M55) -> 645 | BB55: =BA55+N55 -> 725 | BC55: =MAX(MIN(Y55*FLOOR((H55-I55*LOG10(J55))/Y55,1),L55),M55) -> 640 | BD55: =BC55+N55 -> 720 | BO55: =BO54 -> 653.6 | BP55: =IF(CODE(RIGHT($C55,1))<58,CODE(RIGHT($C55,1))-48,CODE(RIGHT($C55,1))-55) -> 5 | BQ55: =MID($D55,2,2) -> 5 | BR55: =IF(BR54="","",BR54) -> 0 | BS55: =IF(BS54="","",BS54) | BT55: =IF(BT54="","",BT54) | BU55: =IF(BU54="","",BU54) | BV55: =IF(BV54="","",BV54)
A56: TRUE | B56: PCPU | C56: MP005 | D56: =CONCATENATE("E",MID(D55,2,2)+1) -> E6 | E56: =1000000+BP56*1000+BQ56 -> 1005006 | F56: =CONCATENATE(C56,"_",D56) -> MP005_E6 | G56: Bin1 | H56: =H55-15 -> 925 | I56: =I55 -> 105 | J56: =INDEX(Notes!$A$36:$N$47,MATCH(Binning!$B56,Notes!$A$36:$A$47,0),MATCH(Notes!$K$35,Notes!$A$35:$N$35,0)) -> 653.6 | L56: =L55 -> 740 | M56: =M55 -> 580 | N56: =INDEX(GB!$A$2:$AD$96,MATCH($C56,GB!$A$2:$A$96,0),MATCH(N$2,GB!$A$1:$AD$1,0)) -> 80 | O56: =INDEX(GB!$A$2:$AD$96,MATCH($C56,GB!$A$2:$A$96,0),MATCH(O$2,GB!$A$1:$AD$1,0)) -> 40 | P56: =INDEX(GB!$A$2:$AD$96,MATCH($C56,GB!$A$2:$A$96,0),MATCH(P$2,GB!$A$1:$AD$1,0)) -> 50 | Q56: =INDEX(GB!$A$2:$AD$96,MATCH($C56,GB!$A$2:$A$96,0),MATCH(Q$2,GB!$A$1:$AD$1,0)) -> 45 | R56: =INDEX(Notes!$A$36:$N$47,MATCH(Binning!$B56,Notes!$A$36:$A$47,0),MATCH(Notes!$M$35,Notes!$A$35:$N$35,0)) -> 7866 | T56: =INDEX(GB!$A$2:$AD$96,MATCH($C56,GB!$A$2:$A$96,0),MATCH(T$2,GB!$A$1:$AD$1,0)) -> 60 | U56: =INDEX(GB!$A$2:$AD$96,MATCH($C56,GB!$A$2:$A$96,0),MATCH(U$2,GB!$A$1:$AD$1,0)) -> 0 | V56: =INDEX(GB!$A$2:$AD$96,MATCH($C56,GB!$A$2:$A$96,0),MATCH(V$2,GB!$A$1:$AD$1,0)) -> 0 | W56: =INDEX(GB!$A$2:$AD$96,MATCH($C56,GB!$A$2:$A$96,0),MATCH(W$2,GB!$A$1:$AD$1,0)) -> 25 | X56: =INDEX(GB!$A$2:$AD$96,MATCH($C56,GB!$A$2:$A$96,0),MATCH(X$2,GB!$A$1:$AD$1,0)) -> 20 | Y56: 5 | Z56: 1250 | AA56: 400 | AF56: =AF55 -> 5 | AI56: =IF($BR56=1,BS56,"") | AJ56: =IF($BR56=1,BT56,"") | AK56: =IF($BR56=1,BU56,"") | AL56: =IF($BR56=1,BV56,"") | AM56: =IF($BR56=1,"YES","") | AT56: =B56 -> PCPU | AU56: =J56 -> 653.6 | AX56: =L56+N56 -> 820 | AY56: =M56+N56 -> 660 | AZ56: =INDEX(Notes!$A$36:$O$47,MATCH($B56,Notes!A$36:A$47,0),MATCH(AZ$2,Notes!A$35:O$35,0)) -> 594.18522 | BA56: =MAX(MIN(Y56*FLOOR((H56-I56*LOG10(AZ56))/Y56,1),L56),M56) -> 630 | BB56: =BA56+N56 -> 710 | BC56: =MAX(MIN(Y56*FLOOR((H56-I56*LOG10(J56))/Y56,1),L56),M56) -> 625 | BD56: =BC56+N56 -> 705 | BO56: =BO55 -> 653.6 | BP56: =IF(CODE(RIGHT($C56,1))<58,CODE(RIGHT($C56,1))-48,CODE(RIGHT($C56,1))-55) -> 5 | BQ56: =MID($D56,2,2) -> 6 | BR56: =IF(BR55="","",BR55) -> 0 | BS56: =IF(BS55="","",BS55) | BT56: =IF(BT55="","",BT55) | BU56: =IF(BU55="","",BU55) | BV56: =IF(BV55="","",BV55)
A57: TRUE | B57: PCPU | C57: MP005 | D57: =CONCATENATE("E",MID(D56,2,2)+1) -> E7 | E57: =1000000+BP57*1000+BQ57 -> 1005007 | F57: =CONCATENATE(C57,"_",D57) -> MP005_E7 | G57: Bin1 | H57: =H56-15 -> 910 | I57: =I56 -> 105 | J57: =INDEX(Notes!$A$36:$N$47,MATCH(Binning!$B57,Notes!$A$36:$A$47,0),MATCH(Notes!$K$35,Notes!$A$35:$N$35,0)) -> 653.6 | L57: =L56 -> 740 | M57: =M56 -> 580 | N57: =INDEX(GB!$A$2:$AD$96,MATCH($C57,GB!$A$2:$A$96,0),MATCH(N$2,GB!$A$1:$AD$1,0)) -> 80 | O57: =INDEX(GB!$A$2:$AD$96,MATCH($C57,GB!$A$2:$A$96,0),MATCH(O$2,GB!$A$1:$AD$1,0)) -> 40 | P57: =INDEX(GB!$A$2:$AD$96,MATCH($C57,GB!$A$2:$A$96,0),MATCH(P$2,GB!$A$1:$AD$1,0)) -> 50 | Q57: =INDEX(GB!$A$2:$AD$96,MATCH($C57,GB!$A$2:$A$96,0),MATCH(Q$2,GB!$A$1:$AD$1,0)) -> 45 | R57: =INDEX(Notes!$A$36:$N$47,MATCH(Binning!$B57,Notes!$A$36:$A$47,0),MATCH(Notes!$M$35,Notes!$A$35:$N$35,0)) -> 7866 | T57: =INDEX(GB!$A$2:$AD$96,MATCH($C57,GB!$A$2:$A$96,0),MATCH(T$2,GB!$A$1:$AD$1,0)) -> 60 | U57: =INDEX(GB!$A$2:$AD$96,MATCH($C57,GB!$A$2:$A$96,0),MATCH(U$2,GB!$A$1:$AD$1,0)) -> 0 | V57: =INDEX(GB!$A$2:$AD$96,MATCH($C57,GB!$A$2:$A$96,0),MATCH(V$2,GB!$A$1:$AD$1,0)) -> 0 | W57: =INDEX(GB!$A$2:$AD$96,MATCH($C57,GB!$A$2:$A$96,0),MATCH(W$2,GB!$A$1:$AD$1,0)) -> 25 | X57: =INDEX(GB!$A$2:$AD$96,MATCH($C57,GB!$A$2:$A$96,0),MATCH(X$2,GB!$A$1:$AD$1,0)) -> 20 | Y57: 5 | Z57: 1250 | AA57: 400 | AF57: =AF56 -> 5 | AI57: =IF($BR57=1,BS57,"") | AJ57: =IF($BR57=1,BT57,"") | AK57: =IF($BR57=1,BU57,"") | AL57: =IF($BR57=1,BV57,"") | AM57: =IF($BR57=1,"YES","") | AT57: =B57 -> PCPU | AU57: =J57 -> 653.6 | AX57: =L57+N57 -> 820 | AY57: =M57+N57 -> 660 | AZ57: =INDEX(Notes!$A$36:$O$47,MATCH($B57,Notes!A$36:A$47,0),MATCH(AZ$2,Notes!A$35:O$35,0)) -> 594.18522 | BA57: =MAX(MIN(Y57*FLOOR((H57-I57*LOG10(AZ57))/Y57,1),L57),M57) -> 615 | BB57: =BA57+N57 -> 695 | BC57: =MAX(MIN(Y57*FLOOR((H57-I57*LOG10(J57))/Y57,1),L57),M57) -> 610 | BD57: =BC57+N57 -> 690 | BO57: =BO56 -> 653.6 | BP57: =IF(CODE(RIGHT($C57,1))<58,CODE(RIGHT($C57,1))-48,CODE(RIGHT($C57,1))-55) -> 5 | BQ57: =MID($D57,2,2) -> 7 | BR57: =IF(BR56="","",BR56) -> 0 | BS57: =IF(BS56="","",BS56) | BT57: =IF(BT56="","",BT56) | BU57: =IF(BU56="","",BU56) | BV57: =IF(BV56="","",BV56)
A58: TRUE | B58: PCPU | C58: MP005 | D58: =CONCATENATE("E",MID(D57,2,2)+1) -> E8 | E58: =1000000+BP58*1000+BQ58 -> 1005008 | F58: =CONCATENATE(C58,"_",D58) -> MP005_E8 | G58: Bin1 | H58: =H57-15 -> 895 | I58: =I57 -> 105 | J58: =INDEX(Notes!$A$36:$N$47,MATCH(Binning!$B58,Notes!$A$36:$A$47,0),MATCH(Notes!$K$35,Notes!$A$35:$N$35,0)) -> 653.6 | L58: =L57 -> 740 | M58: =M57 -> 580 | N58: =INDEX(GB!$A$2:$AD$96,MATCH($C58,GB!$A$2:$A$96,0),MATCH(N$2,GB!$A$1:$AD$1,0)) -> 80 | O58: =INDEX(GB!$A$2:$AD$96,MATCH($C58,GB!$A$2:$A$96,0),MATCH(O$2,GB!$A$1:$AD$1,0)) -> 40 | P58: =INDEX(GB!$A$2:$AD$96,MATCH($C58,GB!$A$2:$A$96,0),MATCH(P$2,GB!$A$1:$AD$1,0)) -> 50 | Q58: =INDEX(GB!$A$2:$AD$96,MATCH($C58,GB!$A$2:$A$96,0),MATCH(Q$2,GB!$A$1:$AD$1,0)) -> 45 | R58: =INDEX(Notes!$A$36:$N$47,MATCH(Binning!$B58,Notes!$A$36:$A$47,0),MATCH(Notes!$M$35,Notes!$A$35:$N$35,0)) -> 7866 | T58: =INDEX(GB!$A$2:$AD$96,MATCH($C58,GB!$A$2:$A$96,0),MATCH(T$2,GB!$A$1:$AD$1,0)) -> 60 | U58: =INDEX(GB!$A$2:$AD$96,MATCH($C58,GB!$A$2:$A$96,0),MATCH(U$2,GB!$A$1:$AD$1,0)) -> 0 | V58: =INDEX(GB!$A$2:$AD$96,MATCH($C58,GB!$A$2:$A$96,0),MATCH(V$2,GB!$A$1:$AD$1,0)) -> 0 | W58: =INDEX(GB!$A$2:$AD$96,MATCH($C58,GB!$A$2:$A$96,0),MATCH(W$2,GB!$A$1:$AD$1,0)) -> 25 | X58: =INDEX(GB!$A$2:$AD$96,MATCH($C58,GB!$A$2:$A$96,0),MATCH(X$2,GB!$A$1:$AD$1,0)) -> 20 | Y58: 5 | Z58: 1250 | AA58: 400 | AF58: =AF57 -> 5 | AI58: =IF($BR58=1,BS58,"") | AJ58: =IF($BR58=1,BT58,"") | AK58: =IF($BR58=1,BU58,"") | AL58: =IF($BR58=1,BV58,"") | AM58: =IF($BR58=1,"YES","") | AT58: =B58 -> PCPU | AU58: =J58 -> 653.6 | AX58: =L58+N58 -> 820 | AY58: =M58+N58 -> 660 | AZ58: =INDEX(Notes!$A$36:$O$47,MATCH($B58,Notes!A$36:A$47,0),MATCH(AZ$2,Notes!A$35:O$35,0)) -> 594.18522 | BA58: =MAX(MIN(Y58*FLOOR((H58-I58*LOG10(AZ58))/Y58,1),L58),M58) -> 600 | BB58: =BA58+N58 -> 680 | BC58: =MAX(MIN(Y58*FLOOR((H58-I58*LOG10(J58))/Y58,1),L58),M58) -> 595 | BD58: =BC58+N58 -> 675 | BO58: =BO57 -> 653.6 | BP58: =IF(CODE(RIGHT($C58,1))<58,CODE(RIGHT($C58,1))-48,CODE(RIGHT($C58,1))-55) -> 5 | BQ58: =MID($D58,2,2) -> 8 | BR58: =IF(BR57="","",BR57) -> 0 | BS58: =IF(BS57="","",BS57) | BT58: =IF(BT57="","",BT57) | BU58: =IF(BU57="","",BU57) | BV58: =IF(BV57="","",BV57)
A59: TRUE | B59: PCPU | C59: MP005 | D59: =CONCATENATE("E",MID(D58,2,2)+1) -> E9 | E59: =1000000+BP59*1000+BQ59 -> 1005009 | F59: =CONCATENATE(C59,"_",D59) -> MP005_E9 | G59: Bin1 | H59: =H58-15 -> 880 | I59: =I58 -> 105 | J59: =INDEX(Notes!$A$36:$N$47,MATCH(Binning!$B59,Notes!$A$36:$A$47,0),MATCH(Notes!$K$35,Notes!$A$35:$N$35,0)) -> 653.6 | L59: =L58 -> 740 | M59: =M58 -> 580 | N59: =INDEX(GB!$A$2:$AD$96,MATCH($C59,GB!$A$2:$A$96,0),MATCH(N$2,GB!$A$1:$AD$1,0)) -> 80 | O59: =INDEX(GB!$A$2:$AD$96,MATCH($C59,GB!$A$2:$A$96,0),MATCH(O$2,GB!$A$1:$AD$1,0)) -> 40 | P59: =INDEX(GB!$A$2:$AD$96,MATCH($C59,GB!$A$2:$A$96,0),MATCH(P$2,GB!$A$1:$AD$1,0)) -> 50 | Q59: =INDEX(GB!$A$2:$AD$96,MATCH($C59,GB!$A$2:$A$96,0),MATCH(Q$2,GB!$A$1:$AD$1,0)) -> 45 | R59: =INDEX(Notes!$A$36:$N$47,MATCH(Binning!$B59,Notes!$A$36:$A$47,0),MATCH(Notes!$M$35,Notes!$A$35:$N$35,0)) -> 7866 | T59: =INDEX(GB!$A$2:$AD$96,MATCH($C59,GB!$A$2:$A$96,0),MATCH(T$2,GB!$A$1:$AD$1,0)) -> 60 | U59: =INDEX(GB!$A$2:$AD$96,MATCH($C59,GB!$A$2:$A$96,0),MATCH(U$2,GB!$A$1:$AD$1,0)) -> 0 | V59: =INDEX(GB!$A$2:$AD$96,MATCH($C59,GB!$A$2:$A$96,0),MATCH(V$2,GB!$A$1:$AD$1,0)) -> 0 | W59: =INDEX(GB!$A$2:$AD$96,MATCH($C59,GB!$A$2:$A$96,0),MATCH(W$2,GB!$A$1:$AD$1,0)) -> 25 | X59: =INDEX(GB!$A$2:$AD$96,MATCH($C59,GB!$A$2:$A$96,0),MATCH(X$2,GB!$A$1:$AD$1,0)) -> 20 | Y59: 5 | Z59: 1250 | AA59: 400 | AF59: =AF58 -> 5 | AI59: =IF($BR59=1,BS59,"") | AJ59: =IF($BR59=1,BT59,"") | AK59: =IF($BR59=1,BU59,"") | AL59: =IF($BR59=1,BV59,"") | AM59: =IF($BR59=1,"YES","") | AT59: =B59 -> PCPU | AU59: =J59 -> 653.6 | AX59: =L59+N59 -> 820 | AY59: =M59+N59 -> 660 | AZ59: =INDEX(Notes!$A$36:$O$47,MATCH($B59,Notes!A$36:A$47,0),MATCH(AZ$2,Notes!A$35:O$35,0)) -> 594.18522 | BA59: =MAX(MIN(Y59*FLOOR((H59-I59*LOG10(AZ59))/Y59,1),L59),M59) -> 585 | BB59: =BA59+N59 -> 665 | BC59: =MAX(MIN(Y59*FLOOR((H59-I59*LOG10(J59))/Y59,1),L59),M59) -> 580 | BD59: =BC59+N59 -> 660 | BO59: =BO58 -> 653.6 | BP59: =IF(CODE(RIGHT($C59,1))<58,CODE(RIGHT($C59,1))-48,CODE(RIGHT($C59,1))-55) -> 5 | BQ59: =MID($D59,2,2) -> 9 | BR59: =IF(BR58="","",BR58) -> 0 | BS59: =IF(BS58="","",BS58) | BT59: =IF(BT58="","",BT58) | BU59: =IF(BU58="","",BU58) | BV59: =IF(BV58="","",BV58)
A60: TRUE | B60: PCPU | C60: MP005 | D60: =CONCATENATE("E",MID(D59,2,2)+1) -> E10 | E60: =1000000+BP60*1000+BQ60 -> 1005010 | F60: =CONCATENATE(C60,"_",D60) -> MP005_E10 | G60: Bin1 | H60: =H59-15 -> 865 | I60: =I59 -> 105 | J60: =INDEX(Notes!$A$36:$N$47,MATCH(Binning!$B60,Notes!$A$36:$A$47,0),MATCH(Notes!$K$35,Notes!$A$35:$N$35,0)) -> 653.6 | L60: =L59 -> 740 | M60: =M59 -> 580 | N60: =INDEX(GB!$A$2:$AD$96,MATCH($C60,GB!$A$2:$A$96,0),MATCH(N$2,GB!$A$1:$AD$1,0)) -> 80 | O60: =INDEX(GB!$A$2:$AD$96,MATCH($C60,GB!$A$2:$A$96,0),MATCH(O$2,GB!$A$1:$AD$1,0)) -> 40 | P60: =INDEX(GB!$A$2:$AD$96,MATCH($C60,GB!$A$2:$A$96,0),MATCH(P$2,GB!$A$1:$AD$1,0)) -> 50 | Q60: =INDEX(GB!$A$2:$AD$96,MATCH($C60,GB!$A$2:$A$96,0),MATCH(Q$2,GB!$A$1:$AD$1,0)) -> 45 | R60: =INDEX(Notes!$A$36:$N$47,MATCH(Binning!$B60,Notes!$A$36:$A$47,0),MATCH(Notes!$M$35,Notes!$A$35:$N$35,0)) -> 7866 | T60: =INDEX(GB!$A$2:$AD$96,MATCH($C60,GB!$A$2:$A$96,0),MATCH(T$2,GB!$A$1:$AD$1,0)) -> 60 | U60: =INDEX(GB!$A$2:$AD$96,MATCH($C60,GB!$A$2:$A$96,0),MATCH(U$2,GB!$A$1:$AD$1,0)) -> 0 | V60: =INDEX(GB!$A$2:$AD$96,MATCH($C60,GB!$A$2:$A$96,0),MATCH(V$2,GB!$A$1:$AD$1,0)) -> 0 | W60: =INDEX(GB!$A$2:$AD$96,MATCH($C60,GB!$A$2:$A$96,0),MATCH(W$2,GB!$A$1:$AD$1,0)) -> 25 | X60: =INDEX(GB!$A$2:$AD$96,MATCH($C60,GB!$A$2:$A$96,0),MATCH(X$2,GB!$A$1:$AD$1,0)) -> 20 | Y60: 5 | Z60: 1250 | AA60: 400 | AF60: =AF59 -> 5 | AI60: =IF($BR60=1,BS60,"") | AJ60: =IF($BR60=1,BT60,"") | AK60: =IF($BR60=1,BU60,"") | AL60: =IF($BR60=1,BV60,"") | AM60: =IF($BR60=1,"YES","") | AT60: =B60 -> PCPU | AU60: =J60 -> 653.6 | AX60: =L60+N60 -> 820 | AY60: =M60+N60 -> 660 | AZ60: =INDEX(Notes!$A$36:$O$47,MATCH($B60,Notes!A$36:A$47,0),MATCH(AZ$2,Notes!A$35:O$35,0)) -> 594.18522 | BA60: =MAX(MIN(Y60*FLOOR((H60-I60*LOG10(AZ60))/Y60,1),L60),M60) -> 580 | BB60: =BA60+N60 -> 660 | BC60: =MAX(MIN(Y60*FLOOR((H60-I60*LOG10(J60))/Y60,1),L60),M60) -> 580 | BD60: =BC60+N60 -> 660 | BO60: =BO59 -> 653.6 | BP60: =IF(CODE(RIGHT($C60,1))<58,CODE(RIGHT($C60,1))-48,CODE(RIGHT($C60,1))-55) -> 5 | BQ60: =MID($D60,2,2) -> 10 | BR60: =IF(BR59="","",BR59) -> 0 | BS60: =IF(BS59="","",BS59) | BT60: =IF(BT59="","",BT59) | BU60: =IF(BU59="","",BU59) | BV60: =IF(BV59="","",BV59)
A61: TRUE | B61: PCPU | C61: MP005 | D61: =CONCATENATE("E",MID(D60,2,2)+1) -> E11 | E61: =1000000+BP61*1000+BQ61 -> 1005011 | F61: =CONCATENATE(C61,"_",D61) -> MP005_E11 | G61: Bin1 | H61: =H60-15 -> 850 | I61: =I60 -> 105 | J61: =INDEX(Notes!$A$36:$N$47,MATCH(Binning!$B61,Notes!$A$36:$A$47,0),MATCH(Notes!$K$35,Notes!$A$35:$N$35,0)) -> 653.6 | L61: =L60 -> 740 | M61: =M60 -> 580 | N61: =INDEX(GB!$A$2:$AD$96,MATCH($C61,GB!$A$2:$A$96,0),MATCH(N$2,GB!$A$1:$AD$1,0)) -> 80 | O61: =INDEX(GB!$A$2:$AD$96,MATCH($C61,GB!$A$2:$A$96,0),MATCH(O$2,GB!$A$1:$AD$1,0)) -> 40 | P61: =INDEX(GB!$A$2:$AD$96,MATCH($C61,GB!$A$2:$A$96,0),MATCH(P$2,GB!$A$1:$AD$1,0)) -> 50 | Q61: =INDEX(GB!$A$2:$AD$96,MATCH($C61,GB!$A$2:$A$96,0),MATCH(Q$2,GB!$A$1:$AD$1,0)) -> 45 | R61: =INDEX(Notes!$A$36:$N$47,MATCH(Binning!$B61,Notes!$A$36:$A$47,0),MATCH(Notes!$M$35,Notes!$A$35:$N$35,0)) -> 7866 | T61: =INDEX(GB!$A$2:$AD$96,MATCH($C61,GB!$A$2:$A$96,0),MATCH(T$2,GB!$A$1:$AD$1,0)) -> 60 | U61: =INDEX(GB!$A$2:$AD$96,MATCH($C61,GB!$A$2:$A$96,0),MATCH(U$2,GB!$A$1:$AD$1,0)) -> 0 | V61: =INDEX(GB!$A$2:$AD$96,MATCH($C61,GB!$A$2:$A$96,0),MATCH(V$2,GB!$A$1:$AD$1,0)) -> 0 | W61: =INDEX(GB!$A$2:$AD$96,MATCH($C61,GB!$A$2:$A$96,0),MATCH(W$2,GB!$A$1:$AD$1,0)) -> 25 | X61: =INDEX(GB!$A$2:$AD$96,MATCH($C61,GB!$A$2:$A$96,0),MATCH(X$2,GB!$A$1:$AD$1,0)) -> 20 | Y61: 5 | Z61: 1250 | AA61: 400 | AF61: =AF60 -> 5 | AI61: =IF($BR61=1,BS61,"") | AJ61: =IF($BR61=1,BT61,"") | AK61: =IF($BR61=1,BU61,"") | AL61: =IF($BR61=1,BV61,"") | AM61: =IF($BR61=1,"YES","") | AT61: =B61 -> PCPU | AU61: =J61 -> 653.6 | AX61: =L61+N61 -> 820 | AY61: =M61+N61 -> 660 | AZ61: =INDEX(Notes!$A$36:$O$47,MATCH($B61,Notes!A$36:A$47,0),MATCH(AZ$2,Notes!A$35:O$35,0)) -> 594.18522 | BA61: =MAX(MIN(Y61*FLOOR((H61-I61*LOG10(AZ61))/Y61,1),L61),M61) -> 580 | BB61: =BA61+N61 -> 660 | BC61: =MAX(MIN(Y61*FLOOR((H61-I61*LOG10(J61))/Y61,1),L61),M61) -> 580 | BD61: =BC61+N61 -> 660 | BO61: =BO60 -> 653.6 | BP61: =IF(CODE(RIGHT($C61,1))<58,CODE(RIGHT($C61,1))-48,CODE(RIGHT($C61,1))-55) -> 5 | BQ61: =MID($D61,2,2) -> 11 | BR61: =IF(BR60="","",BR60) -> 0 | BS61: =IF(BS60="","",BS60) | BT61: =IF(BT60="","",BT60) | BU61: =IF(BU60="","",BU60) | BV61: =IF(BV60="","",BV60)
A62: TRUE | B62: PCPU | C62: MP005 | D62: =CONCATENATE("E",MID(D61,2,2)+1) -> E12 | E62: =1000000+BP62*1000+BQ62 -> 1005012 | F62: =CONCATENATE(C62,"_",D62) -> MP005_E12 | G62: Bin1 | H62: =H61-15 -> 835 | I62: =I61 -> 105 | J62: =INDEX(Notes!$A$36:$N$47,MATCH(Binning!$B62,Notes!$A$36:$A$47,0),MATCH(Notes!$K$35,Notes!$A$35:$N$35,0)) -> 653.6 | L62: =L61 -> 740 | M62: =M61 -> 580 | N62: =INDEX(GB!$A$2:$AD$96,MATCH($C62,GB!$A$2:$A$96,0),MATCH(N$2,GB!$A$1:$AD$1,0)) -> 80 | O62: =INDEX(GB!$A$2:$AD$96,MATCH($C62,GB!$A$2:$A$96,0),MATCH(O$2,GB!$A$1:$AD$1,0)) -> 40 | P62: =INDEX(GB!$A$2:$AD$96,MATCH($C62,GB!$A$2:$A$96,0),MATCH(P$2,GB!$A$1:$AD$1,0)) -> 50 | Q62: =INDEX(GB!$A$2:$AD$96,MATCH($C62,GB!$A$2:$A$96,0),MATCH(Q$2,GB!$A$1:$AD$1,0)) -> 45 | R62: =INDEX(Notes!$A$36:$N$47,MATCH(Binning!$B62,Notes!$A$36:$A$47,0),MATCH(Notes!$M$35,Notes!$A$35:$N$35,0)) -> 7866 | T62: =INDEX(GB!$A$2:$AD$96,MATCH($C62,GB!$A$2:$A$96,0),MATCH(T$2,GB!$A$1:$AD$1,0)) -> 60 | U62: =INDEX(GB!$A$2:$AD$96,MATCH($C62,GB!$A$2:$A$96,0),MATCH(U$2,GB!$A$1:$AD$1,0)) -> 0 | V62: =INDEX(GB!$A$2:$AD$96,MATCH($C62,GB!$A$2:$A$96,0),MATCH(V$2,GB!$A$1:$AD$1,0)) -> 0 | W62: =INDEX(GB!$A$2:$AD$96,MATCH($C62,GB!$A$2:$A$96,0),MATCH(W$2,GB!$A$1:$AD$1,0)) -> 25 | X62: =INDEX(GB!$A$2:$AD$96,MATCH($C62,GB!$A$2:$A$96,0),MATCH(X$2,GB!$A$1:$AD$1,0)) -> 20 | Y62: 5 | Z62: 1250 | AA62: 400 | AF62: =AF61 -> 5 | AI62: =IF($BR62=1,BS62,"") | AJ62: =IF($BR62=1,BT62,"") | AK62: =IF($BR62=1,BU62,"") | AL62: =IF($BR62=1,BV62,"") | AM62: =IF($BR62=1,"YES","") | AT62: =B62 -> PCPU | AU62: =J62 -> 653.6 | AX62: =L62+N62 -> 820 | AY62: =M62+N62 -> 660 | AZ62: =INDEX(Notes!$A$36:$O$47,MATCH($B62,Notes!A$36:A$47,0),MATCH(AZ$2,Notes!A$35:O$35,0)) -> 594.18522 | BA62: =MAX(MIN(Y62*FLOOR((H62-I62*LOG10(AZ62))/Y62,1),L62),M62) -> 580 | BB62: =BA62+N62 -> 660 | BC62: =MAX(MIN(Y62*FLOOR((H62-I62*LOG10(J62))/Y62,1),L62),M62) -> 580 | BD62: =BC62+N62 -> 660 | BO62: =BO61 -> 653.6 | BP62: =IF(CODE(RIGHT($C62,1))<58,CODE(RIGHT($C62,1))-48,CODE(RIGHT($C62,1))-55) -> 5 | BQ62: =MID($D62,2,2) -> 12 | BR62: =IF(BR61="","",BR61) -> 0 | BS62: =IF(BS61="","",BS61) | BT62: =IF(BT61="","",BT61) | BU62: =IF(BU61="","",BU61) | BV62: =IF(BV61="","",BV61)
A63: TRUE | B63: PCPU | C63: MP006 | D63: E1 | E63: =1000000+BP63*1000+BQ63 -> 1006001 | F63: =CONCATENATE(C63,"_",D63) -> MP006_E1 | G63: Bin1 | H63: =VLOOKUP(C63,BinningParamNotes!A:D,3,0) -> 1045 | I63: =VLOOKUP(C63,BinningParamNotes!A:D,2,0) -> 110 | J63: =INDEX(Notes!$A$36:$N$47,MATCH(Binning!$B63,Notes!$A$36:$A$47,0),MATCH(Notes!$K$35,Notes!$A$35:$N$35,0)) -> 653.6 | L63: =VLOOKUP(C63,BinningParamNotes!A:D,4,0) -> 790 | M63: 605 | N63: =INDEX(GB!$A$2:$AD$96,MATCH($C63,GB!$A$2:$A$96,0),MATCH(N$2,GB!$A$1:$AD$1,0)) -> 85 | O63: =INDEX(GB!$A$2:$AD$96,MATCH($C63,GB!$A$2:$A$96,0),MATCH(O$2,GB!$A$1:$AD$1,0)) -> 40 | P63: =INDEX(GB!$A$2:$AD$96,MATCH($C63,GB!$A$2:$A$96,0),MATCH(P$2,GB!$A$1:$AD$1,0)) -> 55 | Q63: =INDEX(GB!$A$2:$AD$96,MATCH($C63,GB!$A$2:$A$96,0),MATCH(Q$2,GB!$A$1:$AD$1,0)) -> 65 | R63: =INDEX(Notes!$A$36:$N$47,MATCH(Binning!$B63,Notes!$A$36:$A$47,0),MATCH(Notes!$M$35,Notes!$A$35:$N$35,0)) -> 7866 | T63: =INDEX(GB!$A$2:$AD$96,MATCH($C63,GB!$A$2:$A$96,0),MATCH(T$2,GB!$A$1:$AD$1,0)) -> 50 | U63: =INDEX(GB!$A$2:$AD$96,MATCH($C63,GB!$A$2:$A$96,0),MATCH(U$2,GB!$A$1:$AD$1,0)) -> 0 | V63: =INDEX(GB!$A$2:$AD$96,MATCH($C63,GB!$A$2:$A$96,0),MATCH(V$2,GB!$A$1:$AD$1,0)) -> 0 | W63: =INDEX(GB!$A$2:$AD$96,MATCH($C63,GB!$A$2:$A$96,0),MATCH(W$2,GB!$A$1:$AD$1,0)) -> 30 | X63: =INDEX(GB!$A$2:$AD$96,MATCH($C63,GB!$A$2:$A$96,0),MATCH(X$2,GB!$A$1:$AD$1,0)) -> 40 | Y63: 5 | Z63: 1250 | AA63: 400 | AF63: 5 | AI63: =IF($BR63=1,BS63,"") | AJ63: =IF($BR63=1,BT63,"") | AK63: =IF($BR63=1,BU63,"") | AL63: =IF($BR63=1,BV63,"") | AM63: =IF($BR63=1,"YES","") | AT63: =B63 -> PCPU | AU63: =J63 -> 653.6 | AX63: =L63+N63 -> 875 | AY63: =M63+N63 -> 690 | AZ63: =INDEX(Notes!$A$36:$O$47,MATCH($B63,Notes!A$36:A$47,0),MATCH(AZ$2,Notes!A$35:O$35,0)) -> 594.18522 | BA63: =MAX(MIN(Y63*FLOOR((H63-I63*LOG10(AZ63))/Y63,1),L63),M63) -> 735 | BB63: =BA63+N63 -> 820 | BC63: =MAX(MIN(Y63*FLOOR((H63-I63*LOG10(J63))/Y63,1),L63),M63) -> 735 | BD63: =BC63+N63 -> 820 | BO63: =MAX(J63:J69) -> 653.6 | BP63: =IF(CODE(RIGHT($C63,1))<58,CODE(RIGHT($C63,1))-48,CODE(RIGHT($C63,1))-55) -> 6 | BQ63: =MID($D63,2,2) -> 1 | BR63: 0 | BS63: MP005 | BT63: MP008 | BU63: 0.38235294 | BV63: 1
A64: TRUE | B64: PCPU | C64: MP006 | D64: =CONCATENATE("E",MID(D63,2,2)+1) -> E2 | E64: =1000000+BP64*1000+BQ64 -> 1006002 | F64: =CONCATENATE(C64,"_",D64) -> MP006_E2 | G64: Bin1 | H64: =H63-15 -> 1030 | I64: =I63 -> 110 | J64: =INDEX(Notes!$A$36:$N$47,MATCH(Binning!$B64,Notes!$A$36:$A$47,0),MATCH(Notes!$K$35,Notes!$A$35:$N$35,0)) -> 653.6 | L64: =L63-10 -> 780 | M64: =M63 -> 605 | N64: =INDEX(GB!$A$2:$AD$96,MATCH($C64,GB!$A$2:$A$96,0),MATCH(N$2,GB!$A$1:$AD$1,0)) -> 85 | O64: =INDEX(GB!$A$2:$AD$96,MATCH($C64,GB!$A$2:$A$96,0),MATCH(O$2,GB!$A$1:$AD$1,0)) -> 40 | P64: =INDEX(GB!$A$2:$AD$96,MATCH($C64,GB!$A$2:$A$96,0),MATCH(P$2,GB!$A$1:$AD$1,0)) -> 55 | Q64: =INDEX(GB!$A$2:$AD$96,MATCH($C64,GB!$A$2:$A$96,0),MATCH(Q$2,GB!$A$1:$AD$1,0)) -> 65 | R64: =INDEX(Notes!$A$36:$N$47,MATCH(Binning!$B64,Notes!$A$36:$A$47,0),MATCH(Notes!$M$35,Notes!$A$35:$N$35,0)) -> 7866 | T64: =INDEX(GB!$A$2:$AD$96,MATCH($C64,GB!$A$2:$A$96,0),MATCH(T$2,GB!$A$1:$AD$1,0)) -> 50 | U64: =INDEX(GB!$A$2:$AD$96,MATCH($C64,GB!$A$2:$A$96,0),MATCH(U$2,GB!$A$1:$AD$1,0)) -> 0 | V64: =INDEX(GB!$A$2:$AD$96,MATCH($C64,GB!$A$2:$A$96,0),MATCH(V$2,GB!$A$1:$AD$1,0)) -> 0 | W64: =INDEX(GB!$A$2:$AD$96,MATCH($C64,GB!$A$2:$A$96,0),MATCH(W$2,GB!$A$1:$AD$1,0)) -> 30 | X64: =INDEX(GB!$A$2:$AD$96,MATCH($C64,GB!$A$2:$A$96,0),MATCH(X$2,GB!$A$1:$AD$1,0)) -> 40 | Y64: 5 | Z64: 1250 | AA64: 400 | AF64: =AF63 -> 5 | AI64: =IF($BR64=1,BS64,"") | AJ64: =IF($BR64=1,BT64,"") | AK64: =IF($BR64=1,BU64,"") | AL64: =IF($BR64=1,BV64,"") | AM64: =IF($BR64=1,"YES","") | AT64: =B64 -> PCPU | AU64: =J64 -> 653.6 | AX64: =L64+N64 -> 865 | AY64: =M64+N64 -> 690 | AZ64: =INDEX(Notes!$A$36:$O$47,MATCH($B64,Notes!A$36:A$47,0),MATCH(AZ$2,Notes!A$35:O$35,0)) -> 594.18522 | BA64: =MAX(MIN(Y64*FLOOR((H64-I64*LOG10(AZ64))/Y64,1),L64),M64) -> 720 | BB64: =BA64+N64 -> 805 | BC64: =MAX(MIN(Y64*FLOOR((H64-I64*LOG10(J64))/Y64,1),L64),M64) -> 720 | BD64: =BC64+N64 -> 805 | BO64: =BO63 -> 653.6 | BP64: =IF(CODE(RIGHT($C64,1))<58,CODE(RIGHT($C64,1))-48,CODE(RIGHT($C64,1))-55) -> 6 | BQ64: =MID($D64,2,2) -> 2 | BR64: =IF(BR63="","",BR63) -> 0 | BS64: =IF(BS63="","",BS63) -> MP005 | BT64: =IF(BT63="","",BT63) -> MP008 | BU64: =IF(BU63="","",BU63) -> 0.38235294 | BV64: =IF(BV63="","",BV63) -> 1
A65: TRUE | B65: PCPU | C65: MP006 | D65: =CONCATENATE("E",MID(D64,2,2)+1) -> E3 | E65: =1000000+BP65*1000+BQ65 -> 1006003 | F65: =CONCATENATE(C65,"_",D65) -> MP006_E3 | G65: Bin1 | H65: =H64-15 -> 1015 | I65: =I64 -> 110 | J65: =INDEX(Notes!$A$36:$N$47,MATCH(Binning!$B65,Notes!$A$36:$A$47,0),MATCH(Notes!$K$35,Notes!$A$35:$N$35,0)) -> 653.6 | L65: =L64-10 -> 770 | M65: =M64 -> 605 | N65: =INDEX(GB!$A$2:$AD$96,MATCH($C65,GB!$A$2:$A$96,0),MATCH(N$2,GB!$A$1:$AD$1,0)) -> 85 | O65: =INDEX(GB!$A$2:$AD$96,MATCH($C65,GB!$A$2:$A$96,0),MATCH(O$2,GB!$A$1:$AD$1,0)) -> 40 | P65: =INDEX(GB!$A$2:$AD$96,MATCH($C65,GB!$A$2:$A$96,0),MATCH(P$2,GB!$A$1:$AD$1,0)) -> 55 | Q65: =INDEX(GB!$A$2:$AD$96,MATCH($C65,GB!$A$2:$A$96,0),MATCH(Q$2,GB!$A$1:$AD$1,0)) -> 65 | R65: =INDEX(Notes!$A$36:$N$47,MATCH(Binning!$B65,Notes!$A$36:$A$47,0),MATCH(Notes!$M$35,Notes!$A$35:$N$35,0)) -> 7866 | T65: =INDEX(GB!$A$2:$AD$96,MATCH($C65,GB!$A$2:$A$96,0),MATCH(T$2,GB!$A$1:$AD$1,0)) -> 50 | U65: =INDEX(GB!$A$2:$AD$96,MATCH($C65,GB!$A$2:$A$96,0),MATCH(U$2,GB!$A$1:$AD$1,0)) -> 0 | V65: =INDEX(GB!$A$2:$AD$96,MATCH($C65,GB!$A$2:$A$96,0),MATCH(V$2,GB!$A$1:$AD$1,0)) -> 0 | W65: =INDEX(GB!$A$2:$AD$96,MATCH($C65,GB!$A$2:$A$96,0),MATCH(W$2,GB!$A$1:$AD$1,0)) -> 30 | X65: =INDEX(GB!$A$2:$AD$96,MATCH($C65,GB!$A$2:$A$96,0),MATCH(X$2,GB!$A$1:$AD$1,0)) -> 40 | Y65: 5 | Z65: 1250 | AA65: 400 | AF65: =AF64 -> 5 | AI65: =IF($BR65=1,BS65,"") | AJ65: =IF($BR65=1,BT65,"") | AK65: =IF($BR65=1,BU65,"") | AL65: =IF($BR65=1,BV65,"") | AM65: =IF($BR65=1,"YES","") | AT65: =B65 -> PCPU | AU65: =J65 -> 653.6 | AX65: =L65+N65 -> 855 | AY65: =M65+N65 -> 690 | AZ65: =INDEX(Notes!$A$36:$O$47,MATCH($B65,Notes!A$36:A$47,0),MATCH(AZ$2,Notes!A$35:O$35,0)) -> 594.18522 | BA65: =MAX(MIN(Y65*FLOOR((H65-I65*LOG10(AZ65))/Y65,1),L65),M65) -> 705 | BB65: =BA65+N65 -> 790 | BC65: =MAX(MIN(Y65*FLOOR((H65-I65*LOG10(J65))/Y65,1),L65),M65) -> 705 | BD65: =BC65+N65 -> 790 | BO65: =BO64 -> 653.6 | BP65: =IF(CODE(RIGHT($C65,1))<58,CODE(RIGHT($C65,1))-48,CODE(RIGHT($C65,1))-55) -> 6 | BQ65: =MID($D65,2,2) -> 3 | BR65: =IF(BR64="","",BR64) -> 0 | BS65: =IF(BS64="","",BS64) -> MP005 | BT65: =IF(BT64="","",BT64) -> MP008 | BU65: =IF(BU64="","",BU64) -> 0.38235294 | BV65: =IF(BV64="","",BV64) -> 1
A66: TRUE | B66: PCPU | C66: MP006 | D66: =CONCATENATE("E",MID(D65,2,2)+1) -> E4 | E66: =1000000+BP66*1000+BQ66 -> 1006004 | F66: =CONCATENATE(C66,"_",D66) -> MP006_E4 | G66: Bin1 | H66: =H65-15 -> 1000 | I66: =I65 -> 110 | J66: =INDEX(Notes!$A$36:$N$47,MATCH(Binning!$B66,Notes!$A$36:$A$47,0),MATCH(Notes!$K$35,Notes!$A$35:$N$35,0)) -> 653.6 | L66: =L65 -> 770 | M66: =M65 -> 605 | N66: =INDEX(GB!$A$2:$AD$96,MATCH($C66,GB!$A$2:$A$96,0),MATCH(N$2,GB!$A$1:$AD$1,0)) -> 85 | O66: =INDEX(GB!$A$2:$AD$96,MATCH($C66,GB!$A$2:$A$96,0),MATCH(O$2,GB!$A$1:$AD$1,0)) -> 40 | P66: =INDEX(GB!$A$2:$AD$96,MATCH($C66,GB!$A$2:$A$96,0),MATCH(P$2,GB!$A$1:$AD$1,0)) -> 55 | Q66: =INDEX(GB!$A$2:$AD$96,MATCH($C66,GB!$A$2:$A$96,0),MATCH(Q$2,GB!$A$1:$AD$1,0)) -> 65 | R66: =INDEX(Notes!$A$36:$N$47,MATCH(Binning!$B66,Notes!$A$36:$A$47,0),MATCH(Notes!$M$35,Notes!$A$35:$N$35,0)) -> 7866 | T66: =INDEX(GB!$A$2:$AD$96,MATCH($C66,GB!$A$2:$A$96,0),MATCH(T$2,GB!$A$1:$AD$1,0)) -> 50 | U66: =INDEX(GB!$A$2:$AD$96,MATCH($C66,GB!$A$2:$A$96,0),MATCH(U$2,GB!$A$1:$AD$1,0)) -> 0 | V66: =INDEX(GB!$A$2:$AD$96,MATCH($C66,GB!$A$2:$A$96,0),MATCH(V$2,GB!$A$1:$AD$1,0)) -> 0 | W66: =INDEX(GB!$A$2:$AD$96,MATCH($C66,GB!$A$2:$A$96,0),MATCH(W$2,GB!$A$1:$AD$1,0)) -> 30 | X66: =INDEX(GB!$A$2:$AD$96,MATCH($C66,GB!$A$2:$A$96,0),MATCH(X$2,GB!$A$1:$AD$1,0)) -> 40 | Y66: 5 | Z66: 1250 | AA66: 400 | AF66: =AF65 -> 5 | AI66: =IF($BR66=1,BS66,"") | AJ66: =IF($BR66=1,BT66,"") | AK66: =IF($BR66=1,BU66,"") | AL66: =IF($BR66=1,BV66,"") | AM66: =IF($BR66=1,"YES","") | AT66: =B66 -> PCPU | AU66: =J66 -> 653.6 | AX66: =L66+N66 -> 855 | AY66: =M66+N66 -> 690 | AZ66: =INDEX(Notes!$A$36:$O$47,MATCH($B66,Notes!A$36:A$47,0),MATCH(AZ$2,Notes!A$35:O$35,0)) -> 594.18522 | BA66: =MAX(MIN(Y66*FLOOR((H66-I66*LOG10(AZ66))/Y66,1),L66),M66) -> 690 | BB66: =BA66+N66 -> 775 | BC66: =MAX(MIN(Y66*FLOOR((H66-I66*LOG10(J66))/Y66,1),L66),M66) -> 690 | BD66: =BC66+N66 -> 775 | BO66: =BO65 -> 653.6 | BP66: =IF(CODE(RIGHT($C66,1))<58,CODE(RIGHT($C66,1))-48,CODE(RIGHT($C66,1))-55) -> 6 | BQ66: =MID($D66,2,2) -> 4 | BR66: =IF(BR65="","",BR65) -> 0 | BS66: =IF(BS65="","",BS65) -> MP005 | BT66: =IF(BT65="","",BT65) -> MP008 | BU66: =IF(BU65="","",BU65) -> 0.38235294 | BV66: =IF(BV65="","",BV65) -> 1
A67: TRUE | B67: PCPU | C67: MP006 | D67: =CONCATENATE("E",MID(D66,2,2)+1) -> E5 | E67: =1000000+BP67*1000+BQ67 -> 1006005 | F67: =CONCATENATE(C67,"_",D67) -> MP006_E5 | G67: Bin1 | H67: =H66-15 -> 985 | I67: =I66 -> 110 | J67: =INDEX(Notes!$A$36:$N$47,MATCH(Binning!$B67,Notes!$A$36:$A$47,0),MATCH(Notes!$K$35,Notes!$A$35:$N$35,0)) -> 653.6 | L67: =L66 -> 770 | M67: =M66 -> 605 | N67: =INDEX(GB!$A$2:$AD$96,MATCH($C67,GB!$A$2:$A$96,0),MATCH(N$2,GB!$A$1:$AD$1,0)) -> 85 | O67: =INDEX(GB!$A$2:$AD$96,MATCH($C67,GB!$A$2:$A$96,0),MATCH(O$2,GB!$A$1:$AD$1,0)) -> 40 | P67: =INDEX(GB!$A$2:$AD$96,MATCH($C67,GB!$A$2:$A$96,0),MATCH(P$2,GB!$A$1:$AD$1,0)) -> 55 | Q67: =INDEX(GB!$A$2:$AD$96,MATCH($C67,GB!$A$2:$A$96,0),MATCH(Q$2,GB!$A$1:$AD$1,0)) -> 65 | R67: =INDEX(Notes!$A$36:$N$47,MATCH(Binning!$B67,Notes!$A$36:$A$47,0),MATCH(Notes!$M$35,Notes!$A$35:$N$35,0)) -> 7866 | T67: =INDEX(GB!$A$2:$AD$96,MATCH($C67,GB!$A$2:$A$96,0),MATCH(T$2,GB!$A$1:$AD$1,0)) -> 50 | U67: =INDEX(GB!$A$2:$AD$96,MATCH($C67,GB!$A$2:$A$96,0),MATCH(U$2,GB!$A$1:$AD$1,0)) -> 0 | V67: =INDEX(GB!$A$2:$AD$96,MATCH($C67,GB!$A$2:$A$96,0),MATCH(V$2,GB!$A$1:$AD$1,0)) -> 0 | W67: =INDEX(GB!$A$2:$AD$96,MATCH($C67,GB!$A$2:$A$96,0),MATCH(W$2,GB!$A$1:$AD$1,0)) -> 30 | X67: =INDEX(GB!$A$2:$AD$96,MATCH($C67,GB!$A$2:$A$96,0),MATCH(X$2,GB!$A$1:$AD$1,0)) -> 40 | Y67: 5 | Z67: 1250 | AA67: 400 | AF67: =AF66 -> 5 | AI67: =IF($BR67=1,BS67,"") | AJ67: =IF($BR67=1,BT67,"") | AK67: =IF($BR67=1,BU67,"") | AL67: =IF($BR67=1,BV67,"") | AM67: =IF($BR67=1,"YES","") | AT67: =B67 -> PCPU | AU67: =J67 -> 653.6 | AX67: =L67+N67 -> 855 | AY67: =M67+N67 -> 690 | AZ67: =INDEX(Notes!$A$36:$O$47,MATCH($B67,Notes!A$36:A$47,0),MATCH(AZ$2,Notes!A$35:O$35,0)) -> 594.18522 | BA67: =MAX(MIN(Y67*FLOOR((H67-I67*LOG10(AZ67))/Y67,1),L67),M67) -> 675 | BB67: =BA67+N67 -> 760 | BC67: =MAX(MIN(Y67*FLOOR((H67-I67*LOG10(J67))/Y67,1),L67),M67) -> 675 | BD67: =BC67+N67 -> 760 | BO67: =BO66 -> 653.6 | BP67: =IF(CODE(RIGHT($C67,1))<58,CODE(RIGHT($C67,1))-48,CODE(RIGHT($C67,1))-55) -> 6 | BQ67: =MID($D67,2,2) -> 5 | BR67: =IF(BR66="","",BR66) -> 0 | BS67: =IF(BS66="","",BS66) -> MP005 | BT67: =IF(BT66="","",BT66) -> MP008 | BU67: =IF(BU66="","",BU66) -> 0.38235294 | BV67: =IF(BV66="","",BV66) -> 1
A68: TRUE | B68: PCPU | C68: MP006 | D68: =CONCATENATE("E",MID(D67,2,2)+1) -> E6 | E68: =1000000+BP68*1000+BQ68 -> 1006006 | F68: =CONCATENATE(C68,"_",D68) -> MP006_E6 | G68: Bin1 | H68: =H67-15 -> 970 | I68: =I67 -> 110 | J68: =INDEX(Notes!$A$36:$N$47,MATCH(Binning!$B68,Notes!$A$36:$A$47,0),MATCH(Notes!$K$35,Notes!$A$35:$N$35,0)) -> 653.6 | L68: =L67 -> 770 | M68: =M67 -> 605 | N68: =INDEX(GB!$A$2:$AD$96,MATCH($C68,GB!$A$2:$A$96,0),MATCH(N$2,GB!$A$1:$AD$1,0)) -> 85 | O68: =INDEX(GB!$A$2:$AD$96,MATCH($C68,GB!$A$2:$A$96,0),MATCH(O$2,GB!$A$1:$AD$1,0)) -> 40 | P68: =INDEX(GB!$A$2:$AD$96,MATCH($C68,GB!$A$2:$A$96,0),MATCH(P$2,GB!$A$1:$AD$1,0)) -> 55 | Q68: =INDEX(GB!$A$2:$AD$96,MATCH($C68,GB!$A$2:$A$96,0),MATCH(Q$2,GB!$A$1:$AD$1,0)) -> 65 | R68: =INDEX(Notes!$A$36:$N$47,MATCH(Binning!$B68,Notes!$A$36:$A$47,0),MATCH(Notes!$M$35,Notes!$A$35:$N$35,0)) -> 7866 | T68: =INDEX(GB!$A$2:$AD$96,MATCH($C68,GB!$A$2:$A$96,0),MATCH(T$2,GB!$A$1:$AD$1,0)) -> 50 | U68: =INDEX(GB!$A$2:$AD$96,MATCH($C68,GB!$A$2:$A$96,0),MATCH(U$2,GB!$A$1:$AD$1,0)) -> 0 | V68: =INDEX(GB!$A$2:$AD$96,MATCH($C68,GB!$A$2:$A$96,0),MATCH(V$2,GB!$A$1:$AD$1,0)) -> 0 | W68: =INDEX(GB!$A$2:$AD$96,MATCH($C68,GB!$A$2:$A$96,0),MATCH(W$2,GB!$A$1:$AD$1,0)) -> 30 | X68: =INDEX(GB!$A$2:$AD$96,MATCH($C68,GB!$A$2:$A$96,0),MATCH(X$2,GB!$A$1:$AD$1,0)) -> 40 | Y68: 5 | Z68: 1250 | AA68: 400 | AF68: =AF67 -> 5 | AI68: =IF($BR68=1,BS68,"") | AJ68: =IF($BR68=1,BT68,"") | AK68: =IF($BR68=1,BU68,"") | AL68: =IF($BR68=1,BV68,"") | AM68: =IF($BR68=1,"YES","") | AT68: =B68 -> PCPU | AU68: =J68 -> 653.6 | AX68: =L68+N68 -> 855 | AY68: =M68+N68 -> 690 | AZ68: =INDEX(Notes!$A$36:$O$47,MATCH($B68,Notes!A$36:A$47,0),MATCH(AZ$2,Notes!A$35:O$35,0)) -> 594.18522 | BA68: =MAX(MIN(Y68*FLOOR((H68-I68*LOG10(AZ68))/Y68,1),L68),M68) -> 660 | BB68: =BA68+N68 -> 745 | BC68: =MAX(MIN(Y68*FLOOR((H68-I68*LOG10(J68))/Y68,1),L68),M68) -> 660 | BD68: =BC68+N68 -> 745 | BO68: =BO67 -> 653.6 | BP68: =IF(CODE(RIGHT($C68,1))<58,CODE(RIGHT($C68,1))-48,CODE(RIGHT($C68,1))-55) -> 6 | BQ68: =MID($D68,2,2) -> 6 | BR68: =IF(BR67="","",BR67) -> 0 | BS68: =IF(BS67="","",BS67) -> MP005 | BT68: =IF(BT67="","",BT67) -> MP008 | BU68: =IF(BU67="","",BU67) -> 0.38235294 | BV68: =IF(BV67="","",BV67) -> 1
A69: TRUE | B69: PCPU | C69: MP006 | D69: =CONCATENATE("E",MID(D68,2,2)+1) -> E7 | E69: =1000000+BP69*1000+BQ69 -> 1006007 | F69: =CONCATENATE(C69,"_",D69) -> MP006_E7 | G69: Bin1 | H69: =H68-15 -> 955 | I69: =I68 -> 110 | J69: =INDEX(Notes!$A$36:$N$47,MATCH(Binning!$B69,Notes!$A$36:$A$47,0),MATCH(Notes!$K$35,Notes!$A$35:$N$35,0)) -> 653.6 | L69: =L68 -> 770 | M69: =M68 -> 605 | N69: =INDEX(GB!$A$2:$AD$96,MATCH($C69,GB!$A$2:$A$96,0),MATCH(N$2,GB!$A$1:$AD$1,0)) -> 85 | O69: =INDEX(GB!$A$2:$AD$96,MATCH($C69,GB!$A$2:$A$96,0),MATCH(O$2,GB!$A$1:$AD$1,0)) -> 40 | P69: =INDEX(GB!$A$2:$AD$96,MATCH($C69,GB!$A$2:$A$96,0),MATCH(P$2,GB!$A$1:$AD$1,0)) -> 55 | Q69: =INDEX(GB!$A$2:$AD$96,MATCH($C69,GB!$A$2:$A$96,0),MATCH(Q$2,GB!$A$1:$AD$1,0)) -> 65 | R69: =INDEX(Notes!$A$36:$N$47,MATCH(Binning!$B69,Notes!$A$36:$A$47,0),MATCH(Notes!$M$35,Notes!$A$35:$N$35,0)) -> 7866 | T69: =INDEX(GB!$A$2:$AD$96,MATCH($C69,GB!$A$2:$A$96,0),MATCH(T$2,GB!$A$1:$AD$1,0)) -> 50 | U69: =INDEX(GB!$A$2:$AD$96,MATCH($C69,GB!$A$2:$A$96,0),MATCH(U$2,GB!$A$1:$AD$1,0)) -> 0 | V69: =INDEX(GB!$A$2:$AD$96,MATCH($C69,GB!$A$2:$A$96,0),MATCH(V$2,GB!$A$1:$AD$1,0)) -> 0 | W69: =INDEX(GB!$A$2:$AD$96,MATCH($C69,GB!$A$2:$A$96,0),MATCH(W$2,GB!$A$1:$AD$1,0)) -> 30 | X69: =INDEX(GB!$A$2:$AD$96,MATCH($C69,GB!$A$2:$A$96,0),MATCH(X$2,GB!$A$1:$AD$1,0)) -> 40 | Y69: 5 | Z69: 1250 | AA69: 400 | AF69: =AF68 -> 5 | AI69: =IF($BR69=1,BS69,"") | AJ69: =IF($BR69=1,BT69,"") | AK69: =IF($BR69=1,BU69,"") | AL69: =IF($BR69=1,BV69,"") | AM69: =IF($BR69=1,"YES","") | AT69: =B69 -> PCPU | AU69: =J69 -> 653.6 | AX69: =L69+N69 -> 855 | AY69: =M69+N69 -> 690 | AZ69: =INDEX(Notes!$A$36:$O$47,MATCH($B69,Notes!A$36:A$47,0),MATCH(AZ$2,Notes!A$35:O$35,0)) -> 594.18522 | BA69: =MAX(MIN(Y69*FLOOR((H69-I69*LOG10(AZ69))/Y69,1),L69),M69) -> 645 | BB69: =BA69+N69 -> 730 | BC69: =MAX(MIN(Y69*FLOOR((H69-I69*LOG10(J69))/Y69,1),L69),M69) -> 645 | BD69: =BC69+N69 -> 730 | BO69: =BO68 -> 653.6 | BP69: =IF(CODE(RIGHT($C69,1))<58,CODE(RIGHT($C69,1))-48,CODE(RIGHT($C69,1))-55) -> 6 | BQ69: =MID($D69,2,2) -> 7 | BR69: =IF(BR68="","",BR68) -> 0 | BS69: =IF(BS68="","",BS68) -> MP005 | BT69: =IF(BT68="","",BT68) -> MP008 | BU69: =IF(BU68="","",BU68) -> 0.38235294 | BV69: =IF(BV68="","",BV68) -> 1
A70: TRUE | B70: PCPU | C70: MP006 | D70: =CONCATENATE("E",MID(D69,2,2)+1) -> E8 | E70: =1000000+BP70*1000+BQ70 -> 1006008 | F70: =CONCATENATE(C70,"_",D70) -> MP006_E8 | G70: Bin1 | H70: =H69-15 -> 940 | I70: =I69 -> 110 | J70: =INDEX(Notes!$A$36:$N$47,MATCH(Binning!$B70,Notes!$A$36:$A$47,0),MATCH(Notes!$K$35,Notes!$A$35:$N$35,0)) -> 653.6 | L70: =L69 -> 770 | M70: =M69 -> 605 | N70: =INDEX(GB!$A$2:$AD$96,MATCH($C70,GB!$A$2:$A$96,0),MATCH(N$2,GB!$A$1:$AD$1,0)) -> 85 | O70: =INDEX(GB!$A$2:$AD$96,MATCH($C70,GB!$A$2:$A$96,0),MATCH(O$2,GB!$A$1:$AD$1,0)) -> 40 | P70: =INDEX(GB!$A$2:$AD$96,MATCH($C70,GB!$A$2:$A$96,0),MATCH(P$2,GB!$A$1:$AD$1,0)) -> 55 | Q70: =INDEX(GB!$A$2:$AD$96,MATCH($C70,GB!$A$2:$A$96,0),MATCH(Q$2,GB!$A$1:$AD$1,0)) -> 65 | R70: =INDEX(Notes!$A$36:$N$47,MATCH(Binning!$B70,Notes!$A$36:$A$47,0),MATCH(Notes!$M$35,Notes!$A$35:$N$35,0)) -> 7866 | T70: =INDEX(GB!$A$2:$AD$96,MATCH($C70,GB!$A$2:$A$96,0),MATCH(T$2,GB!$A$1:$AD$1,0)) -> 50 | U70: =INDEX(GB!$A$2:$AD$96,MATCH($C70,GB!$A$2:$A$96,0),MATCH(U$2,GB!$A$1:$AD$1,0)) -> 0 | V70: =INDEX(GB!$A$2:$AD$96,MATCH($C70,GB!$A$2:$A$96,0),MATCH(V$2,GB!$A$1:$AD$1,0)) -> 0 | W70: =INDEX(GB!$A$2:$AD$96,MATCH($C70,GB!$A$2:$A$96,0),MATCH(W$2,GB!$A$1:$AD$1,0)) -> 30 | X70: =INDEX(GB!$A$2:$AD$96,MATCH($C70,GB!$A$2:$A$96,0),MATCH(X$2,GB!$A$1:$AD$1,0)) -> 40 | Y70: 5 | Z70: 1250 | AA70: 400 | AF70: =AF69 -> 5 | AI70: =IF($BR70=1,BS70,"") | AJ70: =IF($BR70=1,BT70,"") | AK70: =IF($BR70=1,BU70,"") | AL70: =IF($BR70=1,BV70,"") | AM70: =IF($BR70=1,"YES","") | AT70: =B70 -> PCPU | AU70: =J70 -> 653.6 | AX70: =L70+N70 -> 855 | AY70: =M70+N70 -> 690 | AZ70: =INDEX(Notes!$A$36:$O$47,MATCH($B70,Notes!A$36:A$47,0),MATCH(AZ$2,Notes!A$35:O$35,0)) -> 594.18522 | BA70: =MAX(MIN(Y70*FLOOR((H70-I70*LOG10(AZ70))/Y70,1),L70),M70) -> 630 | BB70: =BA70+N70 -> 715 | BC70: =MAX(MIN(Y70*FLOOR((H70-I70*LOG10(J70))/Y70,1),L70),M70) -> 630 | BD70: =BC70+N70 -> 715 | BO70: =BO69 -> 653.6 | BP70: =IF(CODE(RIGHT($C70,1))<58,CODE(RIGHT($C70,1))-48,CODE(RIGHT($C70,1))-55) -> 6 | BQ70: =MID($D70,2,2) -> 8 | BR70: =IF(BR69="","",BR69) -> 0 | BS70: =IF(BS69="","",BS69) -> MP005 | BT70: =IF(BT69="","",BT69) -> MP008 | BU70: =IF(BU69="","",BU69) -> 0.38235294 | BV70: =IF(BV69="","",BV69) -> 1
A71: TRUE | B71: PCPU | C71: MP006 | D71: =CONCATENATE("E",MID(D70,2,2)+1) -> E9 | E71: =1000000+BP71*1000+BQ71 -> 1006009 | F71: =CONCATENATE(C71,"_",D71) -> MP006_E9 | G71: Bin1 | H71: =H70-15 -> 925 | I71: =I70 -> 110 | J71: =INDEX(Notes!$A$36:$N$47,MATCH(Binning!$B71,Notes!$A$36:$A$47,0),MATCH(Notes!$K$35,Notes!$A$35:$N$35,0)) -> 653.6 | L71: =L70 -> 770 | M71: =M70 -> 605 | N71: =INDEX(GB!$A$2:$AD$96,MATCH($C71,GB!$A$2:$A$96,0),MATCH(N$2,GB!$A$1:$AD$1,0)) -> 85 | O71: =INDEX(GB!$A$2:$AD$96,MATCH($C71,GB!$A$2:$A$96,0),MATCH(O$2,GB!$A$1:$AD$1,0)) -> 40 | P71: =INDEX(GB!$A$2:$AD$96,MATCH($C71,GB!$A$2:$A$96,0),MATCH(P$2,GB!$A$1:$AD$1,0)) -> 55 | Q71: =INDEX(GB!$A$2:$AD$96,MATCH($C71,GB!$A$2:$A$96,0),MATCH(Q$2,GB!$A$1:$AD$1,0)) -> 65 | R71: =INDEX(Notes!$A$36:$N$47,MATCH(Binning!$B71,Notes!$A$36:$A$47,0),MATCH(Notes!$M$35,Notes!$A$35:$N$35,0)) -> 7866 | T71: =INDEX(GB!$A$2:$AD$96,MATCH($C71,GB!$A$2:$A$96,0),MATCH(T$2,GB!$A$1:$AD$1,0)) -> 50 | U71: =INDEX(GB!$A$2:$AD$96,MATCH($C71,GB!$A$2:$A$96,0),MATCH(U$2,GB!$A$1:$AD$1,0)) -> 0 | V71: =INDEX(GB!$A$2:$AD$96,MATCH($C71,GB!$A$2:$A$96,0),MATCH(V$2,GB!$A$1:$AD$1,0)) -> 0 | W71: =INDEX(GB!$A$2:$AD$96,MATCH($C71,GB!$A$2:$A$96,0),MATCH(W$2,GB!$A$1:$AD$1,0)) -> 30 | X71: =INDEX(GB!$A$2:$AD$96,MATCH($C71,GB!$A$2:$A$96,0),MATCH(X$2,GB!$A$1:$AD$1,0)) -> 40 | Y71: 5 | Z71: 1250 | AA71: 400 | AF71: =AF70 -> 5 | AI71: =IF($BR71=1,BS71,"") | AJ71: =IF($BR71=1,BT71,"") | AK71: =IF($BR71=1,BU71,"") | AL71: =IF($BR71=1,BV71,"") | AM71: =IF($BR71=1,"YES","") | AT71: =B71 -> PCPU | AU71: =J71 -> 653.6 | AX71: =L71+N71 -> 855 | AY71: =M71+N71 -> 690 | AZ71: =INDEX(Notes!$A$36:$O$47,MATCH($B71,Notes!A$36:A$47,0),MATCH(AZ$2,Notes!A$35:O$35,0)) -> 594.18522 | BA71: =MAX(MIN(Y71*FLOOR((H71-I71*LOG10(AZ71))/Y71,1),L71),M71) -> 615 | BB71: =BA71+N71 -> 700 | BC71: =MAX(MIN(Y71*FLOOR((H71-I71*LOG10(J71))/Y71,1),L71),M71) -> 615 | BD71: =BC71+N71 -> 700 | BO71: =BO70 -> 653.6 | BP71: =IF(CODE(RIGHT($C71,1))<58,CODE(RIGHT($C71,1))-48,CODE(RIGHT($C71,1))-55) -> 6 | BQ71: =MID($D71,2,2) -> 9 | BR71: =IF(BR70="","",BR70) -> 0 | BS71: =IF(BS70="","",BS70) -> MP005 | BT71: =IF(BT70="","",BT70) -> MP008 | BU71: =IF(BU70="","",BU70) -> 0.38235294 | BV71: =IF(BV70="","",BV70) -> 1
A72: TRUE | B72: PCPU | C72: MP006 | D72: =CONCATENATE("E",MID(D71,2,2)+1) -> E10 | E72: =1000000+BP72*1000+BQ72 -> 1006010 | F72: =CONCATENATE(C72,"_",D72) -> MP006_E10 | G72: Bin1 | H72: =H71-15 -> 910 | I72: =I71 -> 110 | J72: =INDEX(Notes!$A$36:$N$47,MATCH(Binning!$B72,Notes!$A$36:$A$47,0),MATCH(Notes!$K$35,Notes!$A$35:$N$35,0)) -> 653.6 | L72: =L71 -> 770 | M72: =M71 -> 605 | N72: =INDEX(GB!$A$2:$AD$96,MATCH($C72,GB!$A$2:$A$96,0),MATCH(N$2,GB!$A$1:$AD$1,0)) -> 85 | O72: =INDEX(GB!$A$2:$AD$96,MATCH($C72,GB!$A$2:$A$96,0),MATCH(O$2,GB!$A$1:$AD$1,0)) -> 40 | P72: =INDEX(GB!$A$2:$AD$96,MATCH($C72,GB!$A$2:$A$96,0),MATCH(P$2,GB!$A$1:$AD$1,0)) -> 55 | Q72: =INDEX(GB!$A$2:$AD$96,MATCH($C72,GB!$A$2:$A$96,0),MATCH(Q$2,GB!$A$1:$AD$1,0)) -> 65 | R72: =INDEX(Notes!$A$36:$N$47,MATCH(Binning!$B72,Notes!$A$36:$A$47,0),MATCH(Notes!$M$35,Notes!$A$35:$N$35,0)) -> 7866 | T72: =INDEX(GB!$A$2:$AD$96,MATCH($C72,GB!$A$2:$A$96,0),MATCH(T$2,GB!$A$1:$AD$1,0)) -> 50 | U72: =INDEX(GB!$A$2:$AD$96,MATCH($C72,GB!$A$2:$A$96,0),MATCH(U$2,GB!$A$1:$AD$1,0)) -> 0 | V72: =INDEX(GB!$A$2:$AD$96,MATCH($C72,GB!$A$2:$A$96,0),MATCH(V$2,GB!$A$1:$AD$1,0)) -> 0 | W72: =INDEX(GB!$A$2:$AD$96,MATCH($C72,GB!$A$2:$A$96,0),MATCH(W$2,GB!$A$1:$AD$1,0)) -> 30 | X72: =INDEX(GB!$A$2:$AD$96,MATCH($C72,GB!$A$2:$A$96,0),MATCH(X$2,GB!$A$1:$AD$1,0)) -> 40 | Y72: 5 | Z72: 1250 | AA72: 400 | AF72: =AF71 -> 5 | AI72: =IF($BR72=1,BS72,"") | AJ72: =IF($BR72=1,BT72,"") | AK72: =IF($BR72=1,BU72,"") | AL72: =IF($BR72=1,BV72,"") | AM72: =IF($BR72=1,"YES","") | AT72: =B72 -> PCPU | AU72: =J72 -> 653.6 | AX72: =L72+N72 -> 855 | AY72: =M72+N72 -> 690 | AZ72: =INDEX(Notes!$A$36:$O$47,MATCH($B72,Notes!A$36:A$47,0),MATCH(AZ$2,Notes!A$35:O$35,0)) -> 594.18522 | BA72: =MAX(MIN(Y72*FLOOR((H72-I72*LOG10(AZ72))/Y72,1),L72),M72) -> 605 | BB72: =BA72+N72 -> 690 | BC72: =MAX(MIN(Y72*FLOOR((H72-I72*LOG10(J72))/Y72,1),L72),M72) -> 605 | BD72: =BC72+N72 -> 690 | BO72: =BO71 -> 653.6 | BP72: =IF(CODE(RIGHT($C72,1))<58,CODE(RIGHT($C72,1))-48,CODE(RIGHT($C72,1))-55) -> 6 | BQ72: =MID($D72,2,2) -> 10 | BR72: =IF(BR71="","",BR71) -> 0 | BS72: =IF(BS71="","",BS71) -> MP005 | BT72: =IF(BT71="","",BT71) -> MP008 | BU72: =IF(BU71="","",BU71) -> 0.38235294 | BV72: =IF(BV71="","",BV71) -> 1
A73: TRUE | B73: PCPU | C73: MP006 | D73: =CONCATENATE("E",MID(D72,2,2)+1) -> E11 | E73: =1000000+BP73*1000+BQ73 -> 1006011 | F73: =CONCATENATE(C73,"_",D73) -> MP006_E11 | G73: Bin1 | H73: =H72-15 -> 895 | I73: =I72 -> 110 | J73: =INDEX(Notes!$A$36:$N$47,MATCH(Binning!$B73,Notes!$A$36:$A$47,0),MATCH(Notes!$K$35,Notes!$A$35:$N$35,0)) -> 653.6 | L73: =L72 -> 770 | M73: =M72 -> 605 | N73: =INDEX(GB!$A$2:$AD$96,MATCH($C73,GB!$A$2:$A$96,0),MATCH(N$2,GB!$A$1:$AD$1,0)) -> 85 | O73: =INDEX(GB!$A$2:$AD$96,MATCH($C73,GB!$A$2:$A$96,0),MATCH(O$2,GB!$A$1:$AD$1,0)) -> 40 | P73: =INDEX(GB!$A$2:$AD$96,MATCH($C73,GB!$A$2:$A$96,0),MATCH(P$2,GB!$A$1:$AD$1,0)) -> 55 | Q73: =INDEX(GB!$A$2:$AD$96,MATCH($C73,GB!$A$2:$A$96,0),MATCH(Q$2,GB!$A$1:$AD$1,0)) -> 65 | R73: =INDEX(Notes!$A$36:$N$47,MATCH(Binning!$B73,Notes!$A$36:$A$47,0),MATCH(Notes!$M$35,Notes!$A$35:$N$35,0)) -> 7866 | T73: =INDEX(GB!$A$2:$AD$96,MATCH($C73,GB!$A$2:$A$96,0),MATCH(T$2,GB!$A$1:$AD$1,0)) -> 50 | U73: =INDEX(GB!$A$2:$AD$96,MATCH($C73,GB!$A$2:$A$96,0),MATCH(U$2,GB!$A$1:$AD$1,0)) -> 0 | V73: =INDEX(GB!$A$2:$AD$96,MATCH($C73,GB!$A$2:$A$96,0),MATCH(V$2,GB!$A$1:$AD$1,0)) -> 0 | W73: =INDEX(GB!$A$2:$AD$96,MATCH($C73,GB!$A$2:$A$96,0),MATCH(W$2,GB!$A$1:$AD$1,0)) -> 30 | X73: =INDEX(GB!$A$2:$AD$96,MATCH($C73,GB!$A$2:$A$96,0),MATCH(X$2,GB!$A$1:$AD$1,0)) -> 40 | Y73: 5 | Z73: 1250 | AA73: 400 | AF73: =AF72 -> 5 | AI73: =IF($BR73=1,BS73,"") | AJ73: =IF($BR73=1,BT73,"") | AK73: =IF($BR73=1,BU73,"") | AL73: =IF($BR73=1,BV73,"") | AM73: =IF($BR73=1,"YES","") | AT73: =B73 -> PCPU | AU73: =J73 -> 653.6 | AX73: =L73+N73 -> 855 | AY73: =M73+N73 -> 690 | AZ73: =INDEX(Notes!$A$36:$O$47,MATCH($B73,Notes!A$36:A$47,0),MATCH(AZ$2,Notes!A$35:O$35,0)) -> 594.18522 | BA73: =MAX(MIN(Y73*FLOOR((H73-I73*LOG10(AZ73))/Y73,1),L73),M73) -> 605 | BB73: =BA73+N73 -> 690 | BC73: =MAX(MIN(Y73*FLOOR((H73-I73*LOG10(J73))/Y73,1),L73),M73) -> 605 | BD73: =BC73+N73 -> 690 | BO73: =BO72 -> 653.6 | BP73: =IF(CODE(RIGHT($C73,1))<58,CODE(RIGHT($C73,1))-48,CODE(RIGHT($C73,1))-55) -> 6 | BQ73: =MID($D73,2,2) -> 11 | BR73: =IF(BR72="","",BR72) -> 0 | BS73: =IF(BS72="","",BS72) -> MP005 | BT73: =IF(BT72="","",BT72) -> MP008 | BU73: =IF(BU72="","",BU72) -> 0.38235294 | BV73: =IF(BV72="","",BV72) -> 1
A74: TRUE | B74: PCPU | C74: MP006 | D74: =CONCATENATE("E",MID(D73,2,2)+1) -> E12 | E74: =1000000+BP74*1000+BQ74 -> 1006012 | F74: =CONCATENATE(C74,"_",D74) -> MP006_E12 | G74: Bin1 | H74: =H73-15 -> 880 | I74: =I73 -> 110 | J74: =INDEX(Notes!$A$36:$N$47,MATCH(Binning!$B74,Notes!$A$36:$A$47,0),MATCH(Notes!$K$35,Notes!$A$35:$N$35,0)) -> 653.6 | L74: =L73 -> 770 | M74: =M73 -> 605 | N74: =INDEX(GB!$A$2:$AD$96,MATCH($C74,GB!$A$2:$A$96,0),MATCH(N$2,GB!$A$1:$AD$1,0)) -> 85 | O74: =INDEX(GB!$A$2:$AD$96,MATCH($C74,GB!$A$2:$A$96,0),MATCH(O$2,GB!$A$1:$AD$1,0)) -> 40 | P74: =INDEX(GB!$A$2:$AD$96,MATCH($C74,GB!$A$2:$A$96,0),MATCH(P$2,GB!$A$1:$AD$1,0)) -> 55 | Q74: =INDEX(GB!$A$2:$AD$96,MATCH($C74,GB!$A$2:$A$96,0),MATCH(Q$2,GB!$A$1:$AD$1,0)) -> 65 | R74: =INDEX(Notes!$A$36:$N$47,MATCH(Binning!$B74,Notes!$A$36:$A$47,0),MATCH(Notes!$M$35,Notes!$A$35:$N$35,0)) -> 7866 | T74: =INDEX(GB!$A$2:$AD$96,MATCH($C74,GB!$A$2:$A$96,0),MATCH(T$2,GB!$A$1:$AD$1,0)) -> 50 | U74: =INDEX(GB!$A$2:$AD$96,MATCH($C74,GB!$A$2:$A$96,0),MATCH(U$2,GB!$A$1:$AD$1,0)) -> 0 | V74: =INDEX(GB!$A$2:$AD$96,MATCH($C74,GB!$A$2:$A$96,0),MATCH(V$2,GB!$A$1:$AD$1,0)) -> 0 | W74: =INDEX(GB!$A$2:$AD$96,MATCH($C74,GB!$A$2:$A$96,0),MATCH(W$2,GB!$A$1:$AD$1,0)) -> 30 | X74: =INDEX(GB!$A$2:$AD$96,MATCH($C74,GB!$A$2:$A$96,0),MATCH(X$2,GB!$A$1:$AD$1,0)) -> 40 | Y74: 5 | Z74: 1250 | AA74: 400 | AF74: =AF73 -> 5 | AI74: =IF($BR74=1,BS74,"") | AJ74: =IF($BR74=1,BT74,"") | AK74: =IF($BR74=1,BU74,"") | AL74: =IF($BR74=1,BV74,"") | AM74: =IF($BR74=1,"YES","") | AT74: =B74 -> PCPU | AU74: =J74 -> 653.6 | AX74: =L74+N74 -> 855 | AY74: =M74+N74 -> 690 | AZ74: =INDEX(Notes!$A$36:$O$47,MATCH($B74,Notes!A$36:A$47,0),MATCH(AZ$2,Notes!A$35:O$35,0)) -> 594.18522 | BA74: =MAX(MIN(Y74*FLOOR((H74-I74*LOG10(AZ74))/Y74,1),L74),M74) -> 605 | BB74: =BA74+N74 -> 690 | BC74: =MAX(MIN(Y74*FLOOR((H74-I74*LOG10(J74))/Y74,1),L74),M74) -> 605 | BD74: =BC74+N74 -> 690 | BO74: =BO73 -> 653.6 | BP74: =IF(CODE(RIGHT($C74,1))<58,CODE(RIGHT($C74,1))-48,CODE(RIGHT($C74,1))-55) -> 6 | BQ74: =MID($D74,2,2) -> 12 | BR74: =IF(BR73="","",BR73) -> 0 | BS74: =IF(BS73="","",BS73) -> MP005 | BT74: =IF(BT73="","",BT73) -> MP008 | BU74: =IF(BU73="","",BU73) -> 0.38235294 | BV74: =IF(BV73="","",BV73) -> 1
A75: TRUE | B75: PCPU | C75: MP007 | D75: E1 | E75: =1000000+BP75*1000+BQ75 -> 1007001 | F75: =CONCATENATE(C75,"_",D75) -> MP007_E1 | G75: Bin1 | H75: =VLOOKUP(C75,BinningParamNotes!A:D,3,0) -> 1080 | I75: =VLOOKUP(C75,BinningParamNotes!A:D,2,0) -> 115 | J75: =INDEX(Notes!$A$36:$N$47,MATCH(Binning!$B75,Notes!$A$36:$A$47,0),MATCH(Notes!$K$35,Notes!$A$35:$N$35,0)) -> 653.6 | L75: =VLOOKUP(C75,BinningParamNotes!A:D,4,0) -> 815 | M75: 635 | N75: =INDEX(GB!$A$2:$AD$96,MATCH($C75,GB!$A$2:$A$96,0),MATCH(N$2,GB!$A$1:$AD$1,0)) -> 80 | O75: =INDEX(GB!$A$2:$AD$96,MATCH($C75,GB!$A$2:$A$96,0),MATCH(O$2,GB!$A$1:$AD$1,0)) -> 30 | P75: =INDEX(GB!$A$2:$AD$96,MATCH($C75,GB!$A$2:$A$96,0),MATCH(P$2,GB!$A$1:$AD$1,0)) -> 50 | Q75: =INDEX(GB!$A$2:$AD$96,MATCH($C75,GB!$A$2:$A$96,0),MATCH(Q$2,GB!$A$1:$AD$1,0)) -> 45 | R75: =INDEX(Notes!$A$36:$N$47,MATCH(Binning!$B75,Notes!$A$36:$A$47,0),MATCH(Notes!$M$35,Notes!$A$35:$N$35,0)) -> 7866 | T75: =INDEX(GB!$A$2:$AD$96,MATCH($C75,GB!$A$2:$A$96,0),MATCH(T$2,GB!$A$1:$AD$1,0)) -> 0 | U75: =INDEX(GB!$A$2:$AD$96,MATCH($C75,GB!$A$2:$A$96,0),MATCH(U$2,GB!$A$1:$AD$1,0)) -> 0 | V75: =INDEX(GB!$A$2:$AD$96,MATCH($C75,GB!$A$2:$A$96,0),MATCH(V$2,GB!$A$1:$AD$1,0)) -> 0 | W75: =INDEX(GB!$A$2:$AD$96,MATCH($C75,GB!$A$2:$A$96,0),MATCH(W$2,GB!$A$1:$AD$1,0)) -> 25 | X75: =INDEX(GB!$A$2:$AD$96,MATCH($C75,GB!$A$2:$A$96,0),MATCH(X$2,GB!$A$1:$AD$1,0)) -> 20 | Y75: 5 | Z75: 1250 | AA75: 400 | AF75: 5 | AI75: =IF($BR75=1,BS75,"") | AJ75: =IF($BR75=1,BT75,"") | AK75: =IF($BR75=1,BU75,"") | AL75: =IF($BR75=1,BV75,"") | AM75: =IF($BR75=1,"YES","") | AT75: =B75 -> PCPU | AU75: =J75 -> 653.6 | AX75: =L75+N75 -> 895 | AY75: =M75+N75 -> 715 | AZ75: =INDEX(Notes!$A$36:$O$47,MATCH($B75,Notes!A$36:A$47,0),MATCH(AZ$2,Notes!A$35:O$35,0)) -> 594.18522 | BA75: =MAX(MIN(Y75*FLOOR((H75-I75*LOG10(AZ75))/Y75,1),L75),M75) -> 760 | BB75: =BA75+N75 -> 840 | BC75: =MAX(MIN(Y75*FLOOR((H75-I75*LOG10(J75))/Y75,1),L75),M75) -> 755 | BD75: =BC75+N75 -> 835 | BO75: =MAX(J75:J81) -> 653.6 | BP75: =IF(CODE(RIGHT($C75,1))<58,CODE(RIGHT($C75,1))-48,CODE(RIGHT($C75,1))-55) -> 7 | BQ75: =MID($D75,2,2) -> 1 | BR75: 0 | BS75: MP005 | BT75: MP008 | BU75: 0.70588235 | BV75: 1
A76: TRUE | B76: PCPU | C76: MP007 | D76: =CONCATENATE("E",MID(D75,2,2)+1) -> E2 | E76: =1000000+BP76*1000+BQ76 -> 1007002 | F76: =CONCATENATE(C76,"_",D76) -> MP007_E2 | G76: Bin1 | H76: =H75-15 -> 1065 | I76: =I75 -> 115 | J76: =INDEX(Notes!$A$36:$N$47,MATCH(Binning!$B76,Notes!$A$36:$A$47,0),MATCH(Notes!$K$35,Notes!$A$35:$N$35,0)) -> 653.6 | L76: =L75-10 -> 805 | M76: =M75 -> 635 | N76: =INDEX(GB!$A$2:$AD$96,MATCH($C76,GB!$A$2:$A$96,0),MATCH(N$2,GB!$A$1:$AD$1,0)) -> 80 | O76: =INDEX(GB!$A$2:$AD$96,MATCH($C76,GB!$A$2:$A$96,0),MATCH(O$2,GB!$A$1:$AD$1,0)) -> 30 | P76: =INDEX(GB!$A$2:$AD$96,MATCH($C76,GB!$A$2:$A$96,0),MATCH(P$2,GB!$A$1:$AD$1,0)) -> 50 | Q76: =INDEX(GB!$A$2:$AD$96,MATCH($C76,GB!$A$2:$A$96,0),MATCH(Q$2,GB!$A$1:$AD$1,0)) -> 45 | R76: =INDEX(Notes!$A$36:$N$47,MATCH(Binning!$B76,Notes!$A$36:$A$47,0),MATCH(Notes!$M$35,Notes!$A$35:$N$35,0)) -> 7866 | T76: =INDEX(GB!$A$2:$AD$96,MATCH($C76,GB!$A$2:$A$96,0),MATCH(T$2,GB!$A$1:$AD$1,0)) -> 0 | U76: =INDEX(GB!$A$2:$AD$96,MATCH($C76,GB!$A$2:$A$96,0),MATCH(U$2,GB!$A$1:$AD$1,0)) -> 0 | V76: =INDEX(GB!$A$2:$AD$96,MATCH($C76,GB!$A$2:$A$96,0),MATCH(V$2,GB!$A$1:$AD$1,0)) -> 0 | W76: =INDEX(GB!$A$2:$AD$96,MATCH($C76,GB!$A$2:$A$96,0),MATCH(W$2,GB!$A$1:$AD$1,0)) -> 25 | X76: =INDEX(GB!$A$2:$AD$96,MATCH($C76,GB!$A$2:$A$96,0),MATCH(X$2,GB!$A$1:$AD$1,0)) -> 20 | Y76: 5 | Z76: 1250 | AA76: 400 | AF76: =AF75 -> 5 | AI76: =IF($BR76=1,BS76,"") | AJ76: =IF($BR76=1,BT76,"") | AK76: =IF($BR76=1,BU76,"") | AL76: =IF($BR76=1,BV76,"") | AM76: =IF($BR76=1,"YES","") | AT76: =B76 -> PCPU | AU76: =J76 -> 653.6 | AX76: =L76+N76 -> 885 | AY76: =M76+N76 -> 715 | AZ76: =INDEX(Notes!$A$36:$O$47,MATCH($B76,Notes!A$36:A$47,0),MATCH(AZ$2,Notes!A$35:O$35,0)) -> 594.18522 | BA76: =MAX(MIN(Y76*FLOOR((H76-I76*LOG10(AZ76))/Y76,1),L76),M76) -> 745 | BB76: =BA76+N76 -> 825 | BC76: =MAX(MIN(Y76*FLOOR((H76-I76*LOG10(J76))/Y76,1),L76),M76) -> 740 | BD76: =BC76+N76 -> 820 | BO76: =BO75 -> 653.6 | BP76: =IF(CODE(RIGHT($C76,1))<58,CODE(RIGHT($C76,1))-48,CODE(RIGHT($C76,1))-55) -> 7 | BQ76: =MID($D76,2,2) -> 2 | BR76: =IF(BR75="","",BR75) -> 0 | BS76: =IF(BS75="","",BS75) -> MP005 | BT76: =IF(BT75="","",BT75) -> MP008 | BU76: =IF(BU75="","",BU75) -> 0.70588235 | BV76: =IF(BV75="","",BV75) -> 1
A77: TRUE | B77: PCPU | C77: MP007 | D77: =CONCATENATE("E",MID(D76,2,2)+1) -> E3 | E77: =1000000+BP77*1000+BQ77 -> 1007003 | F77: =CONCATENATE(C77,"_",D77) -> MP007_E3 | G77: Bin1 | H77: =H76-15 -> 1050 | I77: =I76 -> 115 | J77: =INDEX(Notes!$A$36:$N$47,MATCH(Binning!$B77,Notes!$A$36:$A$47,0),MATCH(Notes!$K$35,Notes!$A$35:$N$35,0)) -> 653.6 | L77: =L76-10 -> 795 | M77: =M76 -> 635 | N77: =INDEX(GB!$A$2:$AD$96,MATCH($C77,GB!$A$2:$A$96,0),MATCH(N$2,GB!$A$1:$AD$1,0)) -> 80 | O77: =INDEX(GB!$A$2:$AD$96,MATCH($C77,GB!$A$2:$A$96,0),MATCH(O$2,GB!$A$1:$AD$1,0)) -> 30 | P77: =INDEX(GB!$A$2:$AD$96,MATCH($C77,GB!$A$2:$A$96,0),MATCH(P$2,GB!$A$1:$AD$1,0)) -> 50 | Q77: =INDEX(GB!$A$2:$AD$96,MATCH($C77,GB!$A$2:$A$96,0),MATCH(Q$2,GB!$A$1:$AD$1,0)) -> 45 | R77: =INDEX(Notes!$A$36:$N$47,MATCH(Binning!$B77,Notes!$A$36:$A$47,0),MATCH(Notes!$M$35,Notes!$A$35:$N$35,0)) -> 7866 | T77: =INDEX(GB!$A$2:$AD$96,MATCH($C77,GB!$A$2:$A$96,0),MATCH(T$2,GB!$A$1:$AD$1,0)) -> 0 | U77: =INDEX(GB!$A$2:$AD$96,MATCH($C77,GB!$A$2:$A$96,0),MATCH(U$2,GB!$A$1:$AD$1,0)) -> 0 | V77: =INDEX(GB!$A$2:$AD$96,MATCH($C77,GB!$A$2:$A$96,0),MATCH(V$2,GB!$A$1:$AD$1,0)) -> 0 | W77: =INDEX(GB!$A$2:$AD$96,MATCH($C77,GB!$A$2:$A$96,0),MATCH(W$2,GB!$A$1:$AD$1,0)) -> 25 | X77: =INDEX(GB!$A$2:$AD$96,MATCH($C77,GB!$A$2:$A$96,0),MATCH(X$2,GB!$A$1:$AD$1,0)) -> 20 | Y77: 5 | Z77: 1250 | AA77: 400 | AF77: =AF76 -> 5 | AI77: =IF($BR77=1,BS77,"") | AJ77: =IF($BR77=1,BT77,"") | AK77: =IF($BR77=1,BU77,"") | AL77: =IF($BR77=1,BV77,"") | AM77: =IF($BR77=1,"YES","") | AT77: =B77 -> PCPU | AU77: =J77 -> 653.6 | AX77: =L77+N77 -> 875 | AY77: =M77+N77 -> 715 | AZ77: =INDEX(Notes!$A$36:$O$47,MATCH($B77,Notes!A$36:A$47,0),MATCH(AZ$2,Notes!A$35:O$35,0)) -> 594.18522 | BA77: =MAX(MIN(Y77*FLOOR((H77-I77*LOG10(AZ77))/Y77,1),L77),M77) -> 730 | BB77: =BA77+N77 -> 810 | BC77: =MAX(MIN(Y77*FLOOR((H77-I77*LOG10(J77))/Y77,1),L77),M77) -> 725 | BD77: =BC77+N77 -> 805 | BO77: =BO76 -> 653.6 | BP77: =IF(CODE(RIGHT($C77,1))<58,CODE(RIGHT($C77,1))-48,CODE(RIGHT($C77,1))-55) -> 7 | BQ77: =MID($D77,2,2) -> 3 | BR77: =IF(BR76="","",BR76) -> 0 | BS77: =IF(BS76="","",BS76) -> MP005 | BT77: =IF(BT76="","",BT76) -> MP008 | BU77: =IF(BU76="","",BU76) -> 0.70588235 | BV77: =IF(BV76="","",BV76) -> 1
A78: TRUE | B78: PCPU | C78: MP007 | D78: =CONCATENATE("E",MID(D77,2,2)+1) -> E4 | E78: =1000000+BP78*1000+BQ78 -> 1007004 | F78: =CONCATENATE(C78,"_",D78) -> MP007_E4 | G78: Bin1 | H78: =H77-15 -> 1035 | I78: =I77 -> 115 | J78: =INDEX(Notes!$A$36:$N$47,MATCH(Binning!$B78,Notes!$A$36:$A$47,0),MATCH(Notes!$K$35,Notes!$A$35:$N$35,0)) -> 653.6 | L78: =L77 -> 795 | M78: =M77 -> 635 | N78: =INDEX(GB!$A$2:$AD$96,MATCH($C78,GB!$A$2:$A$96,0),MATCH(N$2,GB!$A$1:$AD$1,0)) -> 80 | O78: =INDEX(GB!$A$2:$AD$96,MATCH($C78,GB!$A$2:$A$96,0),MATCH(O$2,GB!$A$1:$AD$1,0)) -> 30 | P78: =INDEX(GB!$A$2:$AD$96,MATCH($C78,GB!$A$2:$A$96,0),MATCH(P$2,GB!$A$1:$AD$1,0)) -> 50 | Q78: =INDEX(GB!$A$2:$AD$96,MATCH($C78,GB!$A$2:$A$96,0),MATCH(Q$2,GB!$A$1:$AD$1,0)) -> 45 | R78: =INDEX(Notes!$A$36:$N$47,MATCH(Binning!$B78,Notes!$A$36:$A$47,0),MATCH(Notes!$M$35,Notes!$A$35:$N$35,0)) -> 7866 | T78: =INDEX(GB!$A$2:$AD$96,MATCH($C78,GB!$A$2:$A$96,0),MATCH(T$2,GB!$A$1:$AD$1,0)) -> 0 | U78: =INDEX(GB!$A$2:$AD$96,MATCH($C78,GB!$A$2:$A$96,0),MATCH(U$2,GB!$A$1:$AD$1,0)) -> 0 | V78: =INDEX(GB!$A$2:$AD$96,MATCH($C78,GB!$A$2:$A$96,0),MATCH(V$2,GB!$A$1:$AD$1,0)) -> 0 | W78: =INDEX(GB!$A$2:$AD$96,MATCH($C78,GB!$A$2:$A$96,0),MATCH(W$2,GB!$A$1:$AD$1,0)) -> 25 | X78: =INDEX(GB!$A$2:$AD$96,MATCH($C78,GB!$A$2:$A$96,0),MATCH(X$2,GB!$A$1:$AD$1,0)) -> 20 | Y78: 5 | Z78: 1250 | AA78: 400 | AF78: =AF77 -> 5 | AI78: =IF($BR78=1,BS78,"") | AJ78: =IF($BR78=1,BT78,"") | AK78: =IF($BR78=1,BU78,"") | AL78: =IF($BR78=1,BV78,"") | AM78: =IF($BR78=1,"YES","") | AT78: =B78 -> PCPU | AU78: =J78 -> 653.6 | AX78: =L78+N78 -> 875 | AY78: =M78+N78 -> 715 | AZ78: =INDEX(Notes!$A$36:$O$47,MATCH($B78,Notes!A$36:A$47,0),MATCH(AZ$2,Notes!A$35:O$35,0)) -> 594.18522 | BA78: =MAX(MIN(Y78*FLOOR((H78-I78*LOG10(AZ78))/Y78,1),L78),M78) -> 715 | BB78: =BA78+N78 -> 795 | BC78: =MAX(MIN(Y78*FLOOR((H78-I78*LOG10(J78))/Y78,1),L78),M78) -> 710 | BD78: =BC78+N78 -> 790 | BO78: =BO77 -> 653.6 | BP78: =IF(CODE(RIGHT($C78,1))<58,CODE(RIGHT($C78,1))-48,CODE(RIGHT($C78,1))-55) -> 7 | BQ78: =MID($D78,2,2) -> 4 | BR78: =IF(BR77="","",BR77) -> 0 | BS78: =IF(BS77="","",BS77) -> MP005 | BT78: =IF(BT77="","",BT77) -> MP008 | BU78: =IF(BU77="","",BU77) -> 0.70588235 | BV78: =IF(BV77="","",BV77) -> 1
A79: TRUE | B79: PCPU | C79: MP007 | D79: =CONCATENATE("E",MID(D78,2,2)+1) -> E5 | E79: =1000000+BP79*1000+BQ79 -> 1007005 | F79: =CONCATENATE(C79,"_",D79) -> MP007_E5 | G79: Bin1 | H79: =H78-15 -> 1020 | I79: =I78 -> 115 | J79: =INDEX(Notes!$A$36:$N$47,MATCH(Binning!$B79,Notes!$A$36:$A$47,0),MATCH(Notes!$K$35,Notes!$A$35:$N$35,0)) -> 653.6 | L79: =L78 -> 795 | M79: =M78 -> 635 | N79: =INDEX(GB!$A$2:$AD$96,MATCH($C79,GB!$A$2:$A$96,0),MATCH(N$2,GB!$A$1:$AD$1,0)) -> 80 | O79: =INDEX(GB!$A$2:$AD$96,MATCH($C79,GB!$A$2:$A$96,0),MATCH(O$2,GB!$A$1:$AD$1,0)) -> 30 | P79: =INDEX(GB!$A$2:$AD$96,MATCH($C79,GB!$A$2:$A$96,0),MATCH(P$2,GB!$A$1:$AD$1,0)) -> 50 | Q79: =INDEX(GB!$A$2:$AD$96,MATCH($C79,GB!$A$2:$A$96,0),MATCH(Q$2,GB!$A$1:$AD$1,0)) -> 45 | R79: =INDEX(Notes!$A$36:$N$47,MATCH(Binning!$B79,Notes!$A$36:$A$47,0),MATCH(Notes!$M$35,Notes!$A$35:$N$35,0)) -> 7866 | T79: =INDEX(GB!$A$2:$AD$96,MATCH($C79,GB!$A$2:$A$96,0),MATCH(T$2,GB!$A$1:$AD$1,0)) -> 0 | U79: =INDEX(GB!$A$2:$AD$96,MATCH($C79,GB!$A$2:$A$96,0),MATCH(U$2,GB!$A$1:$AD$1,0)) -> 0 | V79: =INDEX(GB!$A$2:$AD$96,MATCH($C79,GB!$A$2:$A$96,0),MATCH(V$2,GB!$A$1:$AD$1,0)) -> 0 | W79: =INDEX(GB!$A$2:$AD$96,MATCH($C79,GB!$A$2:$A$96,0),MATCH(W$2,GB!$A$1:$AD$1,0)) -> 25 | X79: =INDEX(GB!$A$2:$AD$96,MATCH($C79,GB!$A$2:$A$96,0),MATCH(X$2,GB!$A$1:$AD$1,0)) -> 20 | Y79: 5 | Z79: 1250 | AA79: 400 | AF79: =AF78 -> 5 | AI79: =IF($BR79=1,BS79,"") | AJ79: =IF($BR79=1,BT79,"") | AK79: =IF($BR79=1,BU79,"") | AL79: =IF($BR79=1,BV79,"") | AM79: =IF($BR79=1,"YES","") | AT79: =B79 -> PCPU | AU79: =J79 -> 653.6 | AX79: =L79+N79 -> 875 | AY79: =M79+N79 -> 715 | AZ79: =INDEX(Notes!$A$36:$O$47,MATCH($B79,Notes!A$36:A$47,0),MATCH(AZ$2,Notes!A$35:O$35,0)) -> 594.18522 | BA79: =MAX(MIN(Y79*FLOOR((H79-I79*LOG10(AZ79))/Y79,1),L79),M79) -> 700 | BB79: =BA79+N79 -> 780 | BC79: =MAX(MIN(Y79*FLOOR((H79-I79*LOG10(J79))/Y79,1),L79),M79) -> 695 | BD79: =BC79+N79 -> 775 | BO79: =BO78 -> 653.6 | BP79: =IF(CODE(RIGHT($C79,1))<58,CODE(RIGHT($C79,1))-48,CODE(RIGHT($C79,1))-55) -> 7 | BQ79: =MID($D79,2,2) -> 5 | BR79: =IF(BR78="","",BR78) -> 0 | BS79: =IF(BS78="","",BS78) -> MP005 | BT79: =IF(BT78="","",BT78) -> MP008 | BU79: =IF(BU78="","",BU78) -> 0.70588235 | BV79: =IF(BV78="","",BV78) -> 1
A80: TRUE | B80: PCPU | C80: MP007 | D80: =CONCATENATE("E",MID(D79,2,2)+1) -> E6 | E80: =1000000+BP80*1000+BQ80 -> 1007006 | F80: =CONCATENATE(C80,"_",D80) -> MP007_E6 | G80: Bin1 | H80: =H79-15 -> 1005 | I80: =I79 -> 115 | J80: =INDEX(Notes!$A$36:$N$47,MATCH(Binning!$B80,Notes!$A$36:$A$47,0),MATCH(Notes!$K$35,Notes!$A$35:$N$35,0)) -> 653.6 | L80: =L79 -> 795 | M80: =M79 -> 635 | N80: =INDEX(GB!$A$2:$AD$96,MATCH($C80,GB!$A$2:$A$96,0),MATCH(N$2,GB!$A$1:$AD$1,0)) -> 80 | O80: =INDEX(GB!$A$2:$AD$96,MATCH($C80,GB!$A$2:$A$96,0),MATCH(O$2,GB!$A$1:$AD$1,0)) -> 30 | P80: =INDEX(GB!$A$2:$AD$96,MATCH($C80,GB!$A$2:$A$96,0),MATCH(P$2,GB!$A$1:$AD$1,0)) -> 50 | Q80: =INDEX(GB!$A$2:$AD$96,MATCH($C80,GB!$A$2:$A$96,0),MATCH(Q$2,GB!$A$1:$AD$1,0)) -> 45 | R80: =INDEX(Notes!$A$36:$N$47,MATCH(Binning!$B80,Notes!$A$36:$A$47,0),MATCH(Notes!$M$35,Notes!$A$35:$N$35,0)) -> 7866 | T80: =INDEX(GB!$A$2:$AD$96,MATCH($C80,GB!$A$2:$A$96,0),MATCH(T$2,GB!$A$1:$AD$1,0)) -> 0 | U80: =INDEX(GB!$A$2:$AD$96,MATCH($C80,GB!$A$2:$A$96,0),MATCH(U$2,GB!$A$1:$AD$1,0)) -> 0 | V80: =INDEX(GB!$A$2:$AD$96,MATCH($C80,GB!$A$2:$A$96,0),MATCH(V$2,GB!$A$1:$AD$1,0)) -> 0 | W80: =INDEX(GB!$A$2:$AD$96,MATCH($C80,GB!$A$2:$A$96,0),MATCH(W$2,GB!$A$1:$AD$1,0)) -> 25 | X80: =INDEX(GB!$A$2:$AD$96,MATCH($C80,GB!$A$2:$A$96,0),MATCH(X$2,GB!$A$1:$AD$1,0)) -> 20 | Y80: 5 | Z80: 1250 | AA80: 400 | AF80: =AF79 -> 5 | AI80: =IF($BR80=1,BS80,"") | AJ80: =IF($BR80=1,BT80,"") | AK80: =IF($BR80=1,BU80,"") | AL80: =IF($BR80=1,BV80,"") | AM80: =IF($BR80=1,"YES","") | AT80: =B80 -> PCPU | AU80: =J80 -> 653.6 | AX80: =L80+N80 -> 875 | AY80: =M80+N80 -> 715 | AZ80: =INDEX(Notes!$A$36:$O$47,MATCH($B80,Notes!A$36:A$47,0),MATCH(AZ$2,Notes!A$35:O$35,0)) -> 594.18522 | BA80: =MAX(MIN(Y80*FLOOR((H80-I80*LOG10(AZ80))/Y80,1),L80),M80) -> 685 | BB80: =BA80+N80 -> 765 | BC80: =MAX(MIN(Y80*FLOOR((H80-I80*LOG10(J80))/Y80,1),L80),M80) -> 680 | BD80: =BC80+N80 -> 760 | BO80: =BO79 -> 653.6 | BP80: =IF(CODE(RIGHT($C80,1))<58,CODE(RIGHT($C80,1))-48,CODE(RIGHT($C80,1))-55) -> 7 | BQ80: =MID($D80,2,2) -> 6 | BR80: =IF(BR79="","",BR79) -> 0 | BS80: =IF(BS79="","",BS79) -> MP005 | BT80: =IF(BT79="","",BT79) -> MP008 | BU80: =IF(BU79="","",BU79) -> 0.70588235 | BV80: =IF(BV79="","",BV79) -> 1
A81: TRUE | B81: PCPU | C81: MP007 | D81: =CONCATENATE("E",MID(D80,2,2)+1) -> E7 | E81: =1000000+BP81*1000+BQ81 -> 1007007 | F81: =CONCATENATE(C81,"_",D81) -> MP007_E7 | G81: Bin1 | H81: =H80-15 -> 990 | I81: =I80 -> 115 | J81: =INDEX(Notes!$A$36:$N$47,MATCH(Binning!$B81,Notes!$A$36:$A$47,0),MATCH(Notes!$K$35,Notes!$A$35:$N$35,0)) -> 653.6 | L81: =L80 -> 795 | M81: =M80 -> 635 | N81: =INDEX(GB!$A$2:$AD$96,MATCH($C81,GB!$A$2:$A$96,0),MATCH(N$2,GB!$A$1:$AD$1,0)) -> 80 | O81: =INDEX(GB!$A$2:$AD$96,MATCH($C81,GB!$A$2:$A$96,0),MATCH(O$2,GB!$A$1:$AD$1,0)) -> 30 | P81: =INDEX(GB!$A$2:$AD$96,MATCH($C81,GB!$A$2:$A$96,0),MATCH(P$2,GB!$A$1:$AD$1,0)) -> 50 | Q81: =INDEX(GB!$A$2:$AD$96,MATCH($C81,GB!$A$2:$A$96,0),MATCH(Q$2,GB!$A$1:$AD$1,0)) -> 45 | R81: =INDEX(Notes!$A$36:$N$47,MATCH(Binning!$B81,Notes!$A$36:$A$47,0),MATCH(Notes!$M$35,Notes!$A$35:$N$35,0)) -> 7866 | T81: =INDEX(GB!$A$2:$AD$96,MATCH($C81,GB!$A$2:$A$96,0),MATCH(T$2,GB!$A$1:$AD$1,0)) -> 0 | U81: =INDEX(GB!$A$2:$AD$96,MATCH($C81,GB!$A$2:$A$96,0),MATCH(U$2,GB!$A$1:$AD$1,0)) -> 0 | V81: =INDEX(GB!$A$2:$AD$96,MATCH($C81,GB!$A$2:$A$96,0),MATCH(V$2,GB!$A$1:$AD$1,0)) -> 0 | W81: =INDEX(GB!$A$2:$AD$96,MATCH($C81,GB!$A$2:$A$96,0),MATCH(W$2,GB!$A$1:$AD$1,0)) -> 25 | X81: =INDEX(GB!$A$2:$AD$96,MATCH($C81,GB!$A$2:$A$96,0),MATCH(X$2,GB!$A$1:$AD$1,0)) -> 20 | Y81: 5 | Z81: 1250 | AA81: 400 | AF81: =AF80 -> 5 | AI81: =IF($BR81=1,BS81,"") | AJ81: =IF($BR81=1,BT81,"") | AK81: =IF($BR81=1,BU81,"") | AL81: =IF($BR81=1,BV81,"") | AM81: =IF($BR81=1,"YES","") | AT81: =B81 -> PCPU | AU81: =J81 -> 653.6 | AX81: =L81+N81 -> 875 | AY81: =M81+N81 -> 715 | AZ81: =INDEX(Notes!$A$36:$O$47,MATCH($B81,Notes!A$36:A$47,0),MATCH(AZ$2,Notes!A$35:O$35,0)) -> 594.18522 | BA81: =MAX(MIN(Y81*FLOOR((H81-I81*LOG10(AZ81))/Y81,1),L81),M81) -> 670 | BB81: =BA81+N81 -> 750 | BC81: =MAX(MIN(Y81*FLOOR((H81-I81*LOG10(J81))/Y81,1),L81),M81) -> 665 | BD81: =BC81+N81 -> 745 | BO81: =BO80 -> 653.6 | BP81: =IF(CODE(RIGHT($C81,1))<58,CODE(RIGHT($C81,1))-48,CODE(RIGHT($C81,1))-55) -> 7 | BQ81: =MID($D81,2,2) -> 7 | BR81: =IF(BR80="","",BR80) -> 0 | BS81: =IF(BS80="","",BS80) -> MP005 | BT81: =IF(BT80="","",BT80) -> MP008 | BU81: =IF(BU80="","",BU80) -> 0.70588235 | BV81: =IF(BV80="","",BV80) -> 1
A82: TRUE | B82: PCPU | C82: MP007 | D82: =CONCATENATE("E",MID(D81,2,2)+1) -> E8 | E82: =1000000+BP82*1000+BQ82 -> 1007008 | F82: =CONCATENATE(C82,"_",D82) -> MP007_E8 | G82: Bin1 | H82: =H81-15 -> 975 | I82: =I81 -> 115 | J82: =INDEX(Notes!$A$36:$N$47,MATCH(Binning!$B82,Notes!$A$36:$A$47,0),MATCH(Notes!$K$35,Notes!$A$35:$N$35,0)) -> 653.6 | L82: =L81 -> 795 | M82: =M81 -> 635 | N82: =INDEX(GB!$A$2:$AD$96,MATCH($C82,GB!$A$2:$A$96,0),MATCH(N$2,GB!$A$1:$AD$1,0)) -> 80 | O82: =INDEX(GB!$A$2:$AD$96,MATCH($C82,GB!$A$2:$A$96,0),MATCH(O$2,GB!$A$1:$AD$1,0)) -> 30 | P82: =INDEX(GB!$A$2:$AD$96,MATCH($C82,GB!$A$2:$A$96,0),MATCH(P$2,GB!$A$1:$AD$1,0)) -> 50 | Q82: =INDEX(GB!$A$2:$AD$96,MATCH($C82,GB!$A$2:$A$96,0),MATCH(Q$2,GB!$A$1:$AD$1,0)) -> 45 | R82: =INDEX(Notes!$A$36:$N$47,MATCH(Binning!$B82,Notes!$A$36:$A$47,0),MATCH(Notes!$M$35,Notes!$A$35:$N$35,0)) -> 7866 | T82: =INDEX(GB!$A$2:$AD$96,MATCH($C82,GB!$A$2:$A$96,0),MATCH(T$2,GB!$A$1:$AD$1,0)) -> 0 | U82: =INDEX(GB!$A$2:$AD$96,MATCH($C82,GB!$A$2:$A$96,0),MATCH(U$2,GB!$A$1:$AD$1,0)) -> 0 | V82: =INDEX(GB!$A$2:$AD$96,MATCH($C82,GB!$A$2:$A$96,0),MATCH(V$2,GB!$A$1:$AD$1,0)) -> 0 | W82: =INDEX(GB!$A$2:$AD$96,MATCH($C82,GB!$A$2:$A$96,0),MATCH(W$2,GB!$A$1:$AD$1,0)) -> 25 | X82: =INDEX(GB!$A$2:$AD$96,MATCH($C82,GB!$A$2:$A$96,0),MATCH(X$2,GB!$A$1:$AD$1,0)) -> 20 | Y82: 5 | Z82: 1250 | AA82: 400 | AF82: =AF81 -> 5 | AI82: =IF($BR82=1,BS82,"") | AJ82: =IF($BR82=1,BT82,"") | AK82: =IF($BR82=1,BU82,"") | AL82: =IF($BR82=1,BV82,"") | AM82: =IF($BR82=1,"YES","") | AT82: =B82 -> PCPU | AU82: =J82 -> 653.6 | AX82: =L82+N82 -> 875 | AY82: =M82+N82 -> 715 | AZ82: =INDEX(Notes!$A$36:$O$47,MATCH($B82,Notes!A$36:A$47,0),MATCH(AZ$2,Notes!A$35:O$35,0)) -> 594.18522 | BA82: =MAX(MIN(Y82*FLOOR((H82-I82*LOG10(AZ82))/Y82,1),L82),M82) -> 655 | BB82: =BA82+N82 -> 735 | BC82: =MAX(MIN(Y82*FLOOR((H82-I82*LOG10(J82))/Y82,1),L82),M82) -> 650 | BD82: =BC82+N82 -> 730 | BO82: =BO81 -> 653.6 | BP82: =IF(CODE(RIGHT($C82,1))<58,CODE(RIGHT($C82,1))-48,CODE(RIGHT($C82,1))-55) -> 7 | BQ82: =MID($D82,2,2) -> 8 | BR82: =IF(BR81="","",BR81) -> 0 | BS82: =IF(BS81="","",BS81) -> MP005 | BT82: =IF(BT81="","",BT81) -> MP008 | BU82: =IF(BU81="","",BU81) -> 0.70588235 | BV82: =IF(BV81="","",BV81) -> 1
A83: TRUE | B83: PCPU | C83: MP007 | D83: =CONCATENATE("E",MID(D82,2,2)+1) -> E9 | E83: =1000000+BP83*1000+BQ83 -> 1007009 | F83: =CONCATENATE(C83,"_",D83) -> MP007_E9 | G83: Bin1 | H83: =H82-15 -> 960 | I83: =I82 -> 115 | J83: =INDEX(Notes!$A$36:$N$47,MATCH(Binning!$B83,Notes!$A$36:$A$47,0),MATCH(Notes!$K$35,Notes!$A$35:$N$35,0)) -> 653.6 | L83: =L82 -> 795 | M83: =M82 -> 635 | N83: =INDEX(GB!$A$2:$AD$96,MATCH($C83,GB!$A$2:$A$96,0),MATCH(N$2,GB!$A$1:$AD$1,0)) -> 80 | O83: =INDEX(GB!$A$2:$AD$96,MATCH($C83,GB!$A$2:$A$96,0),MATCH(O$2,GB!$A$1:$AD$1,0)) -> 30 | P83: =INDEX(GB!$A$2:$AD$96,MATCH($C83,GB!$A$2:$A$96,0),MATCH(P$2,GB!$A$1:$AD$1,0)) -> 50 | Q83: =INDEX(GB!$A$2:$AD$96,MATCH($C83,GB!$A$2:$A$96,0),MATCH(Q$2,GB!$A$1:$AD$1,0)) -> 45 | R83: =INDEX(Notes!$A$36:$N$47,MATCH(Binning!$B83,Notes!$A$36:$A$47,0),MATCH(Notes!$M$35,Notes!$A$35:$N$35,0)) -> 7866 | T83: =INDEX(GB!$A$2:$AD$96,MATCH($C83,GB!$A$2:$A$96,0),MATCH(T$2,GB!$A$1:$AD$1,0)) -> 0 | U83: =INDEX(GB!$A$2:$AD$96,MATCH($C83,GB!$A$2:$A$96,0),MATCH(U$2,GB!$A$1:$AD$1,0)) -> 0 | V83: =INDEX(GB!$A$2:$AD$96,MATCH($C83,GB!$A$2:$A$96,0),MATCH(V$2,GB!$A$1:$AD$1,0)) -> 0 | W83: =INDEX(GB!$A$2:$AD$96,MATCH($C83,GB!$A$2:$A$96,0),MATCH(W$2,GB!$A$1:$AD$1,0)) -> 25 | X83: =INDEX(GB!$A$2:$AD$96,MATCH($C83,GB!$A$2:$A$96,0),MATCH(X$2,GB!$A$1:$AD$1,0)) -> 20 | Y83: 5 | Z83: 1250 | AA83: 400 | AF83: =AF82 -> 5 | AI83: =IF($BR83=1,BS83,"") | AJ83: =IF($BR83=1,BT83,"") | AK83: =IF($BR83=1,BU83,"") | AL83: =IF($BR83=1,BV83,"") | AM83: =IF($BR83=1,"YES","") | AT83: =B83 -> PCPU | AU83: =J83 -> 653.6 | AX83: =L83+N83 -> 875 | AY83: =M83+N83 -> 715 | AZ83: =INDEX(Notes!$A$36:$O$47,MATCH($B83,Notes!A$36:A$47,0),MATCH(AZ$2,Notes!A$35:O$35,0)) -> 594.18522 | BA83: =MAX(MIN(Y83*FLOOR((H83-I83*LOG10(AZ83))/Y83,1),L83),M83) -> 640 | BB83: =BA83+N83 -> 720 | BC83: =MAX(MIN(Y83*FLOOR((H83-I83*LOG10(J83))/Y83,1),L83),M83) -> 635 | BD83: =BC83+N83 -> 715 | BO83: =BO82 -> 653.6 | BP83: =IF(CODE(RIGHT($C83,1))<58,CODE(RIGHT($C83,1))-48,CODE(RIGHT($C83,1))-55) -> 7 | BQ83: =MID($D83,2,2) -> 9 | BR83: =IF(BR82="","",BR82) -> 0 | BS83: =IF(BS82="","",BS82) -> MP005 | BT83: =IF(BT82="","",BT82) -> MP008 | BU83: =IF(BU82="","",BU82) -> 0.70588235 | BV83: =IF(BV82="","",BV82) -> 1
A84: TRUE | B84: PCPU | C84: MP007 | D84: =CONCATENATE("E",MID(D83,2,2)+1) -> E10 | E84: =1000000+BP84*1000+BQ84 -> 1007010 | F84: =CONCATENATE(C84,"_",D84) -> MP007_E10 | G84: Bin1 | H84: =H83-15 -> 945 | I84: =I83 -> 115 | J84: =INDEX(Notes!$A$36:$N$47,MATCH(Binning!$B84,Notes!$A$36:$A$47,0),MATCH(Notes!$K$35,Notes!$A$35:$N$35,0)) -> 653.6 | L84: =L83 -> 795 | M84: =M83 -> 635 | N84: =INDEX(GB!$A$2:$AD$96,MATCH($C84,GB!$A$2:$A$96,0),MATCH(N$2,GB!$A$1:$AD$1,0)) -> 80 | O84: =INDEX(GB!$A$2:$AD$96,MATCH($C84,GB!$A$2:$A$96,0),MATCH(O$2,GB!$A$1:$AD$1,0)) -> 30 | P84: =INDEX(GB!$A$2:$AD$96,MATCH($C84,GB!$A$2:$A$96,0),MATCH(P$2,GB!$A$1:$AD$1,0)) -> 50 | Q84: =INDEX(GB!$A$2:$AD$96,MATCH($C84,GB!$A$2:$A$96,0),MATCH(Q$2,GB!$A$1:$AD$1,0)) -> 45 | R84: =INDEX(Notes!$A$36:$N$47,MATCH(Binning!$B84,Notes!$A$36:$A$47,0),MATCH(Notes!$M$35,Notes!$A$35:$N$35,0)) -> 7866 | T84: =INDEX(GB!$A$2:$AD$96,MATCH($C84,GB!$A$2:$A$96,0),MATCH(T$2,GB!$A$1:$AD$1,0)) -> 0 | U84: =INDEX(GB!$A$2:$AD$96,MATCH($C84,GB!$A$2:$A$96,0),MATCH(U$2,GB!$A$1:$AD$1,0)) -> 0 | V84: =INDEX(GB!$A$2:$AD$96,MATCH($C84,GB!$A$2:$A$96,0),MATCH(V$2,GB!$A$1:$AD$1,0)) -> 0 | W84: =INDEX(GB!$A$2:$AD$96,MATCH($C84,GB!$A$2:$A$96,0),MATCH(W$2,GB!$A$1:$AD$1,0)) -> 25 | X84: =INDEX(GB!$A$2:$AD$96,MATCH($C84,GB!$A$2:$A$96,0),MATCH(X$2,GB!$A$1:$AD$1,0)) -> 20 | Y84: 5 | Z84: 1250 | AA84: 400 | AF84: =AF83 -> 5 | AI84: =IF($BR84=1,BS84,"") | AJ84: =IF($BR84=1,BT84,"") | AK84: =IF($BR84=1,BU84,"") | AL84: =IF($BR84=1,BV84,"") | AM84: =IF($BR84=1,"YES","") | AT84: =B84 -> PCPU | AU84: =J84 -> 653.6 | AX84: =L84+N84 -> 875 | AY84: =M84+N84 -> 715 | AZ84: =INDEX(Notes!$A$36:$O$47,MATCH($B84,Notes!A$36:A$47,0),MATCH(AZ$2,Notes!A$35:O$35,0)) -> 594.18522 | BA84: =MAX(MIN(Y84*FLOOR((H84-I84*LOG10(AZ84))/Y84,1),L84),M84) -> 635 | BB84: =BA84+N84 -> 715 | BC84: =MAX(MIN(Y84*FLOOR((H84-I84*LOG10(J84))/Y84,1),L84),M84) -> 635 | BD84: =BC84+N84 -> 715 | BO84: =BO83 -> 653.6 | BP84: =IF(CODE(RIGHT($C84,1))<58,CODE(RIGHT($C84,1))-48,CODE(RIGHT($C84,1))-55) -> 7 | BQ84: =MID($D84,2,2) -> 10 | BR84: =IF(BR83="","",BR83) -> 0 | BS84: =IF(BS83="","",BS83) -> MP005 | BT84: =IF(BT83="","",BT83) -> MP008 | BU84: =IF(BU83="","",BU83) -> 0.70588235 | BV84: =IF(BV83="","",BV83) -> 1
