Workbook

Sheet TTR Summary
B2: Single-Site | I2: Multi-Site | M2: 4 | O2: PTE
B3: IP | C3: CP1 TT (s) | D3: CP2 TT (s) | E3: FT1 TT (s) | F3: FT2 TT (s) | G3: Total (s) | I3: CP1 TT (s) | J3: CP2 TT (s) | K3: FT1 TT (s) | L3: FT2 TT (s) | M3: Total (s) | O3: CP1 | P3: CP2 | Q3: FT1 | R3: FT2
B4: IO_JTAG | C4: =ROUND(#REF!/1000, 2) -> #REF! | D4: =ROUND(#REF!/1000, 2) -> #REF! | E4: =ROUND(#REF!/1000, 2) -> #REF! | F4: =ROUND(#REF!/1000, 2) -> #REF! | G4: =SUM(C4:F4) -> #REF! | O4: =1-(I4-C4)/((M2-1)*C4) -> #REF! | P4: =1-(J4-D4)/((M2-1)*D4) -> #REF! | Q4: =1-(K4-E4)/((M2-1)*E4) -> #REF! | R4: =1-(L4-F4)/((M2-1)*F4) -> #REF!
B5: ADCDFT | C5: =ROUND(#REF!/1000, 2) -> #REF! | D5: =ROUND(#REF!/1000, 2) -> #REF! | E5: =ROUND(#REF!/1000, 2) -> #REF! | F5: =ROUND(#REF!/1000, 2) -> #REF! | G5: =SUM(C5:F5) -> #REF! | O5: =1-(I5-C5)/((M2-1)*C5) -> #REF! | P5: =1-(J5-D5)/((M2-1)*D5) -> #REF! | Q5: =1-(K5-E5)/((M2-1)*E5) -> #REF! | R5: =1-(L5-F5)/((M2-1)*F5) -> #REF!
B6: MTRICTS | C6: =ROUND(#REF!/1000, 2) -> #REF! | D6: =ROUND(#REF!/1000, 2) -> #REF! | E6: =ROUND(#REF!/1000, 2) -> #REF! | F6: =ROUND(#REF!/1000, 2) -> #REF! | G6: =SUM(C6:F6) -> #REF! | O6: =1-(I6-C6)/((M2-1)*C6) -> #REF! | P6: =1-(J6-D6)/((M2-1)*D6) -> #REF! | Q6: =1-(K6-E6)/((M2-1)*E6) -> #REF! | R6: =1-(L6-F6)/((M2-1)*F6) -> #REF!
B7: NTSE | C7: =ROUND(#REF!/1000, 2) -> #REF! | D7: =ROUND(#REF!/1000, 2) -> #REF! | E7: =ROUND(#REF!/1000, 2) -> #REF! | F7: =ROUND(#REF!/1000, 2) -> #REF! | G7: =SUM(C7:F7) -> #REF! | O7: =1-(I7-C7)/((M2-1)*C7) -> #REF! | P7: =1-(J7-D7)/((M2-1)*D7) -> #REF! | Q7: =1-(K7-E7)/((M2-1)*E7) -> #REF! | R7: =1-(L7-F7)/((M2-1)*F7) -> #REF!
B8: NTSR | C8: =ROUND(#REF!/1000, 2) -> #REF! | D8: =ROUND(#REF!/1000, 2) -> #REF! | E8: =ROUND(#REF!/1000, 2) -> #REF! | F8: =ROUND(#REF!/1000, 2) -> #REF! | G8: =SUM(C8:F8) -> #REF! | O8: =1-(I8-C8)/((M2-1)*C8) -> #REF! | P8: =1-(J8-D8)/((M2-1)*D8) -> #REF! | Q8: =1-(K8-E8)/((M2-1)*E8) -> #REF! | R8: =1-(L8-F8)/((M2-1)*F8) -> #REF!
B9: DSGRINGS | C9: =ROUND(DSGRINGS!F2/1000, 2) -> 9.2 | D9: =ROUND(DSGRINGS!I2/1000, 2) -> 9.2 | E9: =ROUND(DSGRINGS!L2/1000, 2) -> 9.2 | F9: =ROUND(DSGRINGS!O2/1000, 2) -> 9.2 | G9: =SUM(C9:F9) -> 36.8 | O9: =1-(I9-C9)/((M2-1)*C9) -> 1.3333333 | P9: =1-(J9-D9)/((M2-1)*D9) -> 1.3333333 | Q9: =1-(K9-E9)/((M2-1)*E9) -> 1.3333333 | R9: =1-(L9-F9)/((M2-1)*F9) -> 1.3333333
B10: NPMS | C10: =ROUND(NPMS!F2/1000, 2) -> 43.82 | D10: =ROUND(NPMS!I2/1000, 2) -> 43.82 | E10: =ROUND(NPMS!L2/1000, 2) -> 43.82 | F10: =ROUND(NPMS!O2/1000, 2) -> 43.82 | G10: =SUM(C10:F10) -> 175.28 | O10: =1-(I10-C10)/((M2-1)*C10) -> 1.3333333 | P10: =1-(J10-D10)/((M2-1)*D10) -> 1.3333333 | Q10: =1-(K10-E10)/((M2-1)*E10) -> 1.3333333 | R10: =1-(L10-F10)/((M2-1)*F10) -> 1.3333333
B11: DAPS | C11: =ROUND(DAPS!F2/1000, 2) -> 2.73 | D11: =ROUND(DAPS!I2/1000, 2) -> 2.73 | E11: =ROUND(DAPS!L2/1000, 2) -> 2.73 | F11: =ROUND(DAPS!O2/1000, 2) -> 2.73 | G11: =SUM(C11:F11) -> 10.92 | O11: =1-(I11-C11)/((M2-1)*C11) -> 1.3333333 | P11: =1-(J11-D11)/((M2-1)*D11) -> 1.3333333 | Q11: =1-(K11-E11)/((M2-1)*E11) -> 1.3333333 | R11: =1-(L11-F11)/((M2-1)*F11) -> 1.3333333
B12: NCKM | C12: =ROUND(NCKM!F2/1000, 2) -> 7.52 | D12: =ROUND(NCKM!I2/1000, 2) -> 7.52 | E12: =ROUND(NCKM!L2/1000, 2) -> 7.52 | F12: =ROUND(NCKM!O2/1000, 2) -> 7.52 | G12: =SUM(C12:F12) -> 30.08 | O12: =1-(I12-C12)/((M2-1)*C12) -> 1.3333333 | P12: =1-(J12-D12)/((M2-1)*D12) -> 1.3333333 | Q12: =1-(K12-E12)/((M2-1)*E12) -> 1.3333333 | R12: =1-(L12-F12)/((M2-1)*F12) -> 1.3333333
B13: LLPSMNPP | C13: =ROUND(LLPSMNPP!F2/1000, 2) -> 3.6 | D13: =ROUND(LLPSMNPP!I2/1000, 2) -> 3.6 | E13: =ROUND(LLPSMNPP!L2/1000, 2) -> 3.6 | F13: =ROUND(LLPSMNPP!O2/1000, 2) -> 3.6 | G13: =SUM(C13:F13) -> 14.4 | O13: =1-(I13-C13)/((M2-1)*C13) -> 1.3333333 | P13: =1-(J13-D13)/((M2-1)*D13) -> 1.3333333 | Q13: =1-(K13-E13)/((M2-1)*E13) -> 1.3333333 | R13: =1-(L13-F13)/((M2-1)*F13) -> 1.3333333
B14: ABSMIN | C14: =ROUND(ABSMIN!F2/1000, 2) -> 36.74 | D14: =ROUND(ABSMIN!I2/1000, 2) -> 36.74 | E14: =ROUND(ABSMIN!L2/1000, 2) -> 36.74 | F14: =ROUND(ABSMIN!O2/1000, 2) -> 36.74 | G14: =SUM(C14:F14) -> 146.96 | O14: =1-(I14-C14)/((M2-1)*C14) -> 1.3333333 | P14: =1-(J14-D14)/((M2-1)*D14) -> 1.3333333 | Q14: =1-(K14-E14)/((M2-1)*E14) -> 1.3333333 | R14: =1-(L14-F14)/((M2-1)*F14) -> 1.3333333
B15: IVDM | C15: =ROUND(#REF!/1000, 2) -> #REF! | D15: =ROUND(#REF!/1000, 2) -> #REF! | E15: =ROUND(#REF!/1000, 2) -> #REF! | F15: =ROUND(#REF!/1000, 2) -> #REF! | G15: =SUM(C15:F15) -> #REF! | O15: =1-(I15-C15)/((M2-1)*C15) -> #REF! | P15: =1-(J15-D15)/((M2-1)*D15) -> #REF! | Q15: =1-(K15-E15)/((M2-1)*E15) -> #REF! | R15: =1-(L15-F15)/((M2-1)*F15) -> #REF!
B16: DSGVTHSENSOR | C16: =ROUND(DSGVTHSENSOR!F2/1000, 2) -> 33.81 | D16: =ROUND(DSGVTHSENSOR!I2/1000, 2) -> 33.81 | E16: =ROUND(DSGVTHSENSOR!L2/1000, 2) -> 33.81 | F16: =ROUND(DSGVTHSENSOR!O2/1000, 2) -> 33.81 | G16: =SUM(C16:F16) -> 135.24 | O16: =1-(I16-C16)/((M2-1)*C16) -> 1.3333333 | P16: =1-(J16-D16)/((M2-1)*D16) -> 1.3333333 | Q16: =1-(K16-E16)/((M2-1)*E16) -> 1.3333333 | R16: =1-(L16-F16)/((M2-1)*F16) -> 1.3333333
B17: PWRDET | C17: =ROUND(PWRDET!F2/1000, 2) -> 1.61 | D17: =ROUND(PWRDET!I2/1000, 2) -> 1.61 | E17: =ROUND(PWRDET!L2/1000, 2) -> 1.61 | F17: =ROUND(PWRDET!O2/1000, 2) -> 1.61 | G17: =SUM(C17:F17) -> 6.44 | O17: =1-(I17-C17)/((M2-1)*C17) -> 1.3333333 | P17: =1-(J17-D17)/((M2-1)*D17) -> 1.3333333 | Q17: =1-(K17-E17)/((M2-1)*E17) -> 1.3333333 | R17: =1-(L17-F17)/((M2-1)*F17) -> 1.3333333
B18: CLKMON | C18: =ROUND(CLKMON!F2/1000, 2) -> 5.83 | D18: =ROUND(CLKMON!I2/1000, 2) -> 5.83 | E18: =ROUND(CLKMON!L2/1000, 2) -> 5.83 | F18: =ROUND(CLKMON!O2/1000, 2) -> 5.83 | G18: =SUM(C18:F18) -> 23.32 | O18: =1-(I18-C18)/((M2-1)*C18) -> 1.3333333 | P18: =1-(J18-D18)/((M2-1)*D18) -> 1.3333333 | Q18: =1-(K18-E18)/((M2-1)*E18) -> 1.3333333 | R18: =1-(L18-F18)/((M2-1)*F18) -> 1.3333333
B19: AMP | C19: =ROUND(#REF!/1000, 2) -> #REF! | D19: =ROUND(#REF!/1000, 2) -> #REF! | E19: =ROUND(#REF!/1000, 2) -> #REF! | F19: =ROUND(#REF!/1000, 2) -> #REF! | G19: =SUM(C19:F19) -> #REF! | O19: =1-(I19-C19)/((M2-1)*C19) -> #REF! | P19: =1-(J19-D19)/((M2-1)*D19) -> #REF! | Q19: =1-(K19-E19)/((M2-1)*E19) -> #REF! | R19: =1-(L19-F19)/((M2-1)*F19) -> #REF!
B21: Total: | C21: =SUM(C4:C19) -> #REF! | D21: =SUM(D4:D19) -> #REF! | E21: =SUM(E4:E19) -> #REF! | F21: =SUM(F4:F19) -> #REF! | G21: =SUM(G4:G19) -> #REF! | I21: =SUM(I4:I19) -> 0 | J21: =SUM(J4:J19) -> 0 | K21: =SUM(K4:K19) -> 0 | L21: =SUM(L4:L19) -> 0 | M21: =SUM(M4:M19) -> 0 | O21: =1-(I21-C21)/((M2-1)*C21) -> #REF! | P21: =1-(J21-D21)/((M2-1)*D21) -> #REF! | Q21: =1-(K21-E21)/((M2-1)*E21) -> #REF! | R21: =1-(L21-F21)/((M2-1)*F21) -> #REF!

Sheet DSGRINGS
A2: Proposal for TTR | D2: Total (ms) | F2: =SUM(E5:G13) -> 9195.7 | I2: =SUM(H5:J13) -> 9195.7 | L2: =SUM(K5:M13) -> 9195.7 | O2: =SUM(N5:P13) -> 9195.7
E3: CP1 (ms) | H3: CP2 (ms) | K3: FT1 (ms) | N3: FT2 (ms)
A4: Category | B4: SubBlock | C4: Pattern | D4: Run If Fail | E4: LV | F4: NV | G4: HV | H4: LV | I4: NV | J4: HV | K4: LV | L4: NV | M4: HV | N4: LV | O4: NV | P4: HV | Q4: Prod CP1 | R4: Prod CP2 | S4: Prod FT1 | T4: Prod FT2 | U4: Mon | V4: T0Tx | W4: RMA Room | X4: RMA Hot
A5: DSGRINGS | B5: RNGLITEVAOPDC0 | C5: PP_BRNA0_C_FULP_AN_RING_FRQ_JTG_RNG_ALLFRV_SI_RNGLITE_VAOPDC0 | F5: 389.86 | I5: 389.86 | L5: 389.86 | O5: 389.86 | Q5: NV
A6: DSGRINGS | B6: RNGSTDVSOCDC0 | C6: PP_BRNA0_C_FULP_AN_RING_FRQ_JTG_RNG_ALLFRV_SI_RNGSTD_VSOCDC0 | F6: 536.11 | I6: 536.11 | L6: 536.11 | O6: 536.11 | Q6: NV
A7: DSGRINGS | B7: RNGLITEPCOREDC1 | C7: PP_BRNA0_C_FULP_AN_RING_FRQ_JTG_RNG_ALLFRV_SI_RNGLITE_PCOREDC1 | F7: 393.38 | I7: 393.38 | L7: 393.38 | O7: 393.38 | Q7: NV
A8: DSGRINGS | B8: RNGLITEECOREDC1 | C8: PP_BRNA0_C_FULP_AN_RING_FRQ_JTG_RNG_ALLFRV_SI_RNGLITE_ECOREDC1 | F8: 415.64 | I8: 415.64 | L8: 415.64 | O8: 415.64
A9: DSGRINGS | B9: MNRNGLITEVSOCDC0 | C9: MN_BRNA0_C_FULP_AN_RING_FRQ_JTG_RNG_ALLFRV_SI_RNGLITE_VSOCDC0 | F9: 1008.63 | I9: 1008.63 | L9: 1008.63 | O9: 1008.63
A10: DSGRINGS | B10: MNRNGSTDVSOCDC0 | C10: MN_BRNA0_C_FULP_AN_RING_FRQ_JTG_RNG_ALLFRV_SI_RNGSTD_VSOCDC0 | F10: 555.78 | I10: 555.78 | L10: 555.78 | O10: 555.78
A11: DSGRINGS | B11: RNGCPUHV | C11: PP_BRNA0_C_FULP_AN_RING_FRQ_JTG_RCR_ALLFRV_SI_RNG_CPUHV | E11: 565.9 | F11: 594.49 | G11: 584.19 | H11: 565.9 | I11: 594.49 | J11: 584.19 | K11: 565.9 | L11: 594.49 | M11: 584.19 | N11: 565.9 | O11: 594.49 | P11: 584.19 | Q11: NV
A12: DSGRINGS | B12: RNGCPUVER | C12: PP_BRNA0_C_FULP_AN_RING_FRQ_JTG_RCR_ALLFRV_SI_RNG_CPUVER | E12: 782.1 | F12: 754.69 | G12: 755.11 | H12: 782.1 | I12: 754.69 | J12: 755.11 | K12: 782.1 | L12: 754.69 | M12: 755.11 | N12: 782.1 | O12: 754.69 | P12: 755.11 | Q12: NV
A13: DSGRINGS | B13: RNGCPUHORI | C13: PP_BRNA0_C_FULP_AN_RING_FRQ_JTG_RCR_ALLFRV_SI_RNG_CPUHORI | E13: 609.54 | F13: 624.57 | G13: 625.71 | H13: 609.54 | I13: 624.57 | J13: 625.71 | K13: 609.54 | L13: 624.57 | M13: 625.71 | N13: 609.54 | O13: 624.57 | P13: 625.71 | Q13: NV

Sheet NPMS
A2: Proposal for TTR | D2: Total (ms) | F2: =SUM(E5:G9) -> 43824.41 | I2: =SUM(H5:J9) -> 43824.41 | L2: =SUM(K5:M9) -> 43824.41 | O2: =SUM(N5:P9) -> 43824.41
E3: CP1 (ms) | H3: CP2 (ms) | K3: FT1 (ms) | N3: FT2 (ms)
A4: Category | B4: SubBlock | C4: Pattern | D4: Run If Fail | E4: LV | F4: NV | G4: HV | H4: LV | I4: NV | J4: HV | K4: LV | L4: NV | M4: HV | N4: LV | O4: NV | P4: HV | Q4: Prod CP1 | R4: Prod CP2 | S4: Prod FT1 | T4: Prod FT2 | U4: Mon | V4: T0Tx | W4: RMA Room | X4: RMA Hot
A5: NPMS | B5: NPMST3 | C5: PP_BRNA0_S_FULP_AN_NPMS_FRQ_JTG_COD_ALLFRV_SI_NPMS_T3 | E5: 2214.46 | F5: 2277.96 | G5: 2018.78 | H5: 2214.46 | I5: 2277.96 | J5: 2018.78 | K5: 2214.46 | L5: 2277.96 | M5: 2018.78 | N5: 2214.46 | O5: 2277.96 | P5: 2018.78 | Q5: NV
A6: NPMS | B6: NPMST4 | C6: PP_BRNA0_S_FULP_AN_NPMS_FRQ_JTG_COD_ALLFRV_SI_NPMS_T4 | E6: 2808.33 | F6: 2905.86 | G6: 4337.1 | H6: 2808.33 | I6: 2905.86 | J6: 4337.1 | K6: 2808.33 | L6: 2905.86 | M6: 4337.1 | N6: 2808.33 | O6: 2905.86 | P6: 4337.1 | Q6: NV
A7: NPMS | B7: MNNPMST3 | C7: MN_BRNA0_S_FULP_AN_NPMS_FRQ_JTG_COD_ALLFRV_SI_NPMS_T3 | E7: 3735.91 | F7: 3749.31 | G7: 3472.77 | H7: 3735.91 | I7: 3749.31 | J7: 3472.77 | K7: 3735.91 | L7: 3749.31 | M7: 3472.77 | N7: 3735.91 | O7: 3749.31 | P7: 3472.77
A8: NPMS | B8: MNNPMST4 | C8: MN_BRNA0_S_FULP_AN_NPMS_FRQ_JTG_COD_ALLFRV_SI_NPMS_T4 | E8: 4780.54 | F8: 4800.19 | G8: 4548.37 | H8: 4780.54 | I8: 4800.19 | J8: 4548.37 | K8: 4780.54 | L8: 4800.19 | M8: 4548.37 | N8: 4780.54 | O8: 4800.19 | P8: 4548.37
A9: NPMS | B9: MNNPMST5 | C9: MN_BRNA0_S_FULP_AN_NPMS_FRQ_JTG_COD_ALLFRV_SI_NPMS_T5 | E9: 710.97 | F9: 711.61 | G9: 752.25 | H9: 710.97 | I9: 711.61 | J9: 752.25 | K9: 710.97 | L9: 711.61 | M9: 752.25 | N9: 710.97 | O9: 711.61 | P9: 752.25

Sheet NCKM
A2: Proposal for TTR | D2: Total (ms) | F2: =SUM(E5:G22) -> 7524.37 | I2: =SUM(H5:J22) -> 7524.37 | L2: =SUM(K5:M22) -> 7524.37 | O2: =SUM(N5:P22) -> 7524.37
E3: CP1 (ms) | H3: CP2 (ms) | K3: FT1 (ms) | N3: FT2 (ms)
A4: Category | B4: SubBlock | C4: Pattern | D4: Run If Fail | E4: LV | F4: NV | G4: HV | H4: LV | I4: NV | J4: HV | K4: LV | L4: NV | M4: HV | N4: LV | O4: NV | P4: HV | Q4: Prod CP1 | R4: Prod CP2 | S4: Prod FT1 | T4: Prod FT2 | U4: Mon | V4: T0Tx | W4: RMA Room | X4: RMA Hot
A5: NCKM | B5: MNDCMTESTTS1P1 | C5: MN_BRNA0_S_FULP_AN_NPR0_DLL_JTG_COD_ALLFRV_SI_DCMTEST_TS1P1 | E5: 94.98 | F5: 105.36 | G5: 93.67 | H5: 94.98 | I5: 105.36 | J5: 93.67 | K5: 94.98 | L5: 105.36 | M5: 93.67 | N5: 94.98 | O5: 105.36 | P5: 93.67 | U5: NV
A6: NCKM | B6: MNDCMTESTTS1P4 | C6: MN_BRNA0_S_FULP_AN_NPR0_DLL_JTG_COD_ALLFRV_SI_DCMTEST_TS1P4 | E6: 94.56 | F6: 103.79 | G6: 92.57 | H6: 94.56 | I6: 103.79 | J6: 92.57 | K6: 94.56 | L6: 103.79 | M6: 92.57 | N6: 94.56 | O6: 103.79 | P6: 92.57 | U6: NV
A7: NCKM | B7: MNDCMTESTTS1P13 | C7: MN_BRNA0_S_FULP_AN_NPR0_DLL_JTG_COD_ALLFRV_SI_DCMTEST_TS1P13 | E7: 95.09 | F7: 106.92 | G7: 92.74 | H7: 95.09 | I7: 106.92 | J7: 92.74 | K7: 95.09 | L7: 106.92 | M7: 92.74 | N7: 95.09 | O7: 106.92 | P7: 92.74 | U7: NV
A8: NCKM | B8: MNDCMTESTTS2P1 | C8: MN_BRNA0_S_FULP_AN_NPR0_DLL_JTG_COD_ALLFRV_SI_DCMTEST_TS2P1 | E8: 185.97 | F8: 182.57 | G8: 178.56 | H8: 185.97 | I8: 182.57 | J8: 178.56 | K8: 185.97 | L8: 182.57 | M8: 178.56 | N8: 185.97 | O8: 182.57 | P8: 178.56 | U8: NV
A9: NCKM | B9: MNDCMTESTTS2P2 | C9: MN_BRNA0_S_FULP_AN_NPR0_DLL_JTG_COD_ALLFRV_SI_DCMTEST_TS2P2 | E9: 142.4 | F9: 150.74 | G9: 140.77 | H9: 142.4 | I9: 150.74 | J9: 140.77 | K9: 142.4 | L9: 150.74 | M9: 140.77 | N9: 142.4 | O9: 150.74 | P9: 140.77 | U9: NV
A10: NCKM | B10: MNDCMTESTTS2P3 | C10: MN_BRNA0_S_FULP_AN_NPR0_DLL_JTG_COD_ALLFRV_SI_DCMTEST_TS2P3 | E10: 141.97 | F10: 150.11 | G10: 139.28 | H10: 141.97 | I10: 150.11 | J10: 139.28 | K10: 141.97 | L10: 150.11 | M10: 139.28 | N10: 141.97 | O10: 150.11 | P10: 139.28 | U10: NV
A11: NCKM | B11: MNDCMTESTTS2P4 | C11: MN_BRNA0_S_FULP_AN_NPR0_DLL_JTG_COD_ALLFRV_SI_DCMTEST_TS2P4 | E11: 141.4 | F11: 150.39 | G11: 139.33 | H11: 141.4 | I11: 150.39 | J11: 139.33 | K11: 141.4 | L11: 150.39 | M11: 139.33 | N11: 141.4 | O11: 150.39 | P11: 139.33 | U11: NV
A12: NCKM | B12: MNDCMTESTTS2P5 | C12: MN_BRNA0_S_FULP_AN_NPR0_DLL_JTG_COD_ALLFRV_SI_DCMTEST_TS2P5 | E12: 141.76 | F12: 149.91 | G12: 139.96 | H12: 141.76 | I12: 149.91 | J12: 139.96 | K12: 141.76 | L12: 149.91 | M12: 139.96 | N12: 141.76 | O12: 149.91 | P12: 139.96 | U12: NV
A13: NCKM | B13: MNDCMTESTTS2P6 | C13: MN_BRNA0_S_FULP_AN_NPR0_DLL_JTG_COD_ALLFRV_SI_DCMTEST_TS2P6 | E13: 142.53 | F13: 150.92 | G13: 139.41 | H13: 142.53 | I13: 150.92 | J13: 139.41 | K13: 142.53 | L13: 150.92 | M13: 139.41 | N13: 142.53 | O13: 150.92 | P13: 139.41 | U13: NV
A14: NCKM | B14: MNDCMTESTTS2P7 | C14: MN_BRNA0_S_FULP_AN_NPR0_DLL_JTG_COD_ALLFRV_SI_DCMTEST_TS2P7 | E14: 141.57 | F14: 151.37 | G14: 139.35 | H14: 141.57 | I14: 151.37 | J14: 139.35 | K14: 141.57 | L14: 151.37 | M14: 139.35 | N14: 141.57 | O14: 151.37 | P14: 139.35 | U14: NV
A15: NCKM | B15: MNDCMTESTTS2P8 | C15: MN_BRNA0_S_FULP_AN_NPR0_DLL_JTG_COD_ALLFRV_SI_DCMTEST_TS2P8 | E15: 141.95 | F15: 150.1 | G15: 139.59 | H15: 141.95 | I15: 150.1 | J15: 139.59 | K15: 141.95 | L15: 150.1 | M15: 139.59 | N15: 141.95 | O15: 150.1 | P15: 139.59 | U15: NV
A16: NCKM | B16: MNDCMTESTTS2P9 | C16: MN_BRNA0_S_FULP_AN_NPR0_DLL_JTG_COD_ALLFRV_SI_DCMTEST_TS2P9 | E16: 141.78 | F16: 149.83 | G16: 139.51 | H16: 141.78 | I16: 149.83 | J16: 139.51 | K16: 141.78 | L16: 149.83 | M16: 139.51 | N16: 141.78 | O16: 149.83 | P16: 139.51 | U16: NV
... A22: NCKM | B22: MNDCMTESTTS3P4S2 | C22: MN_BRNA0_S_FULP_AN_NPR0_DLL_JTG_COD_ALLFRV_SI_DCMTEST_TS3P4S2 | E22: 95.32 | F22: 103.2 | G22: 114.34 | H22: 95.32 | I22: 103.2 | J22: 114.34 | K22: 95.32 | L22: 103.2 | M22: 114.34 | N22: 95.32 | O22: 103.2 | P22: 114.34 | U22: NV

Sheet LLPSMNPP
A2: Proposal for TTR | D2: Total (ms) | F2: =SUM(E5:G7) -> 3603.34 | I2: =SUM(H5:J7) -> 3603.34 | L2: =SUM(K5:M7) -> 3603.34 | O2: =SUM(N5:P7) -> 3603.34
E3: CP1 (ms) | H3: CP2 (ms) | K3: FT1 (ms) | N3: FT2 (ms)
A4: Category | B4: SubBlock | C4: Pattern | D4: Run If Fail | E4: LV | F4: NV | G4: HV | H4: LV | I4: NV | J4: HV | K4: LV | L4: NV | M4: HV | N4: LV | O4: NV | P4: HV | Q4: Prod CP1 | R4: Prod CP2 | S4: Prod FT1 | T4: Prod FT2 | U4: Mon | V4: T0Tx | W4: RMA Room | X4: RMA Hot
A5: LLPSMNPP | B5: MNLLPSOFFT3 | C5: MN_BRNA0_C_FULP_AN_LLPS_DLL_JTG_CAL_ALLFRV_SI_LLPSOFF_T3 | E5: 389.02 | F5: 462.1 | G5: 388.64 | H5: 389.02 | I5: 462.1 | J5: 388.64 | K5: 389.02 | L5: 462.1 | M5: 388.64 | N5: 389.02 | O5: 462.1 | P5: 388.64 | U5: NV | V5: NV
A6: LLPSMNPP | B6: MNLLPSONT4A | C6: MN_BRNA0_C_FULP_AN_LLPS_DLL_JTG_CAL_ALLFRV_SI_LLPSON_T4A | E6: 390.24 | F6: 438.59 | G6: 389.75 | H6: 390.24 | I6: 438.59 | J6: 389.75 | K6: 390.24 | L6: 438.59 | M6: 389.75 | N6: 390.24 | O6: 438.59 | P6: 389.75 | U6: NV | V6: NV
A7: LLPSMNPP | B7: MNLLPSONT10 | C7: MN_BRNA0_C_FULP_AN_LLPS_DLL_JTG_CAL_ALLFRV_SI_LLPSON_T10 | E7: 366.06 | F7: 415.33 | G7: 363.61 | H7: 366.06 | I7: 415.33 | J7: 363.61 | K7: 366.06 | L7: 415.33 | M7: 363.61 | N7: 366.06 | O7: 415.33 | P7: 363.61 | U7: NV | V7: NV

Sheet ABSMIN
A2: Proposal for TTR | D2: Total (ms) | F2: =SUM(E5:G17) -> 36740.16 | I2: =SUM(H5:J17) -> 36740.16 | L2: =SUM(K5:M17) -> 36740.16 | O2: =SUM(N5:P17) -> 36740.16
E3: CP1 (ms) | H3: CP2 (ms) | K3: FT1 (ms) | N3: FT2 (ms)
A4: Category | B4: SubBlock | C4: Pattern | D4: Run If Fail | E4: LV | F4: NV | G4: HV | H4: LV | I4: NV | J4: HV | K4: LV | L4: NV | M4: HV | N4: LV | O4: NV | P4: HV | Q4: Prod CP1 | R4: Prod CP2 | S4: Prod FT1 | T4: Prod FT2 | U4: Mon | V4: T0Tx | W4: RMA Room | X4: RMA Hot
A5: ABSMIN | B5: CPUCON1A | C5: PP_BRNA0_C_FULP_AN_ABSM_VOT_JTG_DSG_ALLFRV_SI_CPU_CON1A | E5: 91.72 | F5: 123.62 | G5: 90.03 | H5: 91.72 | I5: 123.62 | J5: 90.03 | K5: 91.72 | L5: 123.62 | M5: 90.03 | N5: 91.72 | O5: 123.62 | P5: 90.03 | Q5: NV | S5: NV | T5: NV | V5: NV
A6: ABSMIN | B6: CPUCON1B | C6: PP_BRNA0_C_FULP_AN_ABSM_VOT_JTG_DSG_ALLFRV_SI_CPU_CON1B | E6: 79.67 | F6: 82 | G6: 78.99 | H6: 79.67 | I6: 82 | J6: 78.99 | K6: 79.67 | L6: 82 | M6: 78.99 | N6: 79.67 | O6: 82 | P6: 78.99 | Q6: NV | S6: NV | T6: NV | V6: NV
A7: ABSMIN | B7: CPUCON2 | C7: PP_BRNA0_C_FULP_AN_ABSM_VOT_JTG_DSG_ALLFRV_SI_CPU_CON2 | E7: 108.08 | F7: 80.93 | G7: 103.85 | H7: 108.08 | I7: 80.93 | J7: 103.85 | K7: 108.08 | L7: 80.93 | M7: 103.85 | N7: 108.08 | O7: 80.93 | P7: 103.85 | Q7: NV | S7: NV | T7: NV | V7: NV
A8: ABSMIN | B8: CPUCON3 | C8: PP_BRNA0_C_FULP_AN_ABSM_VOT_JTG_DSG_ALLFRV_SI_CPU_CON3 | E8: 79.58 | F8: 81.29 | G8: 79.59 | H8: 79.58 | I8: 81.29 | J8: 79.59 | K8: 79.58 | L8: 81.29 | M8: 79.59 | N8: 79.58 | O8: 81.29 | P8: 79.59 | Q8: NV | S8: NV | T8: NV | V8: NV
A9: ABSMIN | B9: CPUCON4 | C9: PP_BRNA0_C_FULP_AN_ABSM_VOT_JTG_DSG_ALLFRV_SI_CPU_CON4 | E9: 78.73 | F9: 80.83 | G9: 78.76 | H9: 78.73 | I9: 80.83 | J9: 78.76 | K9: 78.73 | L9: 80.83 | M9: 78.76 | N9: 78.73 | O9: 80.83 | P9: 78.76 | Q9: NV | S9: NV | T9: NV | V9: NV
A10: ABSMIN | B10: CPUCON5 | C10: PP_BRNA0_C_FULP_AN_ABSM_VOT_JTG_DSG_ALLFRV_SI_CPU_CON5 | E10: 80.33 | F10: 108.54 | G10: 78.55 | H10: 80.33 | I10: 108.54 | J10: 78.55 | K10: 80.33 | L10: 108.54 | M10: 78.55 | N10: 80.33 | O10: 108.54 | P10: 78.55 | Q10: NV | S10: NV | T10: NV | V10: NV
A11: ABSMIN | B11: CPUCON6 | C11: PP_BRNA0_C_FULP_AN_ABSM_VOT_JTG_DSG_ALLFRV_SI_CPU_CON6 | E11: 79.44 | F11: 82.33 | G11: 78.53 | H11: 79.44 | I11: 82.33 | J11: 78.53 | K11: 79.44 | L11: 82.33 | M11: 78.53 | N11: 79.44 | O11: 82.33 | P11: 78.53 | Q11: NV | S11: NV | T11: NV | V11: NV
A12: ABSMIN | B12: CPUCON7 | C12: PP_BRNA0_C_FULP_AN_ABSM_VOT_JTG_DSG_ALLFRV_SI_CPU_CON7 | E12: 79.09 | F12: 80.58 | G12: 106.92 | H12: 79.09 | I12: 80.58 | J12: 106.92 | K12: 79.09 | L12: 80.58 | M12: 106.92 | N12: 79.09 | O12: 80.58 | P12: 106.92 | Q12: NV | S12: NV | T12: NV | V12: NV
A13: ABSMIN | B13: MNCPUPRAM1 | C13: MN_BRNA0_C_FULP_AN_ABSM_VOT_JTG_DSG_ALLFRV_SI_CPU_PRAM1 | E13: 811.54 | F13: 857.05 | G13: 783.47 | H13: 811.54 | I13: 857.05 | J13: 783.47 | K13: 811.54 | L13: 857.05 | M13: 783.47 | N13: 811.54 | O13: 857.05 | P13: 783.47 | Q13: NV | S13: NV | T13: NV | V13: NV
A14: ABSMIN | B14: MNCPUPRAM2 | C14: MN_BRNA0_C_FULP_AN_ABSM_VOT_JTG_DSG_ALLFRV_SI_CPU_PRAM2 | E14: 3541.58 | F14: 3590.74 | G14: 3603.67 | H14: 3541.58 | I14: 3590.74 | J14: 3603.67 | K14: 3541.58 | L14: 3590.74 | M14: 3603.67 | N14: 3541.58 | O14: 3590.74 | P14: 3603.67 | Q14: NV | S14: NV | T14: NV | V14: NV
A15: ABSMIN | B15: MNCPUOFFS2 | C15: MN_BRNA0_C_FULP_AN_ABSM_VOT_JTG_DSG_ALLFRV_SI_CPU_OFFS2 | E15: 1500.36 | F15: 1481.66 | G15: 1479.83 | H15: 1500.36 | I15: 1481.66 | J15: 1479.83 | K15: 1500.36 | L15: 1481.66 | M15: 1479.83 | N15: 1500.36 | O15: 1481.66 | P15: 1479.83 | Q15: NV | S15: NV | T15: NV | V15: NV
A16: ABSMIN | B16: MNCPUOFFS3 | C16: MN_BRNA0_C_FULP_AN_ABSM_VOT_JTG_DSG_ALLFRV_SI_CPU_OFFS3 | E16: 5183.7 | F16: 4315.38 | G16: 4312.42 | H16: 5183.7 | I16: 4315.38 | J16: 4312.42 | K16: 5183.7 | L16: 4315.38 | M16: 4312.42 | N16: 5183.7 | O16: 4315.38 | P16: 4312.42 | Q16: NV | S16: NV | T16: NV | V16: NV
A17: ABSMIN | B17: MNCPUOFFS6 | C17: MN_BRNA0_C_FULP_AN_ABSM_VOT_JTG_DSG_ALLFRV_SI_CPU_OFFS6 | E17: 1067.44 | F17: 1055.4 | G17: 1063.94 | H17: 1067.44 | I17: 1055.4 | J17: 1063.94 | K17: 1067.44 | L17: 1055.4 | M17: 1063.94 | N17: 1067.44 | O17: 1055.4 | P17: 1063.94 | Q17: NV | S17: NV | T17: NV | V17: NV

Sheet IVDM
A2: Proposal for TTR | D2: Total (ms) | F2: =SUM(E5:G38) -> 7799.35 | I2: =SUM(H5:J38) -> 7799.35 | L2: =SUM(K5:M38) -> 7799.35 | O2: =SUM(N5:P38) -> 7799.35
E3: CP1 (ms) | H3: CP2 (ms) | K3: FT1 (ms) | N3: FT2 (ms)
A4: Category | B4: SubBlock | C4: Pattern | D4: Run If Fail | E4: LV | F4: NV | G4: HV | H4: LV | I4: NV | J4: HV | K4: LV | L4: NV | M4: HV | N4: LV | O4: NV | P4: HV | Q4: Prod CP1 | R4: Prod CP2 | S4: Prod FT1 | T4: Prod FT2 | U4: Mon | V4: T0Tx | W4: RMA Room | X4: RMA Hot
A5: IVDM | B5: PCPUFMINPTRIM3X0P750 | C5: PP_BRNA0_C_FULP_AN_IVDM_FRQ_JTG_RCR_ALLFRV_SI_PCPUFMIN_PTRIM3X | F5: 109.48 | I5: 109.48 | L5: 109.48 | O5: 109.48 | S5: NV | V5: NV
A6: IVDM | B6: PCPUFMINPTRIM3X1P000 | C6: PP_BRNA0_C_FULP_AN_IVDM_FRQ_JTG_RCR_ALLFRV_SI_PCPUFMIN_PTRIM3X | F6: 99.53 | I6: 99.53 | L6: 99.53 | O6: 99.53 | S6: NV | V6: NV
A7: IVDM | B7: PCPUFMINPTRIM10X0P750 | C7: PP_BRNA0_C_FULP_AN_IVDM_FRQ_JTG_RCR_ALLFRV_SI_PCPUFMIN_PTRIM10X | F7: 108.54 | I7: 108.54 | L7: 108.54 | O7: 108.54 | S7: NV | V7: NV
A8: IVDM | B8: OTHER | C8: IVDM_FUSE_PREWRITE1 | F8: 55.66 | I8: 55.66 | L8: 55.66 | O8: 55.66 | S8: NV | V8: NV
A9: IVDM | B9: OTHER | C9: IVDM_FUSE_PREWRITE2 | F9: 16.46 | I9: 16.46 | L9: 16.46 | O9: 16.46 | S9: NV | V9: NV
A10: IVDM | B10: OTHER | C10: IVDM_FUSE_PREWRITE3 | F10: 10.42 | I10: 10.42 | L10: 10.42 | O10: 10.42 | T10: NV | V10: NV
A11: IVDM | B11: OTHER | C11: IVDM_FUSE_PREWRITE4 | F11: 10.36 | I11: 10.36 | L11: 10.36 | O11: 10.36 | S11: NV | V11: NV
A12: IVDM | B12: OTHER | C12: IVDM_FUSE_PREWRITE5 | F12: 10.29 | I12: 10.29 | L12: 10.29 | O12: 10.29 | S12: NV | V12: NV
A13: IVDM | B13: OTHER | C13: IVDM_FUSE_PREWRITE6 | F13: 10.18 | I13: 10.18 | L13: 10.18 | O13: 10.18 | S13: NV | V13: NV
A14: IVDM | B14: PCPUFMINPTRIM10X1P000 | C14: PP_BRNA0_C_FULP_AN_IVDM_FRQ_JTG_RCR_ALLFRV_SI_PCPUFMIN_PTRIM10X | F14: 107.4 | I14: 107.4 | L14: 107.4 | O14: 107.4 | S14: NV | V14: NV
A15: IVDM | B15: GPUFMINGTRIM3X0P650HT | C15: PP_BRNA0_C_FULP_AN_IVDM_FRQ_JTG_RCR_ALLFRV_SI_GPUFMIN_GTRIM3X | F15: 257.19 | I15: 257.19 | L15: 257.19 | O15: 257.19 | T15: NV | V15: NV
A16: IVDM | B16: GPUFMINGTRIM3X0P650RT | C16: PP_BRNA0_C_FULP_AN_IVDM_FRQ_JTG_RCR_ALLFRV_SI_GPUFMIN_GTRIM3X | F16: 249.46 | I16: 249.46 | L16: 249.46 | O16: 249.46 | S16: NV | V16: NV
A17: IVDM | B17: GPUFMINGTRIM3X0P750MID | C17: PP_BRNA0_C_FULP_AN_IVDM_FRQ_JTG_RCR_ALLFRV_SI_GPUFMIN_GTRIM3X | F17: 222.77 | I17: 222.77 | L17: 222.77 | O17: 222.77 | S17: NV | V17: NV
A18: IVDM | B18: GPUFMINGTRIM3X1P000 | C18: PP_BRNA0_C_FULP_AN_IVDM_FRQ_JTG_RCR_ALLFRV_SI_GPUFMIN_GTRIM3X | F18: 250.98 | I18: 250.98 | L18: 250.98 | O18: 250.98 | S18: NV | V18: NV
A19: IVDM | B19: GPUFMINGTRIM10X0P650HT | C19: PP_BRNA0_C_FULP_AN_IVDM_FRQ_JTG_RCR_ALLFRV_SI_GPUFMIN_GTRIM10X | F19: 381.56 | I19: 381.56 | L19: 381.56 | O19: 381.56 | T19: NV | V19: NV
A20: IVDM | B20: GPUFMINGTRIM10X0P650RT | C20: PP_BRNA0_C_FULP_AN_IVDM_FRQ_JTG_RCR_ALLFRV_SI_GPUFMIN_GTRIM10X | F20: 376.74 | I20: 376.74 | L20: 376.74 | O20: 376.74 | S20: NV | V20: NV
A21: IVDM | B21: GPUFMINGTRIM10X0P750MID | C21: PP_BRNA0_C_FULP_AN_IVDM_FRQ_JTG_RCR_ALLFRV_SI_GPUFMIN_GTRIM10X | F21: 367.48 | I21: 367.48 | L21: 367.48 | O21: 367.48 | S21: NV | V21: NV
A22: IVDM | B22: GPUFMINGTRIM10X1P000 | C22: PP_BRNA0_C_FULP_AN_IVDM_FRQ_JTG_RCR_ALLFRV_SI_GPUFMIN_GTRIM10X | F22: 373.12 | I22: 373.12 | L22: 373.12 | O22: 373.12 | S22: NV | V22: NV
A23: IVDM | B23: GPUFMINGTR1B3X0P650HT | C23: PP_BRNA0_C_FULP_AN_IVDM_FRQ_JTG_RCR_ALLFRV_SI_GPUFMIN_GTR1B3X | F23: 250.91 | I23: 250.91 | L23: 250.91 | O23: 250.91
A24: IVDM | B24: GPUFMINGTR1B3X0P650RT | C24: PP_BRNA0_C_FULP_AN_IVDM_FRQ_JTG_RCR_ALLFRV_SI_GPUFMIN_GTR1B3X | F24: 219.96 | I24: 219.96 | L24: 219.96 | O24: 219.96
A25: IVDM | B25: GPUFMINGTR1B3X0P750MID | C25: PP_BRNA0_C_FULP_AN_IVDM_FRQ_JTG_RCR_ALLFRV_SI_GPUFMIN_GTR1B3X | F25: 219.62 | I25: 219.62 | L25: 219.62 | O25: 219.62
A26: IVDM | B26: GPUFMINGTR1B3X1P000 | C26: PP_BRNA0_C_FULP_AN_IVDM_FRQ_JTG_RCR_ALLFRV_SI_GPUFMIN_GTR1B3X | F26: 256.43 | I26: 256.43 | L26: 256.43 | O26: 256.43
A27: IVDM | B27: GPUFMINGTR1B10X0P650HT | C27: PP_BRNA0_C_FULP_AN_IVDM_FRQ_JTG_RCR_ALLFRV_SI_GPUFMIN_GTR1B10X | F27: 323.72 | I27: 323.72 | L27: 323.72 | O27: 323.72
A28: IVDM | B28: GPUFMINGTR1B10X0P650RT | C28: PP_BRNA0_C_FULP_AN_IVDM_FRQ_JTG_RCR_ALLFRV_SI_GPUFMIN_GTR1B10X | F28: 362.5 | I28: 362.5 | L28: 362.5 | O28: 362.5
A29: IVDM | B29: GPUFMINGTR1B10X0P750MID | C29: PP_BRNA0_C_FULP_AN_IVDM_FRQ_JTG_RCR_ALLFRV_SI_GPUFMIN_GTR1B10X | F29: 321.67 | I29: 321.67 | L29: 321.67 | O29: 321.67
A30: IVDM | B30: GPUFMINGTR1B10X1P000 | C30: PP_BRNA0_C_FULP_AN_IVDM_FRQ_JTG_RCR_ALLFRV_SI_GPUFMIN_GTR1B10X | F30: 320.26 | I30: 320.26 | L30: 320.26 | O30: 320.26
A31: IVDM | B31: GPUFMINGTR4B3X0P650HT | C31: PP_BRNA0_C_FULP_AN_IVDM_FRQ_JTG_RCR_ALLFRV_SI_GPUFMIN_GTR4B3X | F31: 268.42 | I31: 268.42 | L31: 268.42 | O31: 268.42
A32: IVDM | B32: GPUFMINGTR4B3X0P650RT | C32: PP_BRNA0_C_FULP_AN_IVDM_FRQ_JTG_RCR_ALLFRV_SI_GPUFMIN_GTR4B3X | F32: 219.84 | I32: 219.84 | L32: 219.84 | O32: 219.84
A33: IVDM | B33: GPUFMINGTR4B3X0P750MID | C33: PP_BRNA0_C_FULP_AN_IVDM_FRQ_JTG_RCR_ALLFRV_SI_GPUFMIN_GTR4B3X | F33: 219.06 | I33: 219.06 | L33: 219.06 | O33: 219.06
A34: IVDM | B34: GPUFMINGTR4B3X1P000 | C34: PP_BRNA0_C_FULP_AN_IVDM_FRQ_JTG_RCR_ALLFRV_SI_GPUFMIN_GTR4B3X | F34: 219.66 | I34: 219.66 | L34: 219.66 | O34: 219.66
... A38: IVDM | B38: GPUFMINGTR4B10X1P000 | C38: PP_BRNA0_C_FULP_AN_IVDM_FRQ_JTG_RCR_ALLFRV_SI_GPUFMIN_GTR4B10X | F38: 352.78 | I38: 352.78 | L38: 352.78 | O38: 352.78

Sheet DAPS
A2: Proposal for TTR | D2: Total (ms) | F2: =SUM(E5:G12) -> 2729.63 | I2: =SUM(H5:J12) -> 2729.63 | L2: =SUM(K5:M12) -> 2729.63 | O2: =SUM(N5:P12) -> 2729.63
E3: CP1 (ms) | H3: CP2 (ms) | K3: FT1 (ms) | N3: FT2 (ms)
A4: Category | B4: SubBlock | C4: Pattern | D4: Run If Fail | E4: LV | F4: NV | G4: HV | H4: LV | I4: NV | J4: HV | K4: LV | L4: NV | M4: HV | N4: LV | O4: NV | P4: HV | Q4: Prod CP1 | R4: Prod CP2 | S4: Prod FT1 | T4: Prod FT2 | U4: Mon | V4: T0Tx | W4: RMA Room | X4: RMA Hot
A5: DAPS | B5: MEGAPP1 | C5: PP_BRNA0_C_FULP_AN_DAPS_DLL_JTG_COD_ALLFRV_SI_MEGA_PP1 | E5: 110.95 | F5: 136.97 | G5: 138.52 | H5: 110.95 | I5: 136.97 | J5: 138.52 | K5: 110.95 | L5: 136.97 | M5: 138.52 | N5: 110.95 | O5: 136.97 | P5: 138.52 | Q5: NV
A6: DAPS | B6: MEGAPP2 | C6: PP_BRNA0_C_FULP_AN_DAPS_DLL_JTG_COD_ALLFRV_SI_MEGA_PP2 | E6: 110.43 | F6: 114.51 | G6: 108.71 | H6: 110.43 | I6: 114.51 | J6: 108.71 | K6: 110.43 | L6: 114.51 | M6: 108.71 | N6: 110.43 | O6: 114.51 | P6: 108.71 | Q6: NV
A7: DAPS | B7: MEGAPP3 | C7: PP_BRNA0_C_FULP_AN_DAPS_DLL_JTG_COD_ALLFRV_SI_MEGA_PP3 | E7: 110 | F7: 112.14 | G7: 107.45 | H7: 110 | I7: 112.14 | J7: 107.45 | K7: 110 | L7: 112.14 | M7: 107.45 | N7: 110 | O7: 112.14 | P7: 107.45 | Q7: NV
A8: DAPS | B8: MEGAPP4 | C8: PP_BRNA0_C_FULP_AN_DAPS_DLL_JTG_COD_ALLFRV_SI_MEGA_PP4 | E8: 113.79 | F8: 144.29 | G8: 110.79 | H8: 113.79 | I8: 144.29 | J8: 110.79 | K8: 113.79 | L8: 144.29 | M8: 110.79 | N8: 113.79 | O8: 144.29 | P8: 110.79 | Q8: NV
A9: DAPS | B9: MEGAPP5 | C9: PP_BRNA0_C_FULP_AN_DAPS_DLL_JTG_COD_ALLFRV_SI_MEGA_PP5 | E9: 131.01 | F9: 102.47 | G9: 97.34 | H9: 131.01 | I9: 102.47 | J9: 97.34 | K9: 131.01 | L9: 102.47 | M9: 97.34 | N9: 131.01 | O9: 102.47 | P9: 97.34 | Q9: NV
A10: DAPS | B10: MEGAPP6 | C10: PP_BRNA0_C_FULP_AN_DAPS_DLL_JTG_COD_ALLFRV_SI_MEGA_PP6 | E10: 96.39 | F10: 98.06 | G10: 93.41 | H10: 96.39 | I10: 98.06 | J10: 93.41 | K10: 96.39 | L10: 98.06 | M10: 93.41 | N10: 96.39 | O10: 98.06 | P10: 93.41 | Q10: NV
A11: DAPS | B11: MEGAPP7 | C11: PP_BRNA0_C_FULP_AN_DAPS_DLL_JTG_COD_ALLFRV_SI_MEGA_PP7 | E11: 109.31 | F11: 111.78 | G11: 107.39 | H11: 109.31 | I11: 111.78 | J11: 107.39 | K11: 109.31 | L11: 111.78 | M11: 107.39 | N11: 109.31 | O11: 111.78 | P11: 107.39 | Q11: NV
A12: DAPS | B12: MEGAPP8 | C12: PP_BRNA0_C_FULP_AN_DAPS_DLL_JTG_COD_ALLFRV_SI_MEGA_PP8 | E12: 101.1 | F12: 129.01 | G12: 133.81 | H12: 101.1 | I12: 129.01 | J12: 133.81 | K12: 101.1 | L12: 129.01 | M12: 133.81 | N12: 101.1 | O12: 129.01 | P12: 133.81 | Q12: NV
A13: DAPS | B13: SYSPP1 | C13: PP_BRNA0_C_FULP_AN_DAPS_DLL_JTG_COD_ALLFRV_SI_SYS_PP1 | Q13: NV
A14: DAPS | B14: SYSPP2 | C14: PP_BRNA0_C_FULP_AN_DAPS_DLL_JTG_COD_ALLFRV_SI_SYS_PP2 | Q14: NV

Sheet DSGVTHSENSOR
A2: Proposal for TTR | D2: Total (ms) | F2: =SUM(E5:G24) -> 33808.46 | I2: =SUM(H5:J24) -> 33808.46 | L2: =SUM(K5:M24) -> 33808.46 | O2: =SUM(N5:P24) -> 33808.46
E3: CP1 (ms) | H3: CP2 (ms) | K3: FT1 (ms) | N3: FT2 (ms)
A4: Category | B4: SubBlock | C4: Pattern | D4: Run If Fail | E4: LV | F4: NV | G4: HV | H4: LV | I4: NV | J4: HV | K4: LV | L4: NV | M4: HV | N4: LV | O4: NV | P4: HV | Q4: Prod CP1 | R4: Prod CP2 | S4: Prod FT1 | T4: Prod FT2 | U4: Mon | V4: T0Tx | W4: RMA Room | X4: RMA Hot
A5: DSGVTHSENSOR | B5: VTHSPT42P253UA | C5: PP_BRNA0_C_FULP_AN_VSNR_DLL_JTG_FRQ_ALLFRV_SI_VTHSP_T4T5 | F5: 1171.17 | I5: 1171.17 | L5: 1171.17 | O5: 1171.17 | Q5: NV
A6: DSGVTHSENSOR | B6: VTHSPT42P28UA | C6: PP_BRNA0_C_FULP_AN_VSNR_DLL_JTG_FRQ_ALLFRV_SI_VTHSP_T4T5 | F6: 1475.03 | I6: 1475.03 | L6: 1475.03 | O6: 1475.03 | Q6: NV
A7: DSGVTHSENSOR | B7: VTHSPT42P32UA | C7: PP_BRNA0_C_FULP_AN_VSNR_DLL_JTG_FRQ_ALLFRV_SI_VTHSP_T4T5 | E7: 575 | F7: 585.93 | G7: 572.9 | H7: 575 | I7: 585.93 | J7: 572.9 | K7: 575 | L7: 585.93 | M7: 572.9 | N7: 575 | O7: 585.93 | P7: 572.9 | Q7: NV
A8: DSGVTHSENSOR | B8: VTHSPT42P4UA | C8: PP_BRNA0_C_FULP_AN_VSNR_DLL_JTG_FRQ_ALLFRV_SI_VTHSP_T4T5 | F8: 4155.23 | I8: 4155.23 | L8: 4155.23 | O8: 4155.23 | Q8: NV
A9: DSGVTHSENSOR | B9: VTHSPT42P133UA | C9: PP_BRNA0_C_FULP_AN_VSNR_DLL_JTG_FRQ_ALLFRV_SI_VTHSP_T4T5 | F9: 931.35 | I9: 931.35 | L9: 931.35 | O9: 931.35 | Q9: NV
A10: DSGVTHSENSOR | B10: VTHSPT52P253UA | C10: PP_BRNA0_C_FULP_AN_VSNR_DLL_JTG_FRQ_ALLFRV_SI_VTHSP_T4T5 | F10: 1096.38 | I10: 1096.38 | L10: 1096.38 | O10: 1096.38 | Q10: NV
A11: DSGVTHSENSOR | B11: VTHSPT52P28 | C11: PP_BRNA0_C_FULP_AN_VSNR_DLL_JTG_FRQ_ALLFRV_SI_VTHSP_T4T5 | F11: 1510.61 | I11: 1510.61 | L11: 1510.61 | O11: 1510.61 | Q11: NV
A12: DSGVTHSENSOR | B12: VTHSPT52P32UA | C12: PP_BRNA0_C_FULP_AN_VSNR_DLL_JTG_FRQ_ALLFRV_SI_VTHSP_T4T5 | F12: 559.35 | I12: 559.35 | L12: 559.35 | O12: 559.35 | Q12: NV
A13: DSGVTHSENSOR | B13: VTHSPT52P4UA | C13: PP_BRNA0_C_FULP_AN_VSNR_DLL_JTG_FRQ_ALLFRV_SI_VTHSP_T4T5 | F13: 4227.26 | I13: 4227.26 | L13: 4227.26 | O13: 4227.26 | Q13: NV
A14: DSGVTHSENSOR | B14: VTHSPT52P133UA | C14: PP_BRNA0_C_FULP_AN_VSNR_DLL_JTG_FRQ_ALLFRV_SI_VTHSP_T4T5 | F14: 932.85 | I14: 932.85 | L14: 932.85 | O14: 932.85 | Q14: NV
A15: DSGVTHSENSOR | B15: VTHSET42P253UA | C15: PP_BRNA0_C_FULP_AN_VSNR_DLL_JTG_FRQ_ALLFRV_SI_VTHSE_T4T5 | F15: 1095.34 | I15: 1095.34 | L15: 1095.34 | O15: 1095.34 | Q15: NV
A16: DSGVTHSENSOR | B16: VTHSET42P28UA | C16: PP_BRNA0_C_FULP_AN_VSNR_DLL_JTG_FRQ_ALLFRV_SI_VTHSE_T4T5 | F16: 1427.89 | I16: 1427.89 | L16: 1427.89 | O16: 1427.89 | Q16: NV
A17: DSGVTHSENSOR | B17: VTHSET42P32UA | C17: PP_BRNA0_C_FULP_AN_VSNR_DLL_JTG_FRQ_ALLFRV_SI_VTHSE_T4T5 | F17: 541.72 | I17: 541.72 | L17: 541.72 | O17: 541.72 | Q17: NV
A18: DSGVTHSENSOR | B18: VTHSET42P4UA | C18: PP_BRNA0_C_FULP_AN_VSNR_DLL_JTG_FRQ_ALLFRV_SI_VTHSE_T4T5 | F18: 4052.61 | I18: 4052.61 | L18: 4052.61 | O18: 4052.61 | Q18: NV
A19: DSGVTHSENSOR | B19: VTHSET42P133UA | C19: PP_BRNA0_C_FULP_AN_VSNR_DLL_JTG_FRQ_ALLFRV_SI_VTHSE_T4T5 | F19: 898.83 | I19: 898.83 | L19: 898.83 | O19: 898.83 | Q19: NV
... A24: DSGVTHSENSOR | B24: VTHSET52P133UA | C24: PP_BRNA0_C_FULP_AN_VSNR_DLL_JTG_FRQ_ALLFRV_SI_VTHSE_T4T5 | F24: 894.29 | I24: 894.29 | L24: 894.29 | O24: 894.29 | Q24: NV

Sheet PWRDET
A2: Proposal for TTR | D2: Total (ms) | F2: =SUM(E5:G20) -> 1606.83 | I2: =SUM(H5:J20) -> 1606.83 | L2: =SUM(K5:M20) -> 1606.83 | O2: =SUM(N5:P20) -> 1606.83
E3: CP1 (ms) | H3: CP2 (ms) | K3: FT1 (ms) | N3: FT2 (ms)
A4: Category | B4: SubBlock | C4: Pattern | D4: Run If Fail | E4: LV | F4: NV | G4: HV | H4: LV | I4: NV | J4: HV | K4: LV | L4: NV | M4: HV | N4: LV | O4: NV | P4: HV | Q4: Prod CP1 | R4: Prod CP2 | S4: Prod FT1 | T4: Prod FT2 | U4: Mon | V4: T0Tx | W4: RMA Room | X4: RMA Hot
A5: PWRDET | B5: PWRAONDIGCHINIT | C5: PP_BRNA0_S_IN00_PW_PTSX_XXX_XXX_PWR_ALLFRV_SI_PWRAON_INIT | F5: 107.26 | I5: 107.26 | L5: 107.26 | O5: 107.26 | Q5: LV/HV
A6: PWRDET | B6: PWRAONDIGCH | C6: PP_BRNA0_C_FULP_PW_PTSX_PFF_DAA_PWR_ALLFRV_SI_PWR_AONDIGC | F6: 98.7 | I6: 98.7 | L6: 98.7 | O6: 98.7 | Q6: LV/HV
A7: PWRDET | B7: PWRAONDIGCLINIT | C7: PP_BRNA0_S_IN00_PW_PTSX_XXX_XXX_PWR_ALLFRV_SI_PWRAON_INIT | F7: 79.77 | I7: 79.77 | L7: 79.77 | O7: 79.77 | Q7: LV/HV
A8: PWRDET | B8: PWRAONDIGCL | C8: PP_BRNA0_C_FULP_PW_PTSX_PFF_DAA_PWR_ALLFRV_SI_PWR_AONDIGC | F8: 91.72 | I8: 91.72 | L8: 91.72 | O8: 91.72 | Q8: LV/HV
A9: PWRDET | B9: PWRAONEXPHINIT | C9: PP_BRNA0_S_IN00_PW_PTSX_XXX_XXX_PWR_ALLFRV_SI_PWRAON_INIT | F9: 79.41 | I9: 79.41 | L9: 79.41 | O9: 79.41 | Q9: LV/HV
A10: PWRDET | B10: PWRAONEXPH | C10: PP_BRNA0_C_FULP_PW_PTSX_PFF_DAA_PWR_ALLFRV_SI_PWR_AONEXPH | F10: 175.03 | I10: 175.03 | L10: 175.03 | O10: 175.03 | Q10: LV/HV
A11: PWRDET | B11: PWRAONEXPLINIT | C11: PP_BRNA0_S_IN00_PW_PTSX_XXX_XXX_PWR_ALLFRV_SI_PWRAON_INIT | F11: 80.04 | I11: 80.04 | L11: 80.04 | O11: 80.04 | Q11: LV/HV
A12: PWRDET | B12: PWRAONEXPL | C12: PP_BRNA0_C_FULP_PW_PTSX_PFF_DAA_PWR_ALLFRV_SI_PWR_AONEXPL | F12: 90.86 | I12: 90.86 | L12: 90.86 | O12: 90.86 | Q12: LV/HV
A13: PWRDET | B13: PWRSOCDIGCHINIT | C13: PP_BRNA0_S_IN00_PW_PTSX_XXX_XXX_PWR_ALLFRV_SI_PWRSOC_INIT | F13: 81.46 | I13: 81.46 | L13: 81.46 | O13: 81.46 | Q13: LV/HV
A14: PWRDET | B14: PWRSOCDIGCH | C14: PP_BRNA0_C_FULP_PW_PTSX_PFF_DAA_PWR_ALLFRV_SI_PWR_SOCDIGC | F14: 110.81 | I14: 110.81 | L14: 110.81 | O14: 110.81 | Q14: LV/HV
A15: PWRDET | B15: PWRSOCDIGCLINIT | C15: PP_BRNA0_S_IN00_PW_PTSX_XXX_XXX_PWR_ALLFRV_SI_PWRSOC_INIT | F15: 105.7 | I15: 105.7 | L15: 105.7 | O15: 105.7 | Q15: LV/HV
A16: PWRDET | B16: PWRSOCDIGCL | C16: PP_BRNA0_C_FULP_PW_PTSX_PFF_DAA_PWR_ALLFRV_SI_PWR_SOCDIGC | F16: 107.71 | I16: 107.71 | L16: 107.71 | O16: 107.71 | Q16: LV/HV
... A20: PWRDET | B20: PWRSOCEXPL | C20: PP_BRNA0_C_FULP_PW_PTSX_PFF_DAA_PWR_ALLFRV_SI_PWR_SOCEXPL | F20: 104.24 | I20: 104.24 | L20: 104.24 | O20: 104.24 | Q20: LV/HV

Sheet CLKMON
A2: Proposal for TTR | D2: Total (ms) | F2: =SUM(E5:G18) -> 5832.3 | I2: =SUM(H5:J18) -> 5832.3 | L2: =SUM(K5:M18) -> 5832.3 | O2: =SUM(N5:P18) -> 5832.3
E3: CP1 (ms) | H3: CP2 (ms) | K3: FT1 (ms) | N3: FT2 (ms)
A4: Category | B4: SubBlock | C4: Pattern | D4: Run If Fail | E4: LV | F4: NV | G4: HV | H4: LV | I4: NV | J4: HV | K4: LV | L4: NV | M4: HV | N4: LV | O4: NV | P4: HV | Q4: Prod CP1 | R4: Prod CP2 | S4: Prod FT1 | T4: Prod FT2 | U4: Mon | V4: T0Tx | W4: RMA Room | X4: RMA Hot
A5: CLKMON | B5: DCDMEAST1P1 | C5: PP_BRNA0_C_FULP_AN_CM00_DLL_JTG_DYC_ALLFRV_SI_DCDMEAS_T1P1 | E5: 126.19 | F5: 132.47 | G5: 125.26 | H5: 126.19 | I5: 132.47 | J5: 125.26 | K5: 126.19 | L5: 132.47 | M5: 125.26 | N5: 126.19 | O5: 132.47 | P5: 125.26 | Q5: NV
A6: CLKMON | B6: DCDMEAST1P2 | C6: PP_BRNA0_C_FULP_AN_CM00_DLL_JTG_DYC_ALLFRV_SI_DCDMEAS_T1P2 | E6: 126.11 | F6: 128.11 | G6: 124.96 | H6: 126.11 | I6: 128.11 | J6: 124.96 | K6: 126.11 | L6: 128.11 | M6: 124.96 | N6: 126.11 | O6: 128.11 | P6: 124.96 | Q6: NV
A7: CLKMON | B7: DCDCALT2P1 | C7: PP_BRNA0_C_FULP_AN_CM00_DLL_JTG_DYC_ALLFRV_SI_DCDCAL_T2P1 | E7: 152.56 | F7: 153.64 | G7: 151.1 | H7: 152.56 | I7: 153.64 | J7: 151.1 | K7: 152.56 | L7: 153.64 | M7: 151.1 | N7: 152.56 | O7: 153.64 | P7: 151.1 | Q7: NV
A8: CLKMON | B8: DCDCALT2P2 | C8: PP_BRNA0_C_FULP_AN_CM00_DLL_JTG_DYC_ALLFRV_SI_DCDCAL_T2P2 | E8: 125.81 | F8: 126.6 | G8: 123.03 | H8: 125.81 | I8: 126.6 | J8: 123.03 | K8: 125.81 | L8: 126.6 | M8: 123.03 | N8: 125.81 | O8: 126.6 | P8: 123.03 | Q8: NV
A9: CLKMON | B9: DCDMEAST1P1FINAL | C9: PP_BRNA0_C_FULP_AN_CM00_DLL_JTG_DYC_ALLFRV_SI_DCDMEAS_T1P1 | E9: 126.97 | F9: 126.61 | G9: 124.26 | H9: 126.97 | I9: 126.61 | J9: 124.26 | K9: 126.97 | L9: 126.61 | M9: 124.26 | N9: 126.97 | O9: 126.61 | P9: 124.26 | Q9: NV
A10: CLKMON | B10: DCDMEAST1P2FINAL | C10: PP_BRNA0_C_FULP_AN_CM00_DLL_JTG_DYC_ALLFRV_SI_DCDMEAS_T1P2 | E10: 126.11 | F10: 126.26 | G10: 124.16 | H10: 126.11 | I10: 126.26 | J10: 124.16 | K10: 126.11 | L10: 126.26 | M10: 124.16 | N10: 126.11 | O10: 126.26 | P10: 124.16 | Q10: NV
A11: CLKMON | B11: DCDMEAST3P1RAW | C11: PP_BRNA0_C_FULP_AN_CM00_DLL_JTG_DYC_ALLFRV_SI_DCDMEAS_T3P1 | E11: 160.47 | F11: 162.53 | G11: 159.29 | H11: 160.47 | I11: 162.53 | J11: 159.29 | K11: 160.47 | L11: 162.53 | M11: 159.29 | N11: 160.47 | O11: 162.53 | P11: 159.29 | Q11: NV
A12: CLKMON | B12: DCDMEAST3P2RAW | C12: PP_BRNA0_C_FULP_AN_CM00_DLL_JTG_DYC_ALLFRV_SI_DCDMEAS_T3P2 | E12: 132.5 | F12: 135.01 | G12: 130.94 | H12: 132.5 | I12: 135.01 | J12: 130.94 | K12: 132.5 | L12: 135.01 | M12: 130.94 | N12: 132.5 | O12: 135.01 | P12: 130.94 | Q12: NV
A13: CLKMON | B13: DCDMEAST3P1 | C13: PP_BRNA0_C_FULP_AN_CM00_DLL_JTG_DYC_ALLFRV_SI_DCDMEAS_T3P1 | E13: 134.71 | F13: 133.46 | G13: 131.03 | H13: 134.71 | I13: 133.46 | J13: 131.03 | K13: 134.71 | L13: 133.46 | M13: 131.03 | N13: 134.71 | O13: 133.46 | P13: 131.03 | Q13: NV
A14: CLKMON | B14: DCDMEAST3P2 | C14: PP_BRNA0_C_FULP_AN_CM00_DLL_JTG_DYC_ALLFRV_SI_DCDMEAS_T3P2 | E14: 161.87 | F14: 160 | G14: 131.12 | H14: 161.87 | I14: 160 | J14: 131.12 | K14: 161.87 | L14: 160 | M14: 131.12 | N14: 161.87 | O14: 160 | P14: 131.12 | Q14: NV
A15: CLKMON | B15: DCDCALT4P1 | C15: PP_BRNA0_C_FULP_AN_CM00_DLL_JTG_DYC_ALLFRV_SI_DCDCAL_T4P1 | E15: 144.25 | F15: 146.48 | G15: 172.32 | H15: 144.25 | I15: 146.48 | J15: 172.32 | K15: 144.25 | L15: 146.48 | M15: 172.32 | N15: 144.25 | O15: 146.48 | P15: 172.32 | Q15: NV
A16: CLKMON | B16: DCDCALT4P2 | C16: PP_BRNA0_C_FULP_AN_CM00_DLL_JTG_DYC_ALLFRV_SI_DCDCAL_T4P2 | E16: 144.71 | F16: 147.24 | G16: 142.72 | H16: 144.71 | I16: 147.24 | J16: 142.72 | K16: 144.71 | L16: 147.24 | M16: 142.72 | N16: 144.71 | O16: 147.24 | P16: 142.72 | Q16: NV
... A18: CLKMON | B18: DCDMEAST3P2FINAL | C18: PP_BRNA0_C_FULP_AN_CM00_DLL_JTG_DYC_ALLFRV_SI_DCDMEAS_T3P2 | E18: 161.35 | F18: 159.54 | G18: 131.33 | H18: 161.35 | I18: 159.54 | J18: 131.33 | K18: 161.35 | L18: 159.54 | M18: 131.33 | N18: 161.35 | O18: 159.54 | P18: 131.33 | Q18: NV
