Workbook

Sheet Version History
A1: Version | B1: Date | C1: Edited By | D1: IPs Updated
A2: V1 | B2: 45806 | C2: Venkat | D2: Initial Version
A3: V2 | B3: 45806 | C3: Venkat | D3: NTR, MTRICTS, AMP and AMPCMN Sheets TTR Updated
A4: V3 | B4: 45806 | C4: Venkat | D4: Enabled ACIPHY and PCIE5 highspeed MN for CP and FT at LV.
A5: V4 | B5: 45808 | C5: Venkat | D5: Removed "_" LPDPPLL and CIOCIOPLL
A6: V5 | B6: 45809 | C6: Venkat | D6: Removed "_" LPDPPLL and CIOCIOPLL for sheet name. Removed LV conditions for lower speeds for ACIPHY, PCIE5, ACIOPHY patterns.
A7: V6 | B7: 45809 | C7: Yusuke | D7: Added SEPVMC_fuse_prewrite_sepvmc_vref_rt SEPVMC_fuse_read_sepvmc_vref_rt SEPVMC_fuse_prewrite_sepvmc_trim_vref_ht SEPVMC_fuse_read_sepvmc_trim_vref_ht sepvmc_complt5p1_fuse_read_cal sepvmc_compht5p3_fuse_read_cal into SEPVMC sheet.
A8: V7 | B8: 45809 | C8: Venkat | D8: HSCSAROSC PP Pattern All Intsertion Test Condition Update to HV.
A9: V8 | B9: 45809 | C9: Yusuke | D9: CPLL and CIOCIOPLL Fuse insertion was changed from FT to CP.
A10: V9 | B10: 45810 | C10: Venkat | D10: Removed SHM bases tests due to Victor Memory Issue
A11: V12 | B11: 45820 | C11: Venkat | D11: MTRICTS T5P1 has format issue, “LV,HV.NV” need update to “NV,LV,HV” NTSR MN T1P0 has disabled in PROD TP
A12: V13 | B12: 45824 | C12: Venkat | D12: Added LPDPTX_LITE and ACIPHY_LITE TTR Table. Updates to AMP, ADC, NTSR and CIOCIOPLL
A13: V14 | B13: 45828 | C13: Venkat | D13: AUXTXAUXTMODE_MULTIPLE

Sheet TTR Summary
B2: Single-Site | F2: Multi-Site | G2: 4 | I2: PTE
B3: IP | C3: CP1 TT (s) | D3: Total (s) | F3: CP1 TT (s) | G3: Total (s) | I3: CP1
B4: IO_JTAG | C4: =ROUND(IO_JTAG!F2/1000, 2) -> 12.68 | D4: =SUM(C4:C4) -> 12.68 | I4: =1-(F4-C4)/((G2-1)*C4) -> 1.3333333
B5: ADCDFT | C5: =ROUND(ADCDFT!F2/1000, 2) -> 46.46 | D5: =SUM(C5:C5) -> 46.46 | I5: =1-(F5-C5)/((G2-1)*C5) -> 1.3333333
B6: MTRICTS | C6: =ROUND(MTRICTS!F2/1000, 2) -> 64.83 | D6: =SUM(C6:C6) -> 64.83 | I6: =1-(F6-C6)/((G2-1)*C6) -> 1.3333333
B7: NTSE | C7: =ROUND(NTSE!F2/1000, 2) -> 8.63 | D7: =SUM(C7:C7) -> 8.63 | I7: =1-(F7-C7)/((G2-1)*C7) -> 1.3333333
B8: NTSR | C8: =ROUND(NTSR!F2/1000, 2) -> 1.08 | D8: =SUM(C8:C8) -> 1.08 | I8: =1-(F8-C8)/((G2-1)*C8) -> 1.3333333
B9: MISC | C9: =ROUND(MISC!F2/1000, 2) -> 0.47 | D9: =SUM(C9:C9) -> 0.47 | I9: =1-(F9-C9)/((G2-1)*C9) -> 1.3333333
B10: FRO | C10: =ROUND(FRO!F2/1000, 2) -> 0.63 | D10: =SUM(C10:C10) -> 0.63 | I10: =1-(F10-C10)/((G2-1)*C10) -> 1.3333333
B11: CPLL | C11: =ROUND(CPLL!F2/1000, 2) -> 36.33 | D11: =SUM(C11:C11) -> 36.33 | I11: =1-(F11-C11)/((G2-1)*C11) -> 1.3333333
B12: ADCLK | C12: =ROUND(ADCLK!F2/1000, 2) -> 42.93 | D12: =SUM(C12:C12) -> 42.93 | I12: =1-(F12-C12)/((G2-1)*C12) -> 1.3333333
B13: LAPLL | C13: =ROUND(LAPLL!F2/1000, 2) -> 28.32 | D13: =SUM(C13:C13) -> 28.32 | I13: =1-(F13-C13)/((G2-1)*C13) -> 1.3333333
B14: PCIEREFGEN | C14: =ROUND(PCIEREFGEN!F2/1000, 2) -> 1.59 | D14: =SUM(C14:C14) -> 1.59 | I14: =1-(F14-C14)/((G2-1)*C14) -> 1.3333333
B15: PCIE5CMN | C15: =ROUND(PCIE5CMN!F2/1000, 2) -> 0.48 | D15: =SUM(C15:C15) -> 0.48 | I15: =1-(F15-C15)/((G2-1)*C15) -> 1.3333333
B16: ACIPHYCMN | C16: =ROUND(ACIPHYCMN!F2/1000, 2) -> 0.43 | D16: =SUM(C16:C16) -> 0.43 | I16: =1-(F16-C16)/((G2-1)*C16) -> 1.3333333
B17: ACIOPHYCMN | C17: =ROUND(ACIOPHYCMN!F2/1000, 2) -> 0.39 | D17: =SUM(C17:C17) -> 0.39 | I17: =1-(F17-C17)/((G2-1)*C17) -> 1.3333333
B18: LPDPTXCMN | C18: =ROUND(LPDPTXCMN!F2/1000, 2) -> 0.41 | D18: =SUM(C18:C18) -> 0.41 | I18: =1-(F18-C18)/((G2-1)*C18) -> 1.3333333
B19: AMPCMN | C19: =ROUND(AMPCMN!F2/1000, 2) -> 4.09 | D19: =SUM(C19:C19) -> 4.09 | I19: =1-(F19-C19)/((G2-1)*C19) -> 1.3333333
B20: PCIEREFPLL | C20: =ROUND(PCIEREFPLL!#REF!/1000, 2) -> #REF! | D20: =SUM(C20:C20) -> #REF! | I20: =1-(F20-C20)/((G2-1)*C20) -> #REF!
B21: PCIEPLL | C21: =ROUND(PCIEPLL!F2/1000, 2) -> 5.68 | D21: =SUM(C21:C21) -> 5.68 | I21: =1-(F21-C21)/((G2-1)*C21) -> 1.3333333
B22: CIOCIOPLL_ | C22: =ROUND(CIOCIOPLL!F2/1000, 2) -> 12.28 | D22: =SUM(C22:C22) -> 12.28 | I22: =1-(F22-C22)/((G2-1)*C22) -> 1.3333333
B23: CIODPPLL | C23: =ROUND(CIODPPLL!F2/1000, 2) -> 6.78 | D23: =SUM(C23:C23) -> 6.78 | I23: =1-(F23-C23)/((G2-1)*C23) -> 1.3333333
B24: LPDPDPPLL_ | C24: =ROUND(LPDPDPPLL!F2/1000, 2) -> 16.91 | D24: =SUM(C24:C24) -> 16.91 | I24: =1-(F24-C24)/((G2-1)*C24) -> 1.3333333
B25: LPDDRPLL | C25: =ROUND(LPDDRPLL!F2/1000, 2) -> 24.01 | D25: =SUM(C25:C25) -> 24.01 | I25: =1-(F25-C25)/((G2-1)*C25) -> 1.3333333
B26: HSCSAROSC | C26: =ROUND(HSCSAROSC!F2/1000, 2) -> 1.15 | D26: =SUM(C26:C26) -> 1.15 | I26: =1-(F26-C26)/((G2-1)*C26) -> 1.3333333
B27: ULPPLL | C27: =ROUND(ULPPLL!F2/1000, 2) -> 0.6 | D27: =SUM(C27:C27) -> 0.6 | I27: =1-(F27-C27)/((G2-1)*C27) -> 1.3333333
B28: FLPPLL | C28: =ROUND(FLPPLL!F2/1000, 2) -> 2.55 | D28: =SUM(C28:C28) -> 2.55 | I28: =1-(F28-C28)/((G2-1)*C28) -> 1.3333333
B29: SEPVMC | C29: =ROUND(SEPVMC!F2/1000, 2) -> 6.26 | D29: =SUM(C29:C29) -> 6.26 | I29: =1-(F29-C29)/((G2-1)*C29) -> 1.3333333
B30: SEPF2M | C30: =ROUND(SEPF2M!F2/1000, 2) -> 1.67 | D30: =SUM(C30:C30) -> 1.67 | I30: =1-(F30-C30)/((G2-1)*C30) -> 1.3333333
B31: MIDBIASLDO | C31: =ROUND(MIDBIASLDO!F2/1000, 2) -> 0.26 | D31: =SUM(C31:C31) -> 0.26 | I31: =1-(F31-C31)/((G2-1)*C31) -> 1.3333333
B32: ADC | C32: =ROUND(ADC!F2/1000, 2) -> 9.96 | D32: =SUM(C32:C32) -> 9.96 | I32: =1-(F32-C32)/((G2-1)*C32) -> 1.3333333
B33: ACIOPHY | C33: =ROUND(ACIOPHY!F2/1000, 2) -> 16.16 | D33: =SUM(C33:C33) -> 16.16 | I33: =1-(F33-C33)/((G2-1)*C33) -> 1.3333333
B34: ACIPHY | C34: =ROUND(ACIPHY!F2/1000, 2) -> 148.17 | D34: =SUM(C34:C34) -> 148.17 | I34: =1-(F34-C34)/((G2-1)*C34) -> 1.3333333
B35: LPDPTX | C35: =ROUND(LPDPTX!F2/1000, 2) -> 3.39 | D35: =SUM(C35:C35) -> 3.39 | I35: =1-(F35-C35)/((G2-1)*C35) -> 1.3333333
B36: PCIE5 | C36: =ROUND(PCIE5!F2/1000, 2) -> 104.2 | D36: =SUM(C36:C36) -> 104.2 | I36: =1-(F36-C36)/((G2-1)*C36) -> 1.3333333
B37: NTSX | C37: =ROUND(NTSX!F2/1000, 2) -> 0.06 | D37: =SUM(C37:C37) -> 0.06 | I37: =1-(F37-C37)/((G2-1)*C37) -> 1.3333333
B38: PCIEREFBUF | C38: =ROUND(PCIEREFBUF!F2/1000, 2) -> 0.18 | D38: =SUM(C38:C38) -> 0.18 | I38: =1-(F38-C38)/((G2-1)*C38) -> 1.3333333
B39: USB | C39: =ROUND(USB!F2/1000, 2) -> 3.9 | D39: =SUM(C39:C39) -> 3.9 | I39: =1-(F39-C39)/((G2-1)*C39) -> 1.3333333
B40: DSGRINGS | C40: =ROUND(#REF!/1000, 2) -> #REF! | D40: =SUM(C40:C40) -> #REF! | I40: =1-(F40-C40)/((G2-1)*C40) -> #REF!
B41: NPMS | C41: =ROUND(#REF!/1000, 2) -> #REF! | D41: =SUM(C41:C41) -> #REF! | I41: =1-(F41-C41)/((G2-1)*C41) -> #REF!
B42: DAPS | C42: =ROUND(#REF!/1000, 2) -> #REF! | D42: =SUM(C42:C42) -> #REF! | I42: =1-(F42-C42)/((G2-1)*C42) -> #REF!
B43: NCKM | C43: =ROUND(#REF!/1000, 2) -> #REF! | D43: =SUM(C43:C43) -> #REF! | I43: =1-(F43-C43)/((G2-1)*C43) -> #REF!
B44: LLPSMNPP | C44: =ROUND(#REF!/1000, 2) -> #REF! | D44: =SUM(C44:C44) -> #REF! | I44: =1-(F44-C44)/((G2-1)*C44) -> #REF!
B45: ABSMIN | C45: =ROUND(#REF!/1000, 2) -> #REF! | D45: =SUM(C45:C45) -> #REF! | I45: =1-(F45-C45)/((G2-1)*C45) -> #REF!
B46: IVDM | C46: =ROUND(#REF!/1000, 2) -> #REF! | D46: =SUM(C46:C46) -> #REF! | I46: =1-(F46-C46)/((G2-1)*C46) -> #REF!
B47: DSGVTHSENSOR | C47: =ROUND(#REF!/1000, 2) -> #REF! | D47: =SUM(C47:C47) -> #REF! | I47: =1-(F47-C47)/((G2-1)*C47) -> #REF!
B48: PWRDET | C48: =ROUND(#REF!/1000, 2) -> #REF! | D48: =SUM(C48:C48) -> #REF! | I48: =1-(F48-C48)/((G2-1)*C48) -> #REF!
B49: CLKMON | C49: =ROUND(#REF!/1000, 2) -> #REF! | D49: =SUM(C49:C49) -> #REF! | I49: =1-(F49-C49)/((G2-1)*C49) -> #REF!
B50: AMP | C50: =ROUND(AMP!F2/1000, 2) -> 238.4 | D50: =SUM(C50:C50) -> 238.4 | I50: =1-(F50-C50)/((G2-1)*C50) -> 1.3333333
B52: Total: | C52: =SUM(C4:C50) -> #REF! | D52: =SUM(D4:D50) -> #REF! | F52: =SUM(F4:F50) -> 0 | G52: =SUM(G4:G50) -> 0 | I52: =1-(F52-C52)/((G2-1)*C52) -> #REF!

Sheet IO_JTAG
A2: Proposal for TTR | D2: Total (ms) | F2: =SUM(E5:G18) -> 12678.02
E3: CP1 (ms)
A4: Category | B4: SubBlock | C4: Pattern | D4: HIP_FailRun | E4: LV | F4: NV | G4: HV | H4: Prod CP1 | I4: Prod CP2 | J4: Prod FT1 | K4: Prod FT2 | L4: Mon | M4: T0Tx | N4: RMA Room | O4: RMA Hot
A5: IO_JTAG | B5: TAPBSD | C5: PP_BRNA0_S_FULP_IO_BSCN_BSD_JIO_UNS_ALLFRV_SI_TAP_BSD | E5: 317.4 | F5: 48.33 | G5: 115.44 | H5: LV,HV | I5: LV,HV | J5: NV
A6: IO_JTAG | B6: DAPIDBYP | C6: PP_BRNA0_S_FULP_FU_BSCN_PFF_JTG_JCC_ALLFRV_SI_DAP_IDBYP | E6: 152.59 | F6: 53.44 | G6: 105.33 | I6: LV,HV | K6: LV,HV
A7: IO_JTAG | B7: DCLP | C7: PP_BRNA0_S_FULP_IO_BSCN_DCT_DAA_DIO_ALLFRV_SI_DC_LP | E7: 106.9 | F7: 67.06 | G7: 106.69 | H7: LV,HV | I7: LV,HV
A8: IO_JTAG | B8: FUNCVILH | C8: PP_BRNA0_S_FULP_IO_POPX_NAN_DAA_DIO_ALLFRV_SI_FUNC_VILH | E8: 143.24 | F8: 142.6 | G8: 140.26 | H8: LV,HV | I8: LV,HV
A9: IO_JTAG | B9: IMPDPU | C9: PP_BRNA0_S_FULP_IO_POPU_NAN_DAA_DIO_ALLFRV_SI_IMPD_PU | E9: 732.4 | F9: 769.14 | G9: 641.41 | H9: HV | I9: LV
A10: IO_JTAG | B10: DCDS4D13 | C10: PP_BRNA0_S_FULP_IO_BSCN_DCT_DAA_DIO_ALLFRV_SI_DC_DS4 | E10: 385.19 | F10: 388.03 | G10: 414.77 | H10: HV | I10: LV
A11: IO_JTAG | B11: DCDS4D22 | C11: PP_BRNA0_S_FULP_IO_BSCN_DCT_DAA_DIO_ALLFRV_SI_DC_DS4 | E11: 367.07 | F11: 370.66 | G11: 340.23 | H11: HV | I11: LV
A12: IO_JTAG | B12: DCDS8D13 | C12: PP_BRNA0_S_FULP_IO_BSCN_DCT_DAA_DIO_ALLFRV_SI_DC_DS8 | E12: 381.43 | F12: 404.87 | G12: 438.84 | H12: HV | I12: LV
A13: IO_JTAG | B13: DCDS8D22 | C13: PP_BRNA0_S_FULP_IO_BSCN_DCT_DAA_DIO_ALLFRV_SI_DC_DS8 | E13: 381.9 | F13: 327.16 | G13: 239.17 | H13: HV | I13: LV
A14: IO_JTAG | B14: DCDS14D13 | C14: PP_BRNA0_S_FULP_IO_BSCN_DCT_DAA_DIO_ALLFRV_SI_DC_DS14 | E14: 426.08 | F14: 342.69 | G14: 396.5 | H14: HV | I14: LV
A15: IO_JTAG | B15: DCDS14D22 | C15: PP_BRNA0_S_FULP_IO_BSCN_DCT_DAA_DIO_ALLFRV_SI_DC_DS14 | E15: 284.51 | F15: 286.02 | G15: 236.86 | H15: HV | I15: LV
A16: IO_JTAG | B16: IOLEAK | C16: PP_BRNA0_S_FULP_IO_BSCN_BSD_JIO_UNS_ALLFRV_SI_IO_LEAK | E16: 549.65 | F16: 584.1 | G16: 492.35 | H16: HV | I16: HV
A17: IO_JTAG | B17: FUNCVOLHD13 | C17: PP_BRNA0_S_FULP_IO_BSCN_DCT_DAA_DIO_ALLFRV_SI_FUNC_VOLHD13 | E17: 126.46 | F17: 128.46 | G17: 82.82 | H17: HV | I17: LV
A18: IO_JTAG | B18: FUNCVOLHD22 | C18: PP_BRNA0_S_FULP_IO_BSCN_DCT_DAA_DIO_ALLFRV_SI_FUNC_VOLHD22 | E18: 275.02 | F18: 248.33 | G18: 136.62 | H18: HV | I18: LV

Sheet ADCDFT
A2: Proposal for TTR | D2: Total (ms) | F2: =SUM(E5:G26) -> 46457
E3: CP1 (ms)
A4: Category | B4: SubBlock | C4: Pattern | D4: HIP_FailRun | E4: LV | F4: NV | G4: HV | H4: Prod CP1 | I4: Prod CP2 | J4: Prod FT1 | K4: Prod FT2 | L4: Mon | M4: T0Tx | N4: RMA Room | O4: RMA Hot
A5: ADCDFT | B5: UCSDMT1 | C5: PP_BRNA0_S_FULP_AN_AA07_MEA_JTG_VIX_ALLFRV_SI_UCSDM_T1 | E5: 1855.37 | F5: 2613.76 | G5: 1921.5 | H5: NV | I5: NV | J5: NV | K5: NV
A6: ADCDFT | B6: UCSDMT3A | C6: PP_BRNA0_S_FULP_AN_AA07_MEA_JTG_VIX_ALLFRV_SI_UCSDM_T3A | E6: 497.39 | F6: 443.53 | G6: 403.99 | H6: NV | I6: NV | J6: NV | K6: NV
A7: ADCDFT | B7: UCSDMVER0P139 | C7: PP_BRNA0_S_FULP_AN_AA07_MEA_JTG_VIX_ALLFRV_SI_UCSDM_T3B | E7: 319.63 | F7: 454.26 | G7: 270.64 | H7: NV | I7: NV | J7: NV | K7: NV
A8: ADCDFT | B8: UCSDMVER0P558 | C8: PP_BRNA0_S_FULP_AN_AA07_MEA_JTG_VIX_ALLFRV_SI_UCSDM_T3B | E8: 356.68 | F8: 313.61 | G8: 269.45 | H8: NV | I8: NV | J8: NV | K8: NV
A9: ADCDFT | B9: UCSDMVER0P837 | C9: PP_BRNA0_S_FULP_AN_AA07_MEA_JTG_VIX_ALLFRV_SI_UCSDM_T3B | E9: 327.1 | F9: 490.59 | G9: 269.75 | H9: NV | I9: NV | J9: NV | K9: NV
A10: ADCDFT | B10: UCSDMVER0P976 | C10: PP_BRNA0_S_FULP_AN_AA07_MEA_JTG_VIX_ALLFRV_SI_UCSDM_T3B | E10: 318.81 | F10: 307.92 | G10: 271.64 | H10: NV | I10: NV | J10: NV | K10: NV
A11: ADCDFT | B11: UCSDMT4A | C11: PP_BRNA0_S_FULP_AN_AA07_MEA_JTG_VIX_ALLFRV_SI_UCSDM_T4A | E11: 311.45 | F11: 300.08 | G11: 261.55 | H11: NV
A12: ADCDFT | B12: OTHER | C12: ADCDFT_FUSE_PREWRITE_HSC_UCSDM0_DFT_NREFG | F12: 0.22 | H12: NV
A13: ADCDFT | B13: OTHER | C13: ADCDFT_FUSE_READ_HSC_UCSDM0_DFT_NREFG | F13: 0.66 | I13: NV | J13: NV | K13: NV
A14: ADCDFT | B14: OTHER | C14: ADCDFT_FUSE_PREWRITE_HSC_UCSDM1_DFT_NREFG | F14: 0.19 | H14: NV
A15: ADCDFT | B15: OTHER | C15: ADCDFT_FUSE_READ_HSC_UCSDM1_DFT_NREFG | F15: 0.59 | I15: NV | J15: NV | K15: NV
A16: ADCDFT | B16: UCSDMT4B | C16: PP_BRNA0_S_FULP_AN_AA07_MEA_JTG_VIX_ALLFRV_SI_UCSDM_T4B | E16: 615.12 | F16: 712.6 | G16: 553.31 | H16: NV | I16: NV | J16: NV | K16: NV
A17: ADCDFT | B17: UCSDMT8 | C17: PP_BRNA0_S_FULP_AN_AA07_MEA_JTG_VIX_ALLFRV_SI_UCSDM_T8 | E17: 4920.39 | F17: 4699.65 | G17: 4448.71 | H17: NV | I17: NV | J17: NV | K17: NV
A18: ADCDFT | B18: UCSDMCALT5A | C18: MN_BRNA0_S_FULP_AN_AA07_MEA_JTG_VIX_ALLFRV_SI_UCSDM_T5A | E18: 499.51 | F18: 492.94 | G18: 414.41 | L18: LV,HV
A19: ADCDFT | B19: UCSDMMNVER0P139 | C19: MN_BRNA0_S_FULP_AN_AA07_MEA_JTG_VIX_ALLFRV_SI_UCSDM_T5B | E19: 360.03 | F19: 368.31 | G19: 280.99 | L19: LV,HV
A20: ADCDFT | B20: UCSDMMNVER0P558 | C20: MN_BRNA0_S_FULP_AN_AA07_MEA_JTG_VIX_ALLFRV_SI_UCSDM_T5B | E20: 420.05 | F20: 411.77 | G20: 274.95 | L20: LV,HV
A21: ADCDFT | B21: UCSDMMNVER0P837 | C21: MN_BRNA0_S_FULP_AN_AA07_MEA_JTG_VIX_ALLFRV_SI_UCSDM_T5B | E21: 473.02 | F21: 362.15 | G21: 327.88 | L21: LV,HV
A22: ADCDFT | B22: MNUCSDMT6 | C22: MN_BRNA0_S_FULP_AN_AA07_MEA_JTG_VIX_ALLFRV_SI_UCSDM_T6 | E22: 602.28 | F22: 624.17 | G22: 738.93 | L22: LV,HV
A23: ADCDFT | B23: MNUCSDMT9A | C23: MN_BRNA0_S_FULP_AN_AA07_MEA_JTG_VIX_ALLFRV_SI_UCSDM_T9A | E23: 899.98 | F23: 746.12 | G23: 808.61 | L23: LV,HV
A24: ADCDFT | B24: MNUCSDMT9B | C24: MN_BRNA0_S_FULP_AN_AA07_MEA_JTG_VIX_ALLFRV_SI_UCSDM_T9B | E24: 1014.75 | F24: 851.71 | G24: 1033.03 | L24: LV,HV
A25: ADCDFT | B25: MNUCSDMT9C | C25: MN_BRNA0_S_FULP_AN_AA07_MEA_JTG_VIX_ALLFRV_SI_UCSDM_T9C | E25: 1014.53 | F25: 971 | G25: 1108.99 | L25: LV,HV
A26: ADCDFT | B26: MNUCSDMT9D | C26: MN_BRNA0_S_FULP_AN_AA07_MEA_JTG_VIX_ALLFRV_SI_UCSDM_T9D | E26: 985.13 | F26: 878.13 | G26: 963.49 | L26: LV,HV

Sheet MTRICTS
A2: Proposal for TTR | D2: Total (ms) | F2: =SUM(E5:G29) -> 64833.89
E3: CP1 (ms)
A4: Category | B4: SubBlock | C4: Pattern | D4: HIP_FailRun | E4: LV | F4: NV | G4: HV | H4: Prod CP1 | I4: Prod CP2 | J4: Prod FT1 | K4: Prod FT2 | L4: Mon | M4: T0Tx | N4: RMA Room | O4: RMA Hot
A5: MTRICTS | B5: NBRIDGET2P1 | C5: PP_BRNA0_S_FULP_AN_ICTS_DLL_JTG_COD_ALLFRV_SI_NBRIDGE_T2P1 | F5: 501.97 | H5: NV
A6: MTRICTS | B6: OTHER | C6: MTRICTS_NBRIDGET2P1_FUSE_PREWRITE_CAL | F6: 0.23 | H6: NV
A7: MTRICTS | B7: OTHER | C7: MTRICTS_NBRIDGET2P1_FUSE_READ_CAL | F7: 59.17 | I7: NV | J7: NV | K7: NV
A8: MTRICTS | B8: OTHER | C8: MTRICTS_NBRIDGET2P1P1_FUSE_PREWRITE_CAL | F8: 31.04 | I8: NV
A9: MTRICTS | B9: OTHER | C9: MTRICTS_NBRIDGET2P1P1_FUSE_READ_CAL | F9: 4.89 | J9: NV | K9: NV
A10: MTRICTS | B10: OTHER | C10: MTRICTS_RBRIDGET3P2_FUSE_PREWRITE_CAL | F10: 0.26 | H10: NV
A11: MTRICTS | B11: OTHER | C11: MTRICTS_RBRIDGET3P2_FUSE_READ_CAL | F11: 58.53 | I11: NV | J11: NV | K11: NV
A12: MTRICTS | B12: OTHER | C12: MTRICTS_BPBN_ASSIGMENT | H12: NV
A13: MTRICTS | B13: OTHER | C13: MTRICTS_READT4P1_FUSE_PREWRITE_CAL | F13: 0.25 | H13: NV
A14: MTRICTS | B14: OTHER | C14: MTRICTS_READT4P1_FUSE_READ_CAL | F14: 30.28 | I14: NV | J14: NV | K14: NV
A15: MTRICTS | B15: OTHER | C15: MTRICTS_ICTS_CPE_TEMPERATURE_FUSE_PREWRITE | F15: 0.31 | I15: NV
A16: MTRICTS | B16: OTHER | C16: MTRICTS_ICTS_CPE_TEMPERATURE_FUSE_READ | F16: 0.7
A17: MTRICTS | B17: OTHER | C17: MTRICTS_T5P1P1_FUSE_PREWRITE_CAL | F17: 0.25 | I17: NV
A18: MTRICTS | B18: OTHER | C18: MTRICTS_T5P1P1_FUSE_READ_CAL | F18: 3.64 | J18: NV | K18: NV
A19: MTRICTS | B19: NBRIDGET2P1A | C19: PP_BRNA0_S_FULP_AN_ICTS_DLL_JTG_COD_ALLFRV_SI_NBRIDGE_T2P1A | E19: 237.6 | F19: 335.76 | G19: 238.03 | H19: NV | I19: NV
A20: MTRICTS | B20: NBRIDGET2P1P1 | C20: PP_BRNA0_S_FULP_AN_ICTS_DLL_JTG_COD_ALLFRV_SI_NBRIDGE_T2P1P1 | F20: 84.07 | H20: NV | I20: NV
A21: MTRICTS | B21: RBRIDGET3P1 | C21: PP_BRNA0_S_FULP_AN_ICTS_DLL_JTG_COD_ALLFRV_SI_RBRIDGE_T3P1 | F21: 214.83 | H21: NV
A22: MTRICTS | B22: RBRIDGET3P2 | C22: PP_BRNA0_S_FULP_AN_ICTS_DLL_JTG_COD_ALLFRV_SI_RBRIDGE_T3P2 | F22: 1058.58 | H22: NV
A23: MTRICTS | B23: READT4P1 | C23: PP_BRNA0_S_FULP_AN_ICTS_DLL_JTG_COD_ALLFRV_SI_READ_T4P1 | F23: 646.77 | H23: NV
A24: MTRICTS | B24: TEMPT5P1CP1 | C24: PP_BRNA0_S_FULP_AN_ICTS_DLL_JTG_COD_ALLFRV_SI_TEMP_T5P1 | E24: 3439.35 | F24: 3557.25 | G24: 5159.21 | H24: NV,LV,HV | I24: NV,LV,HV | J24: NV,LV,HV | K24: NV,LV,HV
A25: MTRICTS | B25: TEMPT5P1P1CP1 | C25: PP_BRNA0_S_FULP_AN_ICTS_DLL_JTG_COD_ALLFRV_SI_TEMP_T5P1P1 | E25: 268.28 | F25: 374.38 | G25: 296.69 | H25: NV | I25: NV | J25: NV | K25: NV
A26: MTRICTS | B26: MNPWRT1P1 | C26: MN_BRNA0_S_FULP_AN_ICTS_DLL_JTG_COD_ALLFRV_SI_PWR_T1P1 | E26: 8279.46 | F26: 20696.94 | G26: 8251.13 | L26: LV,HV
A27: MTRICTS | B27: MNIREFT1P2 | C27: MN_BRNA0_S_FULP_AN_ICTS_DLL_JTG_COD_ALLFRV_SI_IREF_T1P2 | F27: 2574.13 | L27: LV,HV
A28: MTRICTS | B28: MNANATESTT1P3NV | C28: MN_BRNA0_S_FULP_AN_ICTS_DLL_JTG_COD_ALLFRV_SI_ANATEST_T1P3 | E28: 1899.68 | F28: 1887.03 | G28: 1971.06 | L28: LV,HV
A29: MTRICTS | B29: MNOSCT6P1 | C29: MN_BRNA0_S_FULP_AN_ICTS_DLL_JTG_COD_ALLFRV_SI_OSC_T6P1 | E29: 921.43 | F29: 885.38 | G29: 865.33 | L29: LV,HV

Sheet NTSE
A2: Proposal for TTR | D2: Total (ms) | F2: =SUM(E5:G20) -> 8631.83
E3: CP1 (ms)
A4: Category | B4: SubBlock | C4: Pattern | D4: HIP_FailRun | E4: LV | F4: NV | G4: HV | H4: Prod CP1 | I4: Prod CP2 | J4: Prod FT1 | K4: Prod FT2 | L4: Mon | M4: T0Tx | N4: RMA Room | O4: RMA Hot
A5: NTSE | B5: NTSEREADT1P1CP1 | C5: PP_BRNA0_S_FULP_AN_MT02_DLL_JTG_COD_ALLFRV_SI_NTSEREAD_T1P1 | F5: 782.98 | H5: NV
A6: NTSE | B6: OTHER | C6: NTSE_NTSEREADT1P1CP1_FUSE_PREWRITE_CAL_D_0_CP1 | F6: 0.31 | H6: NV
A7: NTSE | B7: OTHER | C7: NTSE_NTSEREADT1P1CP1_FUSE_PREWRITE_CAL_VREF_DIG_CP1 | F7: 0.17 | H7: NV
A8: NTSE | B8: OTHER | C8: NTSE_NTSEREADT1P1FT1_FUSE_PREWRITE_CAL_D_0_FT1 | F8: 0.31 | J8: NV
A9: NTSE | B9: OTHER | C9: NTSE_NTSEREADT1P1FT1_FUSE_READ_CAL_D_0_FT1 | F9: 8.43 | K9: NV
A10: NTSE | B10: OTHER | C10: NTSE_NTSEREADT1P1FT1_FUSE_PREWRITE_CAL_NTSE_TEMP_FT1 | F10: 0.22 | J10: NV
A11: NTSE | B11: OTHER | C11: NTSE_NTSEREADT1P1FT1_FUSE_READ_CAL_NTSE_TEMP_FT1 | F11: 8.41 | K11: NV
A12: NTSE | B12: OTHER | C12: NTSE_NTSEREADT1P1FT2_FUSE_PREWRITE_CAL_VREF_DIG_FT2 | F12: 0.32 | K12: NV
A13: NTSE | B13: OTHER | C13: NTSE_NTSEREADT1P1FT2_FUSE_PREWRITE_CAL_D_0_FT2 | F13: 0.17 | K13: NV
A14: NTSE | B14: OTHER | C14: NTSE_NTSEREADT1P1FT2_FUSE_READ_CAL_D_0_FT2 | F14: 8.54
A15: NTSE | B15: OTHER | C15: NTSE_NTSEREADT1P1FT2_FUSE_PREWRITE_CAL_NTSE_TEMP_FT2 | F15: 0.21 | K15: NV
A16: NTSE | B16: OTHER | C16: NTSE_NTSEREADT1P1FT2_FUSE_READ_CAL_NTSE_TEMP_FT2 | F16: 41.98
A17: NTSE | B17: NTSEREADT1P1FT1 | C17: PP_BRNA0_S_FULP_AN_MT02_DLL_JTG_COD_ALLFRV_SI_NTSEREAD_T1P1 | F17: 775.51 | J17: NV
A18: NTSE | B18: NTSEREADT1P1FT2 | C18: PP_BRNA0_S_FULP_AN_MT02_DLL_JTG_COD_ALLFRV_SI_NTSEREAD_T1P1 | F18: 885.21 | K18: NV
A19: NTSE | B19: NTSEREADT2 | C19: PP_BRNA0_S_FULP_AN_MT02_DLL_JTG_COD_ALLFRV_SI_NTSEREAD_T2 | E19: 150.67 | F19: 109.52 | G19: 171.92 | K19: NV
A20: NTSE | B20: MNNTSEREADT1P0 | C20: MN_BRNA0_S_FULP_AN_MT02_DLL_JTG_COD_ALLFRV_SI_NTSEREAD_T1P0 | E20: 1898.97 | F20: 1900.84 | G20: 1887.14 | H20: NV | I20: NV | J20: NV | K20: NV | L20: LV,HV

Sheet NTSR
A2: Proposal for TTR | D2: Total (ms) | F2: =SUM(E5:G16) -> 1084.34
E3: CP1 (ms)
A4: Category | B4: SubBlock | C4: Pattern | D4: HIP_FailRun | E4: LV | F4: NV | G4: HV | H4: Prod CP1 | I4: Prod CP2 | J4: Prod FT1 | K4: Prod FT2 | L4: Mon | M4: T0Tx | N4: RMA Room | O4: RMA Hot
A5: NTSR | B5: NTSRREADT1P1CP1 | C5: PP_BRNA0_S_FULP_AN_MT02_DLL_JTG_COD_ALLFRV_SI_NTSRREAD_T1P1 | F5: 56.22 | H5: NV
A6: NTSR | B6: OTHER | C6: NTSR_T1P1_CP1_FUSE_PREWRITE_CAL | F6: 0.27 | H6: NV
A7: NTSR | B7: OTHER | C7: NTSR_T1P1_CP1_FUSE_READ_CAL | F7: 121.5 | I7: NV | J7: NV | K7: NV
A8: NTSR | B8: OTHER | C8: NTSR_T1P1_FT1_FUSE_PREWRITE_CAL | F8: 0.29 | J8: NV
A9: NTSR | B9: OTHER | C9: NTSR_T1P1_FT1_FUSE_READ_CAL | F9: 1.1 | K9: NV
A10: NTSR | B10: OTHER | C10: NTSR_T1P1_CP2_FUSE_PREWRITE_CAL | F10: 0.29 | I10: NV
A11: NTSR | B11: OTHER | C11: NTSR_T1P1_CP2_FUSE_READ_CAL | F11: 1.06 | J11: NV | K11: NV
A12: NTSR | B12: NTSRREADT1P1FT1 | C12: PP_BRNA0_S_FULP_AN_MT02_DLL_JTG_COD_ALLFRV_SI_NTSRREAD_T1P1 | F12: 48.24 | J12: NV
A13: NTSR | B13: NTSRREADT1P1CP2 | C13: PP_BRNA0_S_FULP_AN_MT02_DLL_JTG_COD_ALLFRV_SI_NTSRREAD_T1P1 | F13: 45.8 | I13: NV
A14: NTSR | B14: NTSRREADT1P1FT2 | C14: PP_BRNA0_S_FULP_AN_MT02_DLL_JTG_COD_ALLFRV_SI_NTSRREAD_T1P1 | E14: 90.86 | F14: 50.74 | G14: 58.92 | K14: NV
A15: NTSR | B15: NTSRREADT2 | C15: PP_BRNA0_S_FULP_AN_MT02_DLL_JTG_COD_ALLFRV_SI_NTSRREAD_T2 | E15: 21.96 | F15: 21.49 | G15: 21.48 | J15: NV | K15: NV
A16: NTSR | B16: MNNTSRREADT1P0 | C16: MN_BRNA0_S_FULP_AN_MT02_DLL_JTG_COD_ALLFRV_SI_NTSRREAD_T1P0 | E16: 170.92 | F16: 170.64 | G16: 202.56 | L16: LV,HV

Sheet MISC
A2: Proposal for TTR | D2: Total (ms) | F2: =SUM(E5:G18) -> 473.15
E3: CP1 (ms)
A4: Category | B4: SubBlock | C4: Pattern | D4: HIP_FailRun | E4: LV | F4: NV | G4: HV | H4: Prod CP1 | I4: Prod CP2 | J4: Prod FT1 | K4: Prod FT2 | L4: Mon | M4: T0Tx | N4: RMA Room | O4: RMA Hot
A5: MISC | B5: SIOAOP | C5: PP_BRNA0_S_FULP_IO_POPX_NAN_DAA_DIO_ALLFRV_SI_SIO_AOP | E5: 18.18 | F5: 18.05 | G5: 18.13 | H5: LV,HV | I5: LV,HV | K5: LV,HV
A6: MISC | B6: SIOMTP | C6: PP_BRNA0_S_FULP_IO_POPX_NAN_DAA_DIO_ALLFRV_SI_SIO_MTP | E6: 8.85 | F6: 8.96 | G6: 8.71 | H6: LV,HV | I6: LV,HV | K6: LV,HV
A7: MISC | B7: SIOSIO | C7: PP_BRNA0_S_FULP_IO_POPX_NAN_DAA_DIO_ALLFRV_SI_SIO_SIO | E7: 8.76 | F7: 8.72 | G7: 8.68 | H7: LV,HV | I7: LV,HV | K7: LV,HV
A8: MISC | B8: SIOQSPIMC | C8: PP_BRNA0_S_FULP_IO_POPX_NAN_DAA_DIO_ALLFRV_SI_SIO_QSPIMC | E8: 8.52 | F8: 8.52 | G8: 8.49 | H8: LV,HV | I8: LV,HV | K8: LV,HV
A9: MISC | B9: SIODISP | C9: PP_BRNA0_S_FULP_IO_POPX_NAN_DAA_DIO_ALLFRV_SI_SIO_DISP | E9: 8.59 | F9: 8.54 | G9: 8.5 | H9: LV,HV | I9: LV,HV | K9: LV,HV
A10: MISC | B10: SIODISPSEC | C10: PP_BRNA0_S_FULP_IO_POPX_NAN_DAA_DIO_ALLFRV_SI_SIO_DISPSEC | E10: 36.37 | F10: 8.57 | G10: 8.54 | H10: LV,HV | I10: LV,HV | K10: LV,HV
A11: MISC | B11: XX | C11: PP_BRNA0_S_FULP_PW_PTSX_PFF_DAA_PWR_ALLFRV_SI_X_X | E11: 13.9 | F11: 8.36 | G11: 8.34 | H11: LV,HV | I11: LV,HV | K11: LV,HV
A12: MISC | B12: DELAYEN | C12: PP_BRNA0_S_FULP_PW_PTSX_PFF_DAA_PWR_ALLFRV_SI_DELAY_EN | E12: 20.06 | F12: 19.54 | G12: 19.52 | H12: LV,HV | I12: LV,HV | K12: LV,HV
A13: MISC | B13: SELSRAMMEMON | C13: PP_BRNA0_S_FULP_PW_PTSX_PFF_DAA_PWR_ALLFRV_SI_SELSRAM_MEMON | E13: 8.34 | F13: 8.19 | G13: 8.11 | H13: LV,HV | I13: LV,HV | K13: LV,HV
A14: MISC | B14: SELSRAMMEMOFF | C14: PP_BRNA0_S_FULP_PW_PTSX_PFF_DAA_PWR_ALLFRV_SI_SELSRAM_MEMOFF | E14: 8.26 | F14: 8.2 | G14: 8.19 | H14: LV,HV | I14: LV,HV | K14: LV,HV
A15: MISC | B15: TBBACC | C15: PP_BRNA0_C_FULP_AN_TBBX_PFF_JTG_CAL_ALLFRV_SI_TBB_ACC | E15: 9.4 | F15: 9.44 | G15: 9.38 | H15: LV,HV | I15: LV,HV | K15: LV,HV
A16: MISC | B16: TBBANE | C16: PP_BRNA0_S_FULP_AN_TBBX_PFF_JTG_CAL_ALLFRV_SI_TBB_ANE | E16: 7.38 | F16: 7.52 | G16: 7.37 | H16: LV,HV | I16: LV,HV | K16: LV,HV
... A18: MISC | B18: ATBOFMS | C18: PP_BRNA0_C_FULP_AN_AATB_MEA_JTG_IMX_ALLFRV_SI_ATB_OFMS | E18: 16.23 | F18: 16.52 | G18: 16.01 | H18: LV,HV | I18: LV,HV | K18: LV,HV

Sheet FRO
A2: Proposal for TTR | D2: Total (ms) | F2: =SUM(E5:G8) -> 633.69
E3: CP1 (ms)
A4: Category | B4: SubBlock | C4: Pattern | D4: HIP_FailRun | E4: LV | F4: NV | G4: HV | H4: Prod CP1 | I4: Prod CP2 | J4: Prod FT1 | K4: Prod FT2 | L4: Mon | M4: T0Tx | N4: RMA Room | O4: RMA Hot
A5: FRO | B5: PDDBGFREQMEAS | C5: PP_BRNA0_S_FULP_AN_AR00_FRQ_JTG_FRQ_ALLFRV_SI_PDDBG_FREQMEAS | E5: 20.32 | F5: 20.9 | G5: 21.1 | H5: NV
A6: FRO | B6: MNPDDEBUG | C6: MN_BRNA0_S_FULP_AN_AR00_FRQ_JTG_FRQ_ALLFRV_SI_PD_DEBUG | E6: 60.7 | F6: 60.64 | G6: 60.95 | L6: LV,HV
A7: FRO | B7: MNPDSEPFRO | C7: MN_BRNA0_S_FULP_AN_AR00_FRQ_JTG_FRQ_ALLFRV_SI_PD_SEPFRO | E7: 70.28 | F7: 108.1 | G7: 68.63 | L7: LV,HV
A8: FRO | B8: MNPDSEPFRO2 | C8: MN_BRNA0_S_FULP_AN_AR00_FRQ_JTG_FRQ_ALLFRV_SI_PD_SEPFRO2 | E8: 67.54 | F8: 38.07 | G8: 36.46 | L8: LV,HV

Sheet CPLL
A2: Proposal for TTR | D2: Total (ms) | F2: =SUM(E5:G131) -> 36334.6
E3: CP1 (ms)
A4: Category | B4: SubBlock | C4: Pattern | D4: HIP_FailRun | E4: LV | F4: NV | G4: HV | H4: Prod CP1 | I4: Prod CP2 | J4: Prod FT1 | K4: Prod FT2 | L4: Mon | M4: T0Tx | N4: RMA Room | O4: RMA Hot
A5: CPLL | B5: CPLLDST0PD | C5: PP_BRNA0_C_FULP_AN_AA00_DLL_JTG_VIX_ALLFRV_SI_CPLLDS_T0PD | F5: 185.92 | H5: NV | I5: NV | J5: NV
A6: CPLL | B6: OTHER | C6: CPLL_CPLL01_T0_FUSE_PREWRITE_CAL | F6: 0.24 | H6: NV
A7: CPLL | B7: OTHER | C7: CPLL_CPLL01_T0_FUSE_READ_CAL | F7: 1.04 | I7: NV | J7: NV | K7: NV
A8: CPLL | B8: OTHER | C8: CPLL_CPLL01_T1_FUSE_PREWRITE_CAL | F8: 0.24 | H8: NV
A9: CPLL | B9: OTHER | C9: CPLL_CPLL01_T1_FUSE_READ_CAL | F9: 0.99 | I9: NV | J9: NV | K9: NV
A10: CPLL | B10: OTHER | C10: CPLL_CPLL23_T0_FUSE_PREWRITE_CAL | F10: 0.24 | H10: NV
A11: CPLL | B11: OTHER | C11: CPLL_CPLL23_T0_FUSE_READ_CAL | F11: 1.07 | I11: NV | J11: NV | K11: NV
A12: CPLL | B12: OTHER | C12: CPLL_CPLL23_T1_FUSE_PREWRITE_CAL | F12: 0.24 | H12: NV
A13: CPLL | B13: OTHER | C13: CPLL_CPLL23_T1_FUSE_READ_CAL | F13: 1.05 | I13: NV | J13: NV | K13: NV
A14: CPLL | B14: CPLLDST1PD | C14: PP_BRNA0_C_FULP_AN_AA00_DLL_JTG_VIX_ALLFRV_SI_CPLLDS_T1PD | E14: 132.02 | F14: 123.97 | G14: 130.9 | H14: NV | I14: NV | J14: NV
A15: CPLL | B15: CPLLDST2P103D | C15: PP_BRNA0_C_FULP_AN_AA00_DLL_JTG_VIX_ALLFRV_SI_CPLLDS_T2P103D | E15: 60.71 | F15: 60.89 | G15: 61.06 | H15: LV,HV | I15: LV,HV | J15: LV,HV | K15: LV,HV
A16: CPLL | B16: CPLLDST2P107D | C16: PP_BRNA0_C_FULP_AN_AA00_DLL_JTG_VIX_ALLFRV_SI_CPLLDS_T2P107D | E16: 69.39 | F16: 68.55 | G16: 67.89 | H16: LV,HV | I16: LV,HV | J16: LV,HV | K16: LV,HV
A17: CPLL | B17: CPLLDST2P108D | C17: PP_BRNA0_C_FULP_AN_AA00_DLL_JTG_VIX_ALLFRV_SI_CPLLDS_T2P108D | E17: 101.14 | F17: 68.86 | G17: 67.8 | H17: LV,HV | I17: LV,HV | J17: LV,HV | K17: LV,HV
A18: CPLL | B18: CPLLDST2P109D | C18: PP_BRNA0_C_FULP_AN_AA00_DLL_JTG_VIX_ALLFRV_SI_CPLLDS_T2P109D | E18: 68.75 | F18: 106.89 | G18: 102.57 | H18: LV,HV | I18: LV,HV | J18: LV,HV | K18: LV,HV
A19: CPLL | B19: CPLLDST2P110D | C19: PP_BRNA0_C_FULP_AN_AA00_DLL_JTG_VIX_ALLFRV_SI_CPLLDS_T2P110D | E19: 68.33 | F19: 69.72 | G19: 68.48 | H19: LV,HV | I19: LV,HV | J19: LV,HV | K19: LV,HV
A20: CPLL | B20: CPLLDST2P112D | C20: PP_BRNA0_C_FULP_AN_AA00_DLL_JTG_VIX_ALLFRV_SI_CPLLDS_T2P112D | E20: 69.26 | F20: 68.87 | G20: 67.95 | H20: LV,HV | I20: LV,HV | J20: LV,HV | K20: LV,HV
A21: CPLL | B21: CPLLDST3P108D | C21: PP_BRNA0_C_FULP_AN_AA00_DLL_JTG_VIX_ALLFRV_SI_CPLLDS_T3P108D | E21: 122.21 | F21: 85.19 | G21: 85.06 | H21: LV,HV | I21: LV,HV | J21: LV,HV | K21: LV,HV
A22: CPLL | B22: CPLLDST13P107D | C22: PP_BRNA0_C_FULP_AN_AA00_DLL_JTG_VIX_ALLFRV_SI_CPLLDS_T13P107D | E22: 26.46 | F22: 25.92 | G22: 25.68 | H22: LV,HV | I22: LV,HV | J22: LV,HV | K22: LV,HV
A23: CPLL | B23: CPLLDST13P110D | C23: PP_BRNA0_C_FULP_AN_AA00_DLL_JTG_VIX_ALLFRV_SI_CPLLDS_T13P110D | E23: 16.33 | F23: 54.86 | G23: 16.95 | H23: LV,HV | I23: LV,HV | J23: LV,HV | K23: LV,HV
A24: CPLL | B24: CPLLSST0PS | C24: PP_BRNA0_C_FULP_AN_AA00_DLL_JTG_VIX_ALLFRV_SI_CPLLSS_T0PS | F24: 149.92 | H24: NV | I24: NV | J24: NV
A25: CPLL | B25: CPLLSST1PS | C25: PP_BRNA0_C_FULP_AN_AA00_DLL_JTG_VIX_ALLFRV_SI_CPLLSS_T1PS | F25: 119.66 | H25: NV | I25: NV | J25: NV
A26: CPLL | B26: CPLLSST2P101S | C26: PP_BRNA0_C_FULP_AN_AA00_DLL_JTG_VIX_ALLFRV_SI_CPLLSS_T2P101S | E26: 58.97 | F26: 60.72 | G26: 98.72 | H26: LV,HV | I26: LV,HV | J26: LV,HV | K26: LV,HV
A27: CPLL | B27: CPLLSST2P102S | C27: PP_BRNA0_C_FULP_AN_AA00_DLL_JTG_VIX_ALLFRV_SI_CPLLSS_T2P102S | E27: 68.19 | F27: 68.7 | G27: 68.24 | H27: LV,HV | I27: LV,HV | J27: LV,HV | K27: LV,HV
A28: CPLL | B28: CPLLSST2P104S | C28: PP_BRNA0_C_FULP_AN_AA00_DLL_JTG_VIX_ALLFRV_SI_CPLLSS_T2P104S | E28: 102.24 | F28: 102.65 | G28: 67.26 | H28: LV,HV | I28: LV,HV | J28: LV,HV | K28: LV,HV
A29: CPLL | B29: CPLLSST2P105S | C29: PP_BRNA0_C_FULP_AN_AA00_DLL_JTG_VIX_ALLFRV_SI_CPLLSS_T2P105S | E29: 74.83 | F29: 68.55 | G29: 67.67 | H29: LV,HV | I29: LV,HV | J29: LV,HV | K29: LV,HV
A30: CPLL | B30: CPLLSST2P106S | C30: PP_BRNA0_C_FULP_AN_AA00_DLL_JTG_VIX_ALLFRV_SI_CPLLSS_T2P106S | E30: 69.09 | F30: 69.78 | G30: 101.99 | H30: LV,HV | I30: LV,HV | J30: LV,HV | K30: LV,HV
A31: CPLL | B31: CPLLSST2P111S | C31: PP_BRNA0_C_FULP_AN_AA00_DLL_JTG_VIX_ALLFRV_SI_CPLLSS_T2P111S | E31: 68.94 | F31: 69.6 | G31: 68.84 | H31: LV,HV | I31: LV,HV | J31: LV,HV | K31: LV,HV
A32: CPLL | B32: CPLLSST2P113S | C32: PP_BRNA0_C_FULP_AN_AA00_DLL_JTG_VIX_ALLFRV_SI_CPLLSS_T2P113S | E32: 68.63 | F32: 121.2 | G32: 68.09 | H32: LV,HV | I32: LV,HV | J32: LV,HV | K32: LV,HV
A33: CPLL | B33: CPLLSST3P108S | C33: PP_BRNA0_C_FULP_AN_AA00_DLL_JTG_VIX_ALLFRV_SI_CPLLSS_T3P108S | E33: 120.43 | F33: 85.35 | G33: 85.17 | H33: LV,HV | I33: LV,HV | J33: LV,HV | K33: LV,HV
A34: CPLL | B34: CPLLSST7PS | C34: PP_BRNA0_C_FULP_AN_AA00_DLL_JTG_VIX_ALLFRV_SI_CPLLSS_T7PS | E34: 32.42 | F34: 32.65 | G34: 68.81 | H34: LV,HV | I34: LV,HV | J34: LV,HV | K34: LV,HV
A35: CPLL | B35: CPLLSST13P104S | C35: PP_BRNA0_C_FULP_AN_AA00_DLL_JTG_VIX_ALLFRV_SI_CPLLSS_T13P104S | E35: 16.86 | F35: 16.81 | G35: 18.71 | H35: LV,HV | I35: LV,HV | J35: LV,HV | K35: LV,HV
A36: CPLL | B36: CPLLSST13P111S | C36: PP_BRNA0_C_FULP_AN_AA00_DLL_JTG_VIX_ALLFRV_SI_CPLLSS_T13P111S | E36: 16.14 | F36: 16.3 | G36: 17.08 | H36: LV,HV | I36: LV,HV | J36: LV,HV | K36: LV,HV
A37: CPLL | B37: MNCPLLDST0PD | C37: MN_BRNA0_C_FULP_AN_AA00_DLL_JTG_VIX_ALLFRV_SI_CPLLDS_T0PD | E37: 341.05 | F37: 347.59 | G37: 312.46 | L37: LV,HV
A38: CPLL | B38: MNCPLLDST1PD | C38: MN_BRNA0_C_FULP_AN_AA00_DLL_JTG_VIX_ALLFRV_SI_CPLLDS_T1PD | E38: 192.96 | F38: 192.33 | G38: 189.61 | L38: LV,HV
A39: CPLL | B39: MNCPLLDST2P101D | C39: MN_BRNA0_C_FULP_AN_AA00_DLL_JTG_VIX_ALLFRV_SI_CPLLDS_T2P101D | E39: 99.08 | F39: 99.96 | G39: 128.6 | L39: LV,HV
A40: CPLL | B40: MNCPLLDST2P102D | C40: MN_BRNA0_C_FULP_AN_AA00_DLL_JTG_VIX_ALLFRV_SI_CPLLDS_T2P102D | E40: 142.67 | F40: 144.9 | G40: 107.57 | L40: LV,HV
A41: CPLL | B41: MNCPLLDST2P103D | C41: MN_BRNA0_C_FULP_AN_AA00_DLL_JTG_VIX_ALLFRV_SI_CPLLDS_T2P103D | E41: 107.56 | F41: 140.76 | G41: 138.74 | L41: LV,HV
A42: CPLL | B42: MNCPLLDST2P104D | C42: MN_BRNA0_C_FULP_AN_AA00_DLL_JTG_VIX_ALLFRV_SI_CPLLDS_T2P104D | E42: 144.86 | F42: 108.1 | G42: 141.44 | L42: LV,HV
A43: CPLL | B43: MNCPLLDST2P105D | C43: MN_BRNA0_C_FULP_AN_AA00_DLL_JTG_VIX_ALLFRV_SI_CPLLDS_T2P105D | E43: 108.56 | F43: 144.17 | G43: 109.57 | L43: LV,HV
A44: CPLL | B44: MNCPLLDST2P106D | C44: MN_BRNA0_C_FULP_AN_AA00_DLL_JTG_VIX_ALLFRV_SI_CPLLDS_T2P106D | E44: 147.5 | F44: 107.47 | G44: 139.24 | L44: LV,HV
A45: CPLL | B45: MNCPLLDST2P107D | C45: MN_BRNA0_C_FULP_AN_AA00_DLL_JTG_VIX_ALLFRV_SI_CPLLDS_T2P107D | E45: 107.92 | F45: 143.41 | G45: 136.78 | L45: LV,HV
A46: CPLL | B46: MNCPLLDST2P108D | C46: MN_BRNA0_C_FULP_AN_AA00_DLL_JTG_VIX_ALLFRV_SI_CPLLDS_T2P108D | E46: 136.57 | F46: 140.86 | G46: 106.75 | L46: LV,HV
A47: CPLL | B47: MNCPLLDST2P109D | C47: MN_BRNA0_C_FULP_AN_AA00_DLL_JTG_VIX_ALLFRV_SI_CPLLDS_T2P109D | E47: 141.27 | F47: 107.9 | G47: 142.25 | L47: LV,HV
A48: CPLL | B48: MNCPLLDST2P110D | C48: MN_BRNA0_C_FULP_AN_AA00_DLL_JTG_VIX_ALLFRV_SI_CPLLDS_T2P110D | E48: 108.04 | F48: 140.89 | G48: 106.06 | L48: LV,HV
... A131: CPLL | B131: MNCPLLSST13P810S | C131: MN_BRNA0_C_FULP_AN_AA00_DLL_JTG_VIX_ALLFRV_SI_CPLLSS_T13P810S | E131: 45.13 | F131: 44.2 | G131: 75.14 | L131: LV,HV

Sheet ADCLK
A2: Proposal for TTR | D2: Total (ms) | F2: =SUM(E5:G69) -> 42934.67
E3: CP1 (ms)
A4: Category | B4: SubBlock | C4: Pattern | D4: HIP_FailRun | E4: LV | F4: NV | G4: HV | H4: Prod CP1 | I4: Prod CP2 | J4: Prod FT1 | K4: Prod FT2 | L4: Mon | M4: T0Tx | N4: RMA Room | O4: RMA Hot
A5: ADCLK | B5: ADCLKT1 | C5: PP_BRNA0_C_FULP_AN_AA01_DLL_JTG_CAL_ALLFRV_SI_ADCLK_T1 | F5: 29.67 | H5: NV | I5: NV | J5: NV
A6: ADCLK | B6: OTHER | C6: ADCLK_ADCLKT1_FUSE_PREWRITE_CAL1 | F6: 0.22 | H6: NV
A7: ADCLK | B7: OTHER | C7: ADCLK_ADCLKT1_FUSE_PREWRITE_CAL2 | F7: 0.16 | H7: NV
A8: ADCLK | B8: OTHER | C8: ADCLK_ADCLKT1_FUSE_PREWRITE_CAL3 | F8: 0.15 | H8: NV
A9: ADCLK | B9: OTHER | C9: ADCLK_ADCLKT1_FUSE_READ_CAL1 | F9: 2.03 | I9: NV | J9: NV | K9: NV
A10: ADCLK | B10: OTHER | C10: ADCLK_ADCLKT1_FUSE_READ_CAL2 | F10: 0.92 | I10: NV | J10: NV | K10: NV
A11: ADCLK | B11: OTHER | C11: ADCLK_ADCLKT1_FUSE_READ_CAL3 | F11: 0.95 | I11: NV | J11: NV | K11: NV
A12: ADCLK | B12: ADCLKT2P1P0B | C12: PP_BRNA0_C_FULP_AN_AA01_DLL_JTG_VIX_ALLFRV_SI_ADCLK_T2P1P0B | E12: 329.23 | F12: 287.51 | G12: 303.54 | H12: LV,HV | I12: LV,HV | J12: LV,HV | K12: LV,HV
A13: ADCLK | B13: ADCLKT2P2P | C13: PP_BRNA0_C_FULP_AN_AA01_DLL_JTG_VIX_ALLFRV_SI_ADCLK_T2P2P | E13: 301.19 | F13: 333.09 | G13: 301.83 | H13: LV,HV | I13: LV,HV | J13: LV,HV | K13: LV,HV
A14: ADCLK | B14: ADCLKT2P6P | C14: PP_BRNA0_C_FULP_AN_AA01_DLL_JTG_VIX_ALLFRV_SI_ADCLK_T2P6P | E14: 301.46 | F14: 300.99 | G14: 303.14 | H14: LV,HV | I14: LV,HV | J14: LV,HV | K14: LV,HV
A15: ADCLK | B15: ADCLKT2P7P | C15: PP_BRNA0_C_FULP_AN_AA01_DLL_JTG_VIX_ALLFRV_SI_ADCLK_T2P7P | E15: 304.25 | F15: 302.2 | G15: 298.5 | H15: LV,HV | I15: LV,HV | J15: LV,HV | K15: LV,HV
A16: ADCLK | B16: ADCLKT3 | C16: PP_BRNA0_C_FULP_AN_AA01_MEA_JTG_VMX_ALLFRV_SI_ADCLK_T3 | E16: 621.83 | F16: 588.7 | G16: 614.96 | H16: LV,HV | I16: LV,HV | J16: LV,HV | K16: LV,HV
A17: ADCLK | B17: ADCLKT4 | C17: PP_BRNA0_C_FULP_AN_AA01_DLL_JTG_FRQ_ALLFRV_SI_ADCLK_T4 | E17: 46.07 | F17: 46.87 | G17: 44.88 | H17: LV,HV | I17: LV,HV | J17: LV,HV | K17: LV,HV
A18: ADCLK | B18: ADCLKT7P1P | C18: PP_BRNA0_C_FULP_AN_AA01_MEA_JTG_LKK_ALLFRV_SI_ADCLK_T7P1P | E18: 86.69 | F18: 129.11 | G18: 86.54 | H18: LV,HV | I18: LV,HV | J18: LV,HV | K18: LV,HV
A19: ADCLK | B19: ADCLKT7P2P | C19: PP_BRNA0_C_FULP_AN_AA01_MEA_JTG_LKK_ALLFRV_SI_ADCLK_T7P2P | E19: 121.24 | F19: 119.92 | G19: 122.14 | H19: LV,HV | I19: LV,HV | J19: LV,HV | K19: LV,HV
A20: ADCLK | B20: ADCLKT7P3P | C20: PP_BRNA0_C_FULP_AN_AA01_MEA_JTG_LKK_ALLFRV_SI_ADCLK_T7P3P | E20: 116.88 | F20: 87.65 | G20: 113.88 | H20: LV,HV | I20: LV,HV | J20: LV,HV | K20: LV,HV
A21: ADCLK | B21: ADCLKT7P4P | C21: PP_BRNA0_C_FULP_AN_AA01_MEA_JTG_LKK_ALLFRV_SI_ADCLK_T7P4P | E21: 88.15 | F21: 115.83 | G21: 86.48 | H21: LV,HV | I21: LV,HV | J21: LV,HV | K21: LV,HV
A22: ADCLK | B22: ADCLKT7P5P | C22: PP_BRNA0_C_FULP_AN_AA01_MEA_JTG_LKK_ALLFRV_SI_ADCLK_T7P5P | E22: 116.86 | F22: 87.9 | G22: 116.42 | H22: LV,HV | I22: LV,HV | J22: LV,HV | K22: LV,HV
A23: ADCLK | B23: ADCLKT7P6P | C23: PP_BRNA0_C_FULP_AN_AA01_MEA_JTG_LKK_ALLFRV_SI_ADCLK_T7P6P | E23: 87.82 | F23: 116.67 | G23: 88.13 | H23: LV,HV | I23: LV,HV | J23: LV,HV | K23: LV,HV
... A27: ADCLK | B27: ADCLKT16 | C27: PP_BRNA0_C_FULP_AN_AA01_MEA_JTG_DYC_ALLFRV_SI_ADCLK_T16 | E27: 38.83 | F27: 70.04 | G27: 38.18 | H27: LV,HV | I27: LV,HV | J27: LV,HV | K27: LV,HV
A28: ADCLK | B28: MNADCLKT2P1P0B | C28: MN_BRNA0_C_FULP_AN_AA01_DLL_JTG_VIX_ALLFRV_SI_ADCLK_T2P1P0B | E28: 341.57 | F28: 345.44 | G28: 340 | L28: LV,HV
A29: ADCLK | B29: MNADCLKT2P1PHB | C29: MN_BRNA0_C_FULP_AN_AA01_DLL_JTG_VIX_ALLFRV_SI_ADCLK_T2P1PHB | E29: 377.71 | F29: 342.39 | G29: 377.05 | L29: LV,HV
A30: ADCLK | B30: MNADCLKT2P1PQB | C30: MN_BRNA0_C_FULP_AN_AA01_DLL_JTG_VIX_ALLFRV_SI_ADCLK_T2P1PQB | E30: 347.61 | F30: 389.59 | G30: 342.2 | L30: LV,HV
A31: ADCLK | B31: MNADCLKT2P2PHB | C31: MN_BRNA0_C_FULP_AN_AA01_DLL_JTG_VIX_ALLFRV_SI_ADCLK_T2P2PHB | E31: 345.78 | F31: 347.83 | G31: 373.49 | L31: LV,HV
A32: ADCLK | B32: MNADCLKT2P2PQB | C32: MN_BRNA0_C_FULP_AN_AA01_DLL_JTG_VIX_ALLFRV_SI_ADCLK_T2P2PQB | E32: 384.82 | F32: 375.65 | G32: 346.62 | L32: LV,HV
A33: ADCLK | B33: MNADCLKT2P2P | C33: MN_BRNA0_C_FULP_AN_AA01_DLL_JTG_VIX_ALLFRV_SI_ADCLK_T2P2P | E33: 349.03 | F33: 344.43 | G33: 344.44 | L33: LV,HV
A34: ADCLK | B34: MNADCLKT2P3PHB | C34: MN_BRNA0_C_FULP_AN_AA01_DLL_JTG_VIX_ALLFRV_SI_ADCLK_T2P3PHB | E34: 378.29 | F34: 354.36 | G34: 386.34 | L34: LV,HV
A35: ADCLK | B35: MNADCLKT2P3PQB | C35: MN_BRNA0_C_FULP_AN_AA01_DLL_JTG_VIX_ALLFRV_SI_ADCLK_T2P3PQB | E35: 351.23 | F35: 388.67 | G35: 346.69 | L35: LV,HV
A36: ADCLK | B36: MNADCLKT2P3P | C36: MN_BRNA0_C_FULP_AN_AA01_DLL_JTG_VIX_ALLFRV_SI_ADCLK_T2P3P | E36: 346.13 | F36: 349.37 | G36: 371.9 | L36: LV,HV
A37: ADCLK | B37: MNADCLKT2P4PHB | C37: MN_BRNA0_C_FULP_AN_AA01_DLL_JTG_VIX_ALLFRV_SI_ADCLK_T2P4PHB | E37: 377.81 | F37: 376.78 | G37: 343.79 | L37: LV,HV
A38: ADCLK | B38: MNADCLKT2P4P | C38: MN_BRNA0_C_FULP_AN_AA01_DLL_JTG_VIX_ALLFRV_SI_ADCLK_T2P4P | E38: 348.87 | F38: 352.79 | G38: 346.17 | L38: LV,HV
A39: ADCLK | B39: MNADCLKT2P5P | C39: MN_BRNA0_C_FULP_AN_AA01_DLL_JTG_VIX_ALLFRV_SI_ADCLK_T2P5P | E39: 375.18 | F39: 347.46 | G39: 377.21 | L39: LV,HV
... A69: ADCLK | B69: MNADCLKT16 | C69: MN_BRNA0_C_FULP_AN_AA01_MEA_JTG_DYC_ALLFRV_SI_ADCLK_T16 | E69: 67.94 | F69: 38.21 | G69: 38.77 | L69: LV,HV

Sheet LAPLL
A2: Proposal for TTR | D2: Total (ms) | F2: =SUM(E5:G55) -> 28316.25
E3: CP1 (ms)
A4: Category | B4: SubBlock | C4: Pattern | D4: HIP_FailRun | E4: LV | F4: NV | G4: HV | H4: Prod CP1 | I4: Prod CP2 | J4: Prod FT1 | K4: Prod FT2 | L4: Mon | M4: T0Tx | N4: RMA Room | O4: RMA Hot
A5: LAPLL | B5: LAPLLT2P1S | C5: PP_BRNA0_C_FULP_AN_AA06_DLL_JTG_VIX_ALLFRV_SI_LAPLL_T2P1S | E5: 82.91 | F5: 84.84 | G5: 82.8 | H5: LV,HV | I5: LV,HV | J5: LV,HV | K5: LV,HV
A6: LAPLL | B6: LAPLLT2P2S | C6: PP_BRNA0_C_FULP_AN_AA06_DLL_JTG_VIX_ALLFRV_SI_LAPLL_T2P2S | E6: 115.11 | F6: 117.76 | G6: 81.22 | H6: LV,HV | I6: LV,HV | J6: LV,HV | K6: LV,HV
A7: LAPLL | B7: LAPLLT2P3S | C7: PP_BRNA0_C_FULP_AN_AA06_DLL_JTG_VIX_ALLFRV_SI_LAPLL_T2P3S | E7: 82.32 | F7: 82.14 | G7: 110.45 | H7: LV,HV | I7: LV,HV | J7: LV,HV | K7: LV,HV
A8: LAPLL | B8: LAPLLT2P4S | C8: PP_BRNA0_C_FULP_AN_AA06_DLL_JTG_VIX_ALLFRV_SI_LAPLL_T2P4S | E8: 83.58 | F8: 81.9 | G8: 81.97 | H8: LV,HV | I8: LV,HV | J8: LV,HV | K8: LV,HV
A9: LAPLL | B9: LAPLLT2P5S | C9: PP_BRNA0_C_FULP_AN_AA06_DLL_JTG_VIX_ALLFRV_SI_LAPLL_T2P5S | E9: 111.97 | F9: 114.94 | G9: 81.02 | H9: LV,HV | I9: LV,HV | J9: LV,HV | K9: LV,HV
A10: LAPLL | B10: LAPLLT2P6S | C10: PP_BRNA0_C_FULP_AN_AA06_DLL_JTG_VIX_ALLFRV_SI_LAPLL_T2P6S | E10: 81.96 | F10: 81.93 | G10: 109.4 | H10: LV,HV | I10: LV,HV | J10: LV,HV | K10: LV,HV
A11: LAPLL | B11: LAPLLT2P7S | C11: PP_BRNA0_C_FULP_AN_AA06_DLL_JTG_VIX_ALLFRV_SI_LAPLL_T2P7S | E11: 113.86 | F11: 81.32 | G11: 75.81 | H11: LV,HV | I11: LV,HV | J11: LV,HV | K11: LV,HV
A12: LAPLL | B12: LAPLLT2P8S | C12: PP_BRNA0_C_FULP_AN_AA06_DLL_JTG_VIX_ALLFRV_SI_LAPLL_T2P8S | E12: 83.78 | F12: 114.31 | G12: 113.52 | H12: LV,HV | I12: LV,HV | J12: LV,HV | K12: LV,HV
A13: LAPLL | B13: LAPLLT2P9S | C13: PP_BRNA0_C_FULP_AN_AA06_DLL_JTG_VIX_ALLFRV_SI_LAPLL_T2P9S | E13: 82.99 | F13: 82.58 | G13: 82.87 | H13: LV,HV | I13: LV,HV | J13: LV,HV | K13: LV,HV
A14: LAPLL | B14: LAPLLT2P10S | C14: PP_BRNA0_C_FULP_AN_AA06_DLL_JTG_VIX_ALLFRV_SI_LAPLL_T2P10S | E14: 113.46 | F14: 117.97 | G14: 82.28 | H14: LV,HV | I14: LV,HV | J14: LV,HV | K14: LV,HV
A15: LAPLL | B15: LAPLLT3 | C15: PP_BRNA0_C_FULP_AN_AA06_MEA_JTG_IMX_ALLFRV_SI_LAPLL_T3 | E15: 86.47 | F15: 88.38 | G15: 117.35 | H15: LV,HV | I15: LV,HV | J15: LV,HV | K15: LV,HV
A16: LAPLL | B16: LAPLLT4 | C16: PP_BRNA0_C_FULP_AN_AA06_DLL_JTG_FRQ_ALLFRV_SI_LAPLL_T4 | E16: 20.02 | F16: 20.32 | G16: 19.28 | H16: LV,HV | I16: LV,HV | J16: LV,HV | K16: LV,HV
A17: LAPLL | B17: LAPLLT12 | C17: PP_BRNA0_C_FULP_AN_AA06_DLL_JTG_VIX_ALLFRV_SI_LAPLL_T12 | E17: 15.76 | F17: 15.81 | G17: 15.98 | H17: LV,HV | I17: LV,HV | J17: LV,HV | K17: LV,HV
A18: LAPLL | B18: MNLAPLLT2P1S | C18: MN_BRNA0_C_FULP_AN_AA06_DLL_JTG_VIX_ALLFRV_SI_LAPLL_T2P1S | E18: 244.83 | F18: 247.32 | G18: 219.42 | L18: LV,HV
A19: LAPLL | B19: MNLAPLLT2P2S | C19: MN_BRNA0_C_FULP_AN_AA06_DLL_JTG_VIX_ALLFRV_SI_LAPLL_T2P2S | E19: 222.77 | F19: 224.8 | G19: 253.03 | L19: LV,HV
A20: LAPLL | B20: MNLAPLLT2P3S | C20: MN_BRNA0_C_FULP_AN_AA06_DLL_JTG_VIX_ALLFRV_SI_LAPLL_T2P3S | E20: 254.52 | F20: 227.24 | G20: 257 | L20: LV,HV
A21: LAPLL | B21: MNLAPLLT2P4S | C21: MN_BRNA0_C_FULP_AN_AA06_DLL_JTG_VIX_ALLFRV_SI_LAPLL_T2P4S | E21: 226.8 | F21: 265.59 | G21: 224 | L21: LV,HV
A22: LAPLL | B22: MNLAPLLT2P5S | C22: MN_BRNA0_C_FULP_AN_AA06_DLL_JTG_VIX_ALLFRV_SI_LAPLL_T2P5S | E22: 259.75 | F22: 253.97 | G22: 256.96 | L22: LV,HV
A23: LAPLL | B23: MNLAPLLT2P6S | C23: MN_BRNA0_C_FULP_AN_AA06_DLL_JTG_VIX_ALLFRV_SI_LAPLL_T2P6S | E23: 229.36 | F23: 222.81 | G23: 255.15 | L23: LV,HV
A24: LAPLL | B24: MNLAPLLT2P7S | C24: MN_BRNA0_C_FULP_AN_AA06_DLL_JTG_VIX_ALLFRV_SI_LAPLL_T2P7S | E24: 250.7 | F24: 228.11 | G24: 225.54 | L24: LV,HV
A25: LAPLL | B25: MNLAPLLT2P8S | C25: MN_BRNA0_C_FULP_AN_AA06_DLL_JTG_VIX_ALLFRV_SI_LAPLL_T2P8S | E25: 258.65 | F25: 260.11 | G25: 228.35 | L25: LV,HV
A26: LAPLL | B26: MNLAPLLT2P9S | C26: MN_BRNA0_C_FULP_AN_AA06_DLL_JTG_VIX_ALLFRV_SI_LAPLL_T2P9S | E26: 223.48 | F26: 227.59 | G26: 260.27 | L26: LV,HV
A27: LAPLL | B27: MNLAPLLT2P10S | C27: MN_BRNA0_C_FULP_AN_AA06_DLL_JTG_VIX_ALLFRV_SI_LAPLL_T2P10S | E27: 257.69 | F27: 253.54 | G27: 256.34 | L27: LV,HV
A28: LAPLL | B28: MNLAPLLT2P11S | C28: MN_BRNA0_C_FULP_AN_AA06_DLL_JTG_VIX_ALLFRV_SI_LAPLL_T2P11S | E28: 254.74 | F28: 252.98 | G28: 220.78 | L28: LV,HV
A29: LAPLL | B29: MNLAPLLT2P12S | C29: MN_BRNA0_C_FULP_AN_AA06_DLL_JTG_VIX_ALLFRV_SI_LAPLL_T2P12S | E29: 224.01 | F29: 223.08 | G29: 262.54 | L29: LV,HV
... A55: LAPLL | B55: MNLAPLLT12 | C55: MN_BRNA0_C_FULP_AN_AA06_DLL_JTG_VIX_ALLFRV_SI_LAPLL_T12 | E55: 239.24 | F55: 239.66 | G55: 245.04 | L55: LV,HV

Sheet PCIEREFGEN
A2: Proposal for TTR | D2: Total (ms) | F2: =SUM(E5:G16) -> 1587.59
E3: CP1 (ms)
A4: Category | B4: SubBlock | C4: Pattern | D4: HIP_FailRun | E4: LV | F4: NV | G4: HV | H4: Prod CP1 | I4: Prod CP2 | J4: Prod FT1 | K4: Prod FT2 | L4: Mon | M4: T0Tx | N4: RMA Room | O4: RMA Hot
A5: PCIEREFGEN | B5: REFGENCMNTRIMBGCOARSEMOSI | C5: PP_BRNA0_S_FULP_AN_REFG_MEA_JTG_CAL_ALLFRV_SI_REFGEN_T1 | E5: 29.43 | F5: 31.52 | G5: 29.52 | H5: NV | I5: NV | J5: NV
A6: PCIEREFGEN | B6: OTHER | C6: PCIEREFGEN_FUSE_PREWRITE_REFGEN_0_MOS_TRIM_I | F6: 0.23 | J6: NV
A7: PCIEREFGEN | B7: OTHER | C7: PCIEREFGEN_FUSE_READ_REFGEN_0_MOS_TRIM_I | F7: 0.63 | K7: NV
A8: PCIEREFGEN | B8: OTHER | C8: PCIEREFGEN_FUSE_PREWRITE_FINE_MOS | F8: 0.22 | J8: NV
A9: PCIEREFGEN | B9: OTHER | C9: PCIEREFGEN_FUSE_READ_FUSE_PREWRITE_FINE_MOS | F9: 0.67 | K9: NV
A10: PCIEREFGEN | B10: OTHER | C10: PCIEREFGEN_SOCREFGEN_FUSE_PREWRITE_REFGEN_0_BJT_TRIM_V | F10: 0.24 | J10: NV
A11: PCIEREFGEN | B11: OTHER | C11: PCIEREFGEN_SOCREFGEN_FUSE_READ_REFGEN_0_BJT_TRIM_V | F11: 0.7 | K11: NV
A12: PCIEREFGEN | B12: REFGENT2P1FINEMOS | C12: PP_BRNA0_S_FULP_AN_REFG_MEA_JTG_CAL_ALLFRV_SI_REFGEN_T2P1 | F12: 80.66 | H12: NV | I12: NV | J12: NV
A13: PCIEREFGEN | B13: PCIEREFGENCMNTRIMBGFINE | C13: PP_BRNA0_S_FULP_AN_REFG_MEA_JTG_CAL_ALLFRV_SI_REFGEN_T2P2 | E13: 51.19 | F13: 16.72 | G13: 16.82 | H13: NV | I13: NV | J13: NV
A14: PCIEREFGEN | B14: REFGENCMNTRIMV2I | C14: PP_BRNA0_S_FULP_AN_REFG_MEA_JTG_CAL_ALLFRV_SI_REFGEN_T3 | E14: 198.92 | F14: 204.09 | G14: 201.75 | H14: NV | I14: NV | J14: NV
A15: PCIEREFGEN | B15: REFGENT4P1MOSANALOGTESTPOINTS | C15: MN_BRNA0_S_FULP_AN_REFG_MEA_JTG_CAL_ALLFRV_SI_REFGEN_T4P1 | E15: 34.49 | F15: 34.65 | G15: 34.61 | H15: NV | I15: NV | J15: NV
A16: PCIEREFGEN | B16: REFGENT4P2BJTANALOGTESTPOINTS | C16: MN_BRNA0_S_FULP_AN_REFG_MEA_JTG_CAL_ALLFRV_SI_REFGEN_T4P2 | E16: 205.12 | F16: 207.15 | G16: 208.26 | H16: NV | I16: NV | J16: NV

Sheet PCIE5CMN
A2: Proposal for TTR | D2: Total (ms) | F2: =SUM(E5:G18) -> 480.05
E3: CP1 (ms)
A4: Category | B4: SubBlock | C4: Pattern | D4: HIP_FailRun | E4: LV | F4: NV | G4: HV | H4: Prod CP1 | I4: Prod CP2 | J4: Prod FT1 | K4: Prod FT2 | L4: Mon | M4: T0Tx | N4: RMA Room | O4: RMA Hot
A5: PCIE5CMN | B5: CMNTRIMBGCOARSE_MULTIPLE | C5: PP_BRNA0_S_FULP_AN_P5CM_MEA_JTG_CAL_ALLFRV_SI_CMNTRIM_BGCOARSE | F5: 40.44 | H5: NV | I5: NV | J5: NV
A6: PCIE5CMN | B6: CMNTRIMBGFINE_MULTIPLE | C6: PP_BRNA0_S_FULP_AN_P5CM_MEA_JTG_CAL_ALLFRV_SI_CMNTRIM_BGFINE | F6: 27.8 | H6: NV | I6: NV | J6: NV
A7: PCIE5CMN | B7: OTHER | C7: PCIE5CMN_PCIE5_CMNTRIMBGFINE_FUSE_PREWRITE_CAL | F7: 0.24 | J7: NV
A8: PCIE5CMN | B8: OTHER | C8: PCIE5CMN_PCIE5_CMNTRIMBGFINE_FUSE_READ_CAL | F8: 0.66 | K8: NV
A9: PCIE5CMN | B9: OTHER | C9: PCIE5CMN_PCIE5_CMNTRIMMOSI_FUSE_PREWRITE_CAL | F9: 0.24 | J9: NV
A10: PCIE5CMN | B10: OTHER | C10: PCIE5CMN_PCIE5_CMNTRIMMOSI_FUSE_READ_CAL | F10: 0.66 | K10: NV
A11: PCIE5CMN | B11: OTHER | C11: PCIE5CMN_PCIE5_CMNTRIMMOSV_FUSE_PREWRITE_CAL | F11: 0.23 | J11: NV
A12: PCIE5CMN | B12: OTHER | C12: PCIE5CMN_PCIE5_CMNTRIMMOSV_FUSE_READ_CAL | F12: 0.66 | K12: NV
A13: PCIE5CMN | B13: OTHER | C13: PCIE5CMN_PCIE5_CMNTRIMVREGTRIM_FUSE_PREWRITE_CAL | F13: 0.24 | J13: NV
A14: PCIE5CMN | B14: OTHER | C14: PCIE5CMN_PCIE5_CMNTRIMVREGTRIM_FUSE_READ_CAL | F14: 0.74 | K14: NV
A15: PCIE5CMN | B15: CMNTRIMMOSI_MULTIPLE | C15: PP_BRNA0_S_FULP_AN_P5CM_MEA_JTG_CAL_ALLFRV_SI_CMNTRIM_MOSI | F15: 57.36 | H15: NV | I15: NV | J15: NV
A16: PCIE5CMN | B16: CMNTRIMMOSV_MULTIPLE | C16: PP_BRNA0_S_FULP_AN_P5CM_MEA_JTG_CAL_ALLFRV_SI_CMNTRIM_MOSV | F16: 158.49 | H16: NV | I16: NV | J16: NV
A17: PCIE5CMN | B17: CMNTRIMV2I_MULTIPLE | C17: PP_BRNA0_S_FULP_AN_P5CM_MEA_JTG_CAL_ALLFRV_SI_CMNTRIM_V2I | F17: 27.48 | H17: NV | I17: NV | J17: NV
A18: PCIE5CMN | B18: CMNTRIMVREGTRIM_MULTIPLE | C18: PP_BRNA0_S_FULP_AN_P5CM_MEA_JTG_CAL_ALLFRV_SI_CMNTRIM_VREGTRIM | F18: 164.81 | H18: NV | I18: NV | J18: NV

Sheet ACIPHYCMN
A2: Proposal for TTR | D2: Total (ms) | F2: =SUM(E5:G18) -> 431.7
E3: CP1 (ms)
A4: Category | B4: SubBlock | C4: Pattern | D4: HIP_FailRun | E4: LV | F4: NV | G4: HV | H4: Prod CP1 | I4: Prod CP2 | J4: Prod FT1 | K4: Prod FT2 | L4: Mon | M4: T0Tx | N4: RMA Room | O4: RMA Hot
A5: ACIPHYCMN | B5: CMNTRIMBGCOARSE_MULTIPLE | C5: PP_BRNA0_S_FULP_AN_RXCM_MEA_JTG_CAL_ALLFRV_SI_CMNTRIM_BGCOARSE | F5: 57.84 | H5: NV | I5: NV | J5: NV
A6: ACIPHYCMN | B6: CMNTRIMBGFINE_MULTIPLE | C6: PP_BRNA0_S_FULP_AN_RXCM_MEA_JTG_CAL_ALLFRV_SI_CMNTRIM_BGFINE | F6: 25.65 | H6: NV | I6: NV | J6: NV
A7: ACIPHYCMN | B7: OTHER | C7: ACIPHYCMN_ACIPHY_CMNTRIMBGFINE_FUSE_PREWRITE_CAL | F7: 0.21 | J7: NV
A8: ACIPHYCMN | B8: OTHER | C8: ACIPHYCMN_ACIPHY_CMNTRIMBGFINE_FUSE_READ_CAL | F8: 1.01 | K8: NV
A9: ACIPHYCMN | B9: OTHER | C9: ACIPHYCMN_ACIPHY_CMNTRIMMOSI_FUSE_PREWRITE_CAL | F9: 0.22 | J9: NV
A10: ACIPHYCMN | B10: OTHER | C10: ACIPHYCMN_ACIPHY_CMNTRIMMOSI_FUSE_READ_CAL | F10: 0.97 | K10: NV
A11: ACIPHYCMN | B11: OTHER | C11: ACIPHYCMN_ACIPHY_CMNTRIMMOSV_FUSE_PREWRITE_CAL | F11: 0.27 | J11: NV
A12: ACIPHYCMN | B12: OTHER | C12: ACIPHYCMN_ACIPHY_CMNTRIMMOSV_FUSE_READ_CAL | F12: 1.14 | K12: NV
A13: ACIPHYCMN | B13: OTHER | C13: ACIPHYCMN_ACIPHY_CMNVREGTRIM_FUSE_PREWRITE_CAL | F13: 0.26 | J13: NV
A14: ACIPHYCMN | B14: OTHER | C14: ACIPHYCMN_ACIPHY_CMNVREGTRIM_FUSE_READ_CAL | F14: 1.02 | K14: NV
A15: ACIPHYCMN | B15: CMNTRIMV2I_MULTIPLE | C15: PP_BRNA0_S_FULP_AN_RXCM_MEA_JTG_CAL_ALLFRV_SI_CMNTRIM_V2I | F15: 24.81 | H15: NV | I15: NV | J15: NV
A16: ACIPHYCMN | B16: CMNTRIMMOSI_MULTIPLE | C16: PP_BRNA0_S_FULP_AN_RXCM_MEA_JTG_CAL_ALLFRV_SI_CMNTRIM_MOSI | F16: 24.82 | H16: NV | I16: NV | J16: NV
A17: ACIPHYCMN | B17: CMNTRIMMOSV_MULTIPLE | C17: PP_BRNA0_S_FULP_AN_RXCM_MEA_JTG_CAL_ALLFRV_SI_CMNTRIM_MOSV | F17: 168.39 | H17: NV | I17: NV | J17: NV
A18: ACIPHYCMN | B18: CMNVREGTRIM_MULTIPLE | C18: PP_BRNA0_S_FULP_AN_RXCM_MEA_JTG_VMX_ALLFRV_SI_CMN_VREGTRIM | F18: 125.09 | H18: NV | I18: NV | J18: NV

Sheet ACIOPHYCMN
A2: Proposal for TTR | D2: Total (ms) | F2: =SUM(E5:G18) -> 390.32
E3: CP1 (ms)
A4: Category | B4: SubBlock | C4: Pattern | D4: HIP_FailRun | E4: LV | F4: NV | G4: HV | H4: Prod CP1 | I4: Prod CP2 | J4: Prod FT1 | K4: Prod FT2 | L4: Mon | M4: T0Tx | N4: RMA Room | O4: RMA Hot
A5: ACIOPHYCMN | B5: CMNTRIMBGCOARSE_MULTIPLE | C5: PP_BRNA0_S_FULP_AN_CICM_MEA_JTG_CAL_ALLFRV_SI_CMNTRIM_BGCOARSE | F5: 25.81 | H5: NV | I5: NV | J5: NV
A6: ACIOPHYCMN | B6: CMNTRIMBGFINE_MULTIPLE | C6: PP_BRNA0_S_FULP_AN_CICM_MEA_JTG_CAL_ALLFRV_SI_CMNTRIM_BGFINE | F6: 25.12 | H6: NV | I6: NV | J6: NV
A7: ACIOPHYCMN | B7: OTHER | C7: ACIOPHYCMN_ACIOPHY_CMNTRIMBGFINE_FUSE_PREWRITE_CAL | F7: 0.2 | J7: NV
A8: ACIOPHYCMN | B8: OTHER | C8: ACIOPHYCMN_ACIOPHY_CMNTRIMBGFINE_FUSE_READ_CAL | F8: 0.62 | K8: NV
A9: ACIOPHYCMN | B9: OTHER | C9: ACIOPHYCMN_ACIOPHY_CMNTRIMMOSI_FUSE_PREWRITE_CAL | F9: 0.25 | J9: NV
A10: ACIOPHYCMN | B10: OTHER | C10: ACIOPHYCMN_ACIOPHY_CMNTRIMMOSI_FUSE_READ_CAL | F10: 0.67 | K10: NV
A11: ACIOPHYCMN | B11: OTHER | C11: ACIOPHYCMN_ACIOPHY_CMNTRIMMOSV_FUSE_PREWRITE_CAL | F11: 0.24 | J11: NV
A12: ACIOPHYCMN | B12: OTHER | C12: ACIOPHYCMN_ACIOPHY_CMNTRIMMOSV_FUSE_READ_CAL | F12: 0.7 | K12: NV
A13: ACIOPHYCMN | B13: OTHER | C13: ACIOPHYCMN_ACIOPHY_CMNTRIMVREGTRIM_FUSE_PREWRITE_CAL | F13: 0.25 | J13: NV
A14: ACIOPHYCMN | B14: OTHER | C14: ACIOPHYCMN_ACIOPHY_CMNTRIMVREGTRIM_FUSE_READ_CAL | F14: 0.66 | K14: NV
A15: ACIOPHYCMN | B15: CMNTRIMV2I_MULTIPLE | C15: PP_BRNA0_S_FULP_AN_CICM_MEA_JTG_CAL_ALLFRV_SI_CMNTRIM_V2I | F15: 24.48 | H15: NV | I15: NV | J15: NV
A16: ACIOPHYCMN | B16: CMNTRIMMOSI_MULTIPLE | C16: PP_BRNA0_S_FULP_AN_CICM_MEA_JTG_CAL_ALLFRV_SI_CMNTRIM_MOSI | F16: 50.45 | H16: NV | I16: NV | J16: NV
A17: ACIOPHYCMN | B17: CMNTRIMMOSV_MULTIPLE | C17: PP_BRNA0_S_FULP_AN_CICM_MEA_JTG_CAL_ALLFRV_SI_CMNTRIM_MOSV | F17: 139.78 | H17: NV | I17: NV | J17: NV
A18: ACIOPHYCMN | B18: CMNTRIMVREGTRIM_MULTIPLE | C18: PP_BRNA0_S_FULP_AN_CICM_MEA_JTG_CAL_ALLFRV_SI_CMNTRIM_VREGTRIM | F18: 121.09 | H18: NV | I18: NV | J18: NV

Sheet LPDPTXCMN
A2: Proposal for TTR | D2: Total (ms) | F2: =SUM(E5:G18) -> 412.7
E3: CP1 (ms)
A4: Category | B4: SubBlock | C4: Pattern | D4: HIP_FailRun | E4: LV | F4: NV | G4: HV | H4: Prod CP1 | I4: Prod CP2 | J4: Prod FT1 | K4: Prod FT2 | L4: Mon | M4: T0Tx | N4: RMA Room | O4: RMA Hot
A5: LPDPTXCMN | B5: CMNTRIMBGCOARSE_MULTIPLE | C5: PP_BRNA0_S_FULP_AN_TXCM_MEA_JTG_CAL_ALLFRV_SI_CMNTRIM_BGCOARSE | F5: 26.84 | H5: NV | I5: NV | J5: NV
A6: LPDPTXCMN | B6: CMNTRIMBGFINE_MULTIPLE | C6: PP_BRNA0_S_FULP_AN_TXCM_MEA_JTG_CAL_ALLFRV_SI_CMNTRIM_BGFINE | F6: 26 | H6: NV | I6: NV | J6: NV
A7: LPDPTXCMN | B7: OTHER | C7: LPDPTXCMN_LPDPTX_CMNTRIMBGFINE_FUSE_PREWRITE_CAL | F7: 0.23 | J7: NV
A8: LPDPTXCMN | B8: OTHER | C8: LPDPTXCMN_LPDPTX_CMNTRIMBGFINE_FUSE_READ_CAL | F8: 0.98 | K8: NV
A9: LPDPTXCMN | B9: OTHER | C9: LPDPTXCMN_LPDPTX_CMNTRIMMOSI_FUSE_PREWRITE_CAL | F9: 0.23 | J9: NV
A10: LPDPTXCMN | B10: OTHER | C10: LPDPTXCMN_LPDPTX_CMNTRIMMOSI_FUSE_READ_CAL | F10: 1.1 | K10: NV
A11: LPDPTXCMN | B11: OTHER | C11: LPDPTXCMN_LPDPTX_CMNTRIMMOSV_FUSE_PREWRITE_CAL | F11: 0.23 | J11: NV
A12: LPDPTXCMN | B12: OTHER | C12: LPDPTXCMN_LPDPTX_CMNTRIMMOSV_FUSE_READ_CAL | F12: 1.03 | K12: NV
A13: LPDPTXCMN | B13: OTHER | C13: LPDPTXCMN_LPDPTX_CMNTRIMVREGTRIM_FUSE_PREWRITE_CAL | F13: 0.23 | J13: NV
A14: LPDPTXCMN | B14: OTHER | C14: LPDPTXCMN_LPDPTX_CMNTRIMVREGTRIM_FUSE_READ_CAL | F14: 1.02 | K14: NV
A15: LPDPTXCMN | B15: CMNTRIMV2I_MULTIPLE | C15: PP_BRNA0_S_FULP_AN_TXCM_MEA_JTG_CAL_ALLFRV_SI_CMNTRIM_V2I | F15: 25.47 | H15: NV | I15: NV | J15: NV
A16: LPDPTXCMN | B16: CMNTRIMMOSI_MULTIPLE | C16: PP_BRNA0_S_FULP_AN_TXCM_MEA_JTG_CAL_ALLFRV_SI_CMNTRIM_MOSI | F16: 27.13 | H16: NV | I16: NV | J16: NV
A17: LPDPTXCMN | B17: CMNTRIMMOSV_MULTIPLE | C17: PP_BRNA0_S_FULP_AN_TXCM_MEA_JTG_CAL_ALLFRV_SI_CMNTRIM_MOSV | F17: 176.51 | H17: NV | I17: NV | J17: NV
A18: LPDPTXCMN | B18: CMNTRIMVREGTRIM_MULTIPLE | C18: PP_BRNA0_S_FULP_AN_TXCM_MEA_JTG_CAL_ALLFRV_SI_CMNTRIM_VREGTRIM | F18: 125.7 | H18: NV | I18: NV | J18: NV

Sheet AMPCMN
A2: Proposal for TTR | D2: Total (ms) | F2: =SUM(E5:G12) -> 4085.66
E3: CP1 (ms)
A4: Category | B4: SubBlock | C4: Pattern | D4: HIP_FailRun | E4: LV | F4: NV | G4: HV | H4: Prod CP1 | I4: Prod CP2 | J4: Prod FT1 | K4: Prod FT2 | L4: Mon | M4: T0Tx | N4: RMA Room | O4: RMA Hot
A5: AMPCMN | B5: OTHER | C5: RELAYON_K100_K102_K104_RELAYOFF_K15_K19_K17 | F5: 27.78 | H5: NV,LV,HV | I5: NV,LV,HV | J5: NV,LV,HV | K5: NV,LV,HV | L5: NV,LV,HV | M5: NV,LV,HV | N5: NV,LV,HV | O5: NV,LV,HV
A6: AMPCMN | B6: OTHER | C6: RELAYON_K15_K19_K17_RELAYOFF_K100_K102_K104 | F6: 17.9 | H6: NV,LV,HV | I6: NV,LV,HV | J6: NV,LV,HV | K6: NV,LV,HV | L6: NV,LV,HV | M6: NV,LV,HV | N6: NV,LV,HV | O6: NV,LV,HV
A7: AMPCMN | B7: REFGENT1 | C7: PP_BRNA0_S_FULP_AN_DDIO_MEA_JTG_LP5_MDX009_SI_REFGEN_T1 | F7: 40.64 | H7: NV | I7: NV | J7: NV
A8: AMPCMN | B8: REFGENT2P1 | C8: PP_BRNA0_S_FULP_AN_DDIO_MEA_JTG_LP5_MDX009_SI_REFGEN_T2P1 | F8: 194.33 | H8: NV | I8: NV | J8: NV
A9: AMPCMN | B9: REFGENT2P2 | C9: PP_BRNA0_S_FULP_AN_DDIO_MEA_JTG_LP5_MDX009_SI_REFGEN_T2P2 | F9: 26.34 | H9: NV | I9: NV | J9: NV
A10: AMPCMN | B10: REFGENT3 | C10: PP_BRNA0_S_FULP_AN_DDIO_MEA_JTG_LP5_MDX009_SI_REFGEN_T3 | F10: 526.34 | H10: NV | I10: NV | J10: NV
A11: AMPCMN | B11: MNREFGENT4P1 | C11: MN_BRNA0_S_FULP_AN_DDIO_MEA_JTG_LP5_MDX009_SI_REFGEN_T4P1 | E11: 565.4 | F11: 524.18 | G11: 535.22 | L11: LV,NV
A12: AMPCMN | B12: MNREFGENT4P2 | C12: MN_BRNA0_S_FULP_AN_DDIO_MEA_JTG_LP5_MDX009_SI_REFGEN_T4P2 | E12: 532.01 | F12: 532.23 | G12: 563.29 | L12: LV,NV

Sheet PCIEREFPLL
A2: Proposal for TTR
A4: Category | B4: SubBlock | C4: Pattern | D4: Prod CP1 | E4: Prod CP2 | F4: Prod FT1 | G4: Prod FT2 | H4: Mon | I4: T0Tx | J4: RMA Room | K4: RMA Hot
A5: PCIEREFPLL | B5: CIOPLLT1P1R | C5: PP_BRNA0_C_FULP_AN_AA22_FRQ_JTG_DYC_ALLFRV_SI_CIOPLL_T1P1R | D5: NV | E5: NV | F5: NV
A6: PCIEREFPLL | B6: OTHER | C6: PCIEREFPLL_CIOPLLT1P1R_FUSE_PREWRITE_CAL | D6: NV
A7: PCIEREFPLL | B7: OTHER | C7: PCIEREFPLL_CIOPLLT1P1R_FUSE_READ_CAL | E7: NV | F7: NV | G7: NV
A8: PCIEREFPLL | B8: CIOPLLT2P1R | C8: PP_BRNA0_C_FULP_AN_AA22_FRQ_JTG_DYC_ALLFRV_SI_CIOPLL_T2P1R | D8: LV,HV | E8: LV,HV | F8: LV,HV | G8: LV,HV
A9: PCIEREFPLL | B9: CIOPLLT2P2R | C9: PP_BRNA0_C_FULP_AN_AA22_FRQ_JTG_DYC_ALLFRV_SI_CIOPLL_T2P2R | D9: LV,HV | E9: LV,HV | F9: LV,HV | G9: LV,HV
A10: PCIEREFPLL | B10: CIOPLLT3P1R | C10: PP_BRNA0_C_FULP_AN_AA22_FRQ_JTG_DYC_ALLFRV_SI_CIOPLL_T3P1R | D10: LV,HV | E10: LV,HV | F10: LV,HV | G10: LV,HV
A11: PCIEREFPLL | B11: CIOPLLT11PR | C11: PP_BRNA0_C_FULP_AN_AA22_FRQ_JTG_DYC_ALLFRV_SI_CIOPLL_T11PR | D11: LV,HV | E11: LV,HV | F11: LV,HV | G11: LV,HV
A12: PCIEREFPLL | B12: CIOPLLT13PR | C12: PP_BRNA0_C_FULP_AN_AA22_FRQ_JTG_DYC_ALLFRV_SI_CIOPLL_T13PR | D12: LV,HV | E12: LV,HV | F12: LV,HV | G12: LV,HV
A13: PCIEREFPLL | B13: MNCIOPLLT1P1R | C13: MN_BRNA0_C_FULP_AN_AA22_FRQ_JTG_DYC_ALLFRV_SI_CIOPLL_T1P1R | H13: LV,HV
A14: PCIEREFPLL | B14: MNCIOPLLT2P1R | C14: MN_BRNA0_C_FULP_AN_AA22_FRQ_JTG_DYC_ALLFRV_SI_CIOPLL_T2P1R | H14: LV,HV
A15: PCIEREFPLL | B15: MNCIOPLLT2P2R | C15: MN_BRNA0_C_FULP_AN_AA22_FRQ_JTG_DYC_ALLFRV_SI_CIOPLL_T2P2R | H15: LV,HV
A16: PCIEREFPLL | B16: MNCIOPLLT10PR | C16: MN_BRNA0_C_FULP_AN_AA22_FRQ_JTG_DYC_ALLFRV_SI_CIOPLL_T10PR | H16: LV,HV
A17: PCIEREFPLL | B17: MNCIOPLLT11PR | C17: MN_BRNA0_C_FULP_AN_AA22_FRQ_JTG_DYC_ALLFRV_SI_CIOPLL_T11PR | H17: LV,HV
A18: PCIEREFPLL | B18: MNCIOPLLT13PR | C18: MN_BRNA0_C_FULP_AN_AA22_FRQ_JTG_DYC_ALLFRV_SI_CIOPLL_T13PR | H18: LV,HV

Sheet PCIEPLL
A2: Proposal for TTR | D2: Total (ms) | F2: =SUM(E5:G32) -> 5680.31
E3: CP1 (ms)
A4: Category | B4: SubBlock | C4: Pattern | D4: HIP_FailRun | E4: LV | F4: NV | G4: HV | H4: Prod CP1 | I4: Prod CP2 | J4: Prod FT1 | K4: Prod FT2 | L4: Mon | M4: T0Tx | N4: RMA Room | O4: RMA Hot
A5: PCIEPLL | B5: PCIEPLLT1P1P | C5: PP_BRNA0_C_FULP_AN_AA24_DLL_JTG_CAL_ALLFRV_SI_PCIEPLL_T1P1P | F5: 46.79 | H5: NV | I5: NV | J5: NV
A6: PCIEPLL | B6: OTHER | C6: PCIEPLL_PCIEPLLT1P1P_FUSE_PREWRITE_CAL | F6: 0.27 | H6: NV
A7: PCIEPLL | B7: OTHER | C7: PCIEPLL_PCIEPLLT1P1P_FUSE_READ_CAL | F7: 0.69 | I7: NV | J7: NV | K7: NV
A8: PCIEPLL | B8: OTHER | C8: PCIEPLL_PCIEPLLT1P2P_FUSE_PREWRITE_CAL | F8: 0.29 | H8: NV
A9: PCIEPLL | B9: OTHER | C9: PCIEPLL_PCIEPLLT1P2P_FUSE_READ_CAL | F9: 0.71 | I9: NV | J9: NV | K9: NV
A10: PCIEPLL | B10: PCIEPLLT1P2P | C10: PP_BRNA0_C_FULP_AN_AA24_DLL_JTG_CAL_ALLFRV_SI_PCIEPLL_T1P2P | F10: 65.91 | H10: NV | I10: NV | J10: NV
A11: PCIEPLL | B11: PCIEPLLT2P4P | C11: PP_BRNA0_C_FULP_AN_AA24_DLL_JTG_VIX_ALLFRV_SI_PCIEPLL_T2P4P | E11: 52.54 | F11: 43.49 | G11: 53.26 | H11: LV,HV | I11: LV,HV | J11: LV,HV | K11: LV,HV
A12: PCIEPLL | B12: PCIEPLLT3 | C12: PP_BRNA0_C_FULP_AN_AA24_MEA_JTG_IMX_ALLFRV_SI_PCIEPLL_T3 | E12: 85.41 | F12: 85.23 | G12: 86.34 | H12: LV,HV | I12: LV,HV | J12: LV,HV | K12: LV,HV
A13: PCIEPLL | B13: PCIEPLLT11P1P | C13: PP_BRNA0_C_FULP_AN_AA24_FRQ_JTG_COD_ALLFRV_SI_PCIEPLL_T11P1P | E13: 42.16 | F13: 42.55 | G13: 43.07 | H13: LV,HV | I13: LV,HV | J13: LV,HV | K13: LV,HV
A14: PCIEPLL | B14: PCIEPLLT11P2P | C14: PP_BRNA0_C_FULP_AN_AA24_FRQ_JTG_COD_ALLFRV_SI_PCIEPLL_T11P2P | E14: 41.97 | F14: 41.5 | G14: 42.74 | H14: LV,HV | I14: LV,HV | J14: LV,HV | K14: LV,HV
A15: PCIEPLL | B15: PCIEPLLT11P3P | C15: PP_BRNA0_C_FULP_AN_AA24_FRQ_JTG_COD_ALLFRV_SI_PCIEPLL_T11P3P | E15: 41.39 | F15: 41.36 | G15: 41.86 | H15: LV,HV | I15: LV,HV | J15: LV,HV | K15: LV,HV
A16: PCIEPLL | B16: PCIEPLLT11P4P | C16: PP_BRNA0_C_FULP_AN_AA24_FRQ_JTG_COD_ALLFRV_SI_PCIEPLL_T11P4P | E16: 73.03 | F16: 72.05 | G16: 41.16 | H16: LV,HV | I16: LV,HV | J16: LV,HV | K16: LV,HV
A17: PCIEPLL | B17: PCIEPLLT16 | C17: PP_BRNA0_C_FULP_AN_AA24_FRQ_JTG_COD_ALLFRV_SI_PCIEPLL_T16 | E17: 44.16 | F17: 45.31 | G17: 76.86 | H17: LV,HV | I17: LV,HV | J17: LV,HV | K17: LV,HV
A18: PCIEPLL | B18: MNPCIEPLLT1P1P | C18: MN_BRNA0_C_FULP_AN_AA24_DLL_JTG_CAL_ALLFRV_SI_PCIEPLL_T1P1P | E18: 194.73 | F18: 192.36 | G18: 160.71 | L18: LV,HV
A19: PCIEPLL | B19: MNPCIEPLLT1P2P | C19: MN_BRNA0_C_FULP_AN_AA24_DLL_JTG_CAL_ALLFRV_SI_PCIEPLL_T1P2P | E19: 170.46 | F19: 168.83 | G19: 202.47 | L19: LV,HV
A20: PCIEPLL | B20: MNPCIEPLLT2P1P | C20: MN_BRNA0_C_FULP_AN_AA24_DLL_JTG_VIX_ALLFRV_SI_PCIEPLL_T2P1P | E20: 111.96 | F20: 115.85 | G20: 111.97 | L20: LV,HV
A21: PCIEPLL | B21: MNPCIEPLLT2P2P | C21: MN_BRNA0_C_FULP_AN_AA24_DLL_JTG_VIX_ALLFRV_SI_PCIEPLL_T2P2P | E21: 83.5 | F21: 84.02 | G21: 82.41 | L21: LV,HV
A22: PCIEPLL | B22: MNPCIEPLLT2P3P | C22: MN_BRNA0_C_FULP_AN_AA24_DLL_JTG_VIX_ALLFRV_SI_PCIEPLL_T2P3P | E22: 113.75 | F22: 113.19 | G22: 81.57 | L22: LV,HV
A23: PCIEPLL | B23: MNPCIEPLLT2P4P | C23: MN_BRNA0_C_FULP_AN_AA24_DLL_JTG_VIX_ALLFRV_SI_PCIEPLL_T2P4P | E23: 83.06 | F23: 83.58 | G23: 112.34 | L23: LV,HV
A24: PCIEPLL | B24: MNPCIEPLLT3 | C24: MN_BRNA0_C_FULP_AN_AA24_MEA_JTG_IMX_ALLFRV_SI_PCIEPLL_T3 | E24: 93.41 | F24: 93.06 | G24: 92.89 | L24: LV,HV
A25: PCIEPLL | B25: MNPCIEPLLT10P2P | C25: MN_BRNA0_C_FULP_AN_AA24_FRQ_JTG_COD_ALLFRV_SI_PCIEPLL_T10P2P | E25: 120.43 | F25: 114.46 | G25: 85.61 | L25: LV,HV
A26: PCIEPLL | B26: MNPCIEPLLT11P1P | C26: MN_BRNA0_C_FULP_AN_AA24_FRQ_JTG_COD_ALLFRV_SI_PCIEPLL_T11P1P | E26: 83.41 | F26: 85.74 | G26: 114.92 | L26: LV,HV
A27: PCIEPLL | B27: MNPCIEPLLT11P2P | C27: MN_BRNA0_C_FULP_AN_AA24_FRQ_JTG_COD_ALLFRV_SI_PCIEPLL_T11P2P | E27: 83.44 | F27: 82.78 | G27: 81.12 | L27: LV,HV
A28: PCIEPLL | B28: MNPCIEPLLT11P3P | C28: MN_BRNA0_C_FULP_AN_AA24_FRQ_JTG_COD_ALLFRV_SI_PCIEPLL_T11P3P | E28: 112.86 | F28: 115.8 | G28: 111.35 | L28: LV,HV
A29: PCIEPLL | B29: MNPCIEPLLT11P4P | C29: MN_BRNA0_C_FULP_AN_AA24_FRQ_JTG_COD_ALLFRV_SI_PCIEPLL_T11P4P | E29: 83.11 | F29: 82.97 | G29: 81.91 | L29: LV,HV
A30: PCIEPLL | B30: MNPCIEPLLT13P3P | C30: MN_BRNA0_C_FULP_AN_AA24_FRQ_JTG_COD_ALLFRV_SI_PCIEPLL_T13P3P | E30: 31.99 | F30: 32.07 | G30: 30.96 | L30: LV,HV
A31: PCIEPLL | B31: MNPCIEPLLT15 | C31: MN_BRNA0_C_FULP_AN_AA24_FRQ_JTG_COD_ALLFRV_SI_PCIEPLL_T15 | F31: 35.21 | L31: LV,HV
A32: PCIEPLL | B32: MNPCIEPLLT16 | C32: MN_BRNA0_C_FULP_AN_AA24_FRQ_JTG_COD_ALLFRV_SI_PCIEPLL_T16 | E32: 116.42 | F32: 110.22 | G32: 85.31 | L32: LV,HV

Sheet CIOCIOPLL
A2: Proposal for TTR | D2: Total (ms) | F2: =SUM(E5:G47) -> 12277.26
E3: CP1 (ms)
A4: Category | B4: SubBlock | C4: Pattern | D4: HIP_FailRun | E4: LV | F4: NV | G4: HV | H4: Prod CP1 | I4: Prod CP2 | J4: Prod FT1 | K4: Prod FT2 | L4: Mon | M4: T0Tx | N4: RMA Room | O4: RMA Hot
A5: CIOCIOPLL | B5: CIOPLLT1P1U_MULTIPLE | C5: PP_BRNA0_C_FULP_AN_AA10_DLL_JTG_VIX_ALLFRV_SI_CIOPLL_T1P1U | F5: 78.6 | H5: NV | I5: NV | J5: NV
A6: CIOCIOPLL | B6: OTHER | C6: CIOCIOPLL_CIOPLLT1P1U_FUSE_PREWRITE_CAL | F6: 0.25 | H6: NV
A7: CIOCIOPLL | B7: OTHER | C7: CIOCIOPLL_CIOPLLT1P1U_FUSE_READ_CAL | F7: 1.01 | I7: NV | J7: NV | K7: NV
A8: CIOCIOPLL | B8: CIOPLLT1P2C80_MULTIPLE | C8: PP_BRNA0_C_FULP_AN_AA10_DLL_JTG_VIX_ALLFRV_SI_CIOPLL_T1P2C80 | F8: 36.98 | H8: NV | I8: NV | J8: NV | K8: NV
A9: CIOCIOPLL | B9: CIOPLLT2P1U_MULTIPLE | C9: PP_BRNA0_C_FULP_AN_AA10_DLL_JTG_VIX_ALLFRV_SI_CIOPLL_T2P1U | E9: 84.15 | F9: 106.67 | G9: 85.26 | H9: LV,HV | I9: LV,HV | J9: LV,HV | K9: LV,HV
A10: CIOCIOPLL | B10: CIOPLLT2P3U_MULTIPLE | C10: PP_BRNA0_C_FULP_AN_AA10_DLL_JTG_VIX_ALLFRV_SI_CIOPLL_T2P3U | E10: 119.57 | F10: 85.42 | G10: 83.09 | H10: LV,HV | I10: LV,HV | J10: LV,HV | K10: LV,HV
A11: CIOCIOPLL | B11: CIOPLLT2P6U_MULTIPLE | C11: PP_BRNA0_C_FULP_AN_AA10_DLL_JTG_VIX_ALLFRV_SI_CIOPLL_T2P6U | E11: 84.35 | F11: 84.34 | G11: 116.5 | H11: LV,HV | I11: LV,HV | J11: LV,HV | K11: LV,HV
A12: CIOCIOPLL | B12: CIOPLLT2P2CL_MULTIPLE | C12: PP_BRNA0_C_FULP_AN_AA10_DLL_JTG_VIX_ALLFRV_SI_CIOPLL_T2P2CL | E12: 83.95 | F12: 84.49 | G12: 82.7 | H12: LV,HV | I12: LV,HV | J12: LV,HV | K12: LV,HV
A13: CIOCIOPLL | B13: CIOPLLT2P4CL_MULTIPLE | C13: PP_BRNA0_C_FULP_AN_AA10_DLL_JTG_VIX_ALLFRV_SI_CIOPLL_T2P4CL | E13: 83.54 | F13: 125.29 | G13: 82.56 | H13: LV,HV | I13: LV,HV | J13: LV,HV | K13: LV,HV
A14: CIOCIOPLL | B14: CIOPLLT2P1C80_MULTIPLE | C14: PP_BRNA0_C_FULP_AN_AA10_DLL_JTG_VIX_ALLFRV_SI_CIOPLL_T2P1C80 | E14: 123.53 | F14: 83.94 | G14: 122.3 | H14: LV,HV | I14: LV,HV | J14: LV,HV | K14: LV,HV
A15: CIOCIOPLL | B15: CIOPLLT2P2C80_MULTIPLE | C15: PP_BRNA0_C_FULP_AN_AA10_DLL_JTG_VIX_ALLFRV_SI_CIOPLL_T2P2C80 | E15: 85.13 | F15: 84.31 | G15: 83.88 | H15: LV,HV | I15: LV,HV | J15: LV,HV | K15: LV,HV
A16: CIOCIOPLL | B16: CIOPLLT3P1U_MULTIPLE | C16: PP_BRNA0_C_FULP_AN_AA10_MEA_JTG_IMX_ALLFRV_SI_CIOPLL_T3P1U | E16: 122.64 | F16: 155.47 | G16: 121.49 | H16: LV,HV | I16: LV,HV | J16: LV,HV | K16: LV,HV
A17: CIOCIOPLL | B17: CIOPLLT11P3U_MULTIPLE | C17: PP_BRNA0_C_FULP_AN_AA10_MEA_JTG_VIX_ALLFRV_SI_CIOPLL_T11P3U | E17: 128.02 | F17: 94.69 | G17: 86.97 | H17: LV,HV | I17: LV,HV | J17: LV,HV | K17: LV,HV
A18: CIOCIOPLL | B18: CIOPLLT11P2CL_MULTIPLE | C18: PP_BRNA0_C_FULP_AN_AA10_MEA_JTG_VIX_ALLFRV_SI_CIOPLL_T11P2CL | E18: 87.83 | F18: 87.07 | G18: 128.58 | H18: LV,HV | I18: LV,HV | J18: LV,HV | K18: LV,HV
A19: CIOCIOPLL | B19: CIOPLLT11PC80_MULTIPLE | C19: PP_BRNA0_C_FULP_AN_AA10_MEA_JTG_VIX_ALLFRV_SI_CIOPLL_T11PC80 | E19: 87.77 | F19: 86.86 | G19: 87.18 | H19: LV,HV | I19: LV,HV | J19: LV,HV | K19: LV,HV
A20: CIOCIOPLL | B20: CIOPLLT13PU_MULTIPLE | C20: PP_BRNA0_C_FULP_AN_AA10_MEA_JTG_VIX_ALLFRV_SI_CIOPLL_T13PU | E20: 26.62 | F20: 25.59 | G20: 25.03 | H20: LV,HV | I20: LV,HV | J20: LV,HV | K20: LV,HV
... A22: CIOCIOPLL | B22: CIOPLLT13PC80_MULTIPLE | C22: PP_BRNA0_C_FULP_AN_AA10_MEA_JTG_VIX_ALLFRV_SI_CIOPLL_T13PC80 | E22: 15.6 | F22: 48.09 | G22: 15.46 | H22: LV,HV | I22: LV,HV | J22: LV,HV | K22: LV,HV
A23: CIOCIOPLL | B23: MNCIOPLLT1P1U_MULTIPLE | C23: MN_BRNA0_C_FULP_AN_AA10_DLL_JTG_VIX_ALLFRV_SI_CIOPLL_T1P1U | E23: 196.45 | F23: 171.4 | G23: 194.82 | L23: LV,HV
A24: CIOCIOPLL | B24: MNCIOPLLT1P2C80_MULTIPLE | C24: MN_BRNA0_C_FULP_AN_AA10_DLL_JTG_VIX_ALLFRV_SI_CIOPLL_T1P2C80 | E24: 203.4 | F24: 204.33 | G24: 201.77 | L24: LV,HV
A25: CIOCIOPLL | B25: MNCIOPLLT2P1U_MULTIPLE | C25: MN_BRNA0_C_FULP_AN_AA10_DLL_JTG_VIX_ALLFRV_SI_CIOPLL_T2P1U | E25: 106.08 | F25: 136.46 | G25: 103.31 | L25: LV,HV
A26: CIOCIOPLL | B26: MNCIOPLLT2P2U_MULTIPLE | C26: MN_BRNA0_C_FULP_AN_AA10_DLL_JTG_VIX_ALLFRV_SI_CIOPLL_T2P2U | E26: 136.55 | F26: 105.04 | G26: 137.25 | L26: LV,HV
A27: CIOCIOPLL | B27: MNCIOPLLT2P3U_MULTIPLE | C27: MN_BRNA0_C_FULP_AN_AA10_DLL_JTG_VIX_ALLFRV_SI_CIOPLL_T2P3U | E27: 104.95 | F27: 104.11 | G27: 102.75 | L27: LV,HV
A28: CIOCIOPLL | B28: MNCIOPLLT2P4U_MULTIPLE | C28: MN_BRNA0_C_FULP_AN_AA10_DLL_JTG_VIX_ALLFRV_SI_CIOPLL_T2P4U | E28: 144.49 | F28: 138.33 | G28: 137.61 | L28: LV,HV
A29: CIOCIOPLL | B29: MNCIOPLLT2P5U_MULTIPLE | C29: MN_BRNA0_C_FULP_AN_AA10_DLL_JTG_VIX_ALLFRV_SI_CIOPLL_T2P5U | E29: 105.45 | F29: 104.82 | G29: 103.83 | L29: LV,HV
A30: CIOCIOPLL | B30: MNCIOPLLT2P6U_MULTIPLE | C30: MN_BRNA0_C_FULP_AN_AA10_DLL_JTG_VIX_ALLFRV_SI_CIOPLL_T2P6U | E30: 138.18 | F30: 140.35 | G30: 103.3 | L30: LV,HV
A31: CIOCIOPLL | B31: MNCIOPLLT2P1CL_MULTIPLE | C31: MN_BRNA0_C_FULP_AN_AA10_DLL_JTG_VIX_ALLFRV_SI_CIOPLL_T2P1CL | E31: 104.41 | F31: 104.12 | G31: 139.94 | L31: LV,HV
A32: CIOCIOPLL | B32: MNCIOPLLT2P2CL_MULTIPLE | C32: MN_BRNA0_C_FULP_AN_AA10_DLL_JTG_VIX_ALLFRV_SI_CIOPLL_T2P2CL | E32: 104.55 | F32: 140.55 | G32: 103.25 | L32: LV,HV
A33: CIOCIOPLL | B33: MNCIOPLLT2P3CL_MULTIPLE | C33: MN_BRNA0_C_FULP_AN_AA10_DLL_JTG_VIX_ALLFRV_SI_CIOPLL_T2P3CL | E33: 138.43 | F33: 104.87 | G33: 139.47 | L33: LV,HV
A34: CIOCIOPLL | B34: MNCIOPLLT2P4CL_MULTIPLE | C34: MN_BRNA0_C_FULP_AN_AA10_DLL_JTG_VIX_ALLFRV_SI_CIOPLL_T2P4CL | E34: 105.87 | F34: 104.62 | G34: 103.37 | L34: LV,HV
... A47: CIOCIOPLL | B47: MNCIOPLLT13PC80_MULTIPLE | C47: MN_BRNA0_C_FULP_AN_AA10_MEA_JTG_VIX_ALLFRV_SI_CIOPLL_T13PC80 | E47: 33.21 | F47: 31.89 | G47: 31.62 | L47: LV,HV

Sheet CIODPPLL
A2: Proposal for TTR | D2: Total (ms) | F2: =SUM(E5:G27) -> 6781.74
E3: CP1 (ms)
A4: Category | B4: SubBlock | C4: Pattern | D4: HIP_FailRun | E4: LV | F4: NV | G4: HV | H4: Prod CP1 | I4: Prod CP2 | J4: Prod FT1 | K4: Prod FT2 | L4: Mon | M4: T0Tx | N4: RMA Room | O4: RMA Hot
A5: CIODPPLL | B5: DPPLLT2P1C_MULTIPLE | C5: PP_BRNA0_C_FULP_AN_AA10_DLL_JTG_VIX_ALLFRV_SI_DPPLL_T2P1C | E5: 116.6 | F5: 84.24 | G5: 82.9 | H5: LV,HV | I5: LV,HV | J5: LV,HV | K5: LV,HV
A6: CIODPPLL | B6: DPPLLT2P3C_MULTIPLE | C6: PP_BRNA0_C_FULP_AN_AA10_DLL_JTG_VIX_ALLFRV_SI_DPPLL_T2P3C | E6: 81.92 | F6: 80.94 | G6: 79.93 | H6: LV,HV | I6: LV,HV | J6: LV,HV | K6: LV,HV
A7: CIODPPLL | B7: DPPLLT2P19C_MULTIPLE | C7: PP_BRNA0_C_FULP_AN_AA10_DLL_JTG_VIX_ALLFRV_SI_DPPLL_T2P19C | E7: 81.51 | F7: 119.09 | G7: 79.63 | H7: LV,HV | I7: LV,HV | J7: LV,HV | K7: LV,HV
A8: CIODPPLL | B8: DPPLLT2P20C_MULTIPLE | C8: PP_BRNA0_C_FULP_AN_AA10_DLL_JTG_VIX_ALLFRV_SI_DPPLL_T2P20C | E8: 82.44 | F8: 81.65 | G8: 117.66 | H8: LV,HV | I8: LV,HV | J8: LV,HV | K8: LV,HV
A9: CIODPPLL | B9: DPPLLT3_MULTIPLE | C9: PP_BRNA0_C_FULP_AN_AA10_MEA_JTG_IMX_ALLFRV_SI_DPPLL_T3 | E9: 135.35 | F9: 95.87 | G9: 95.46 | H9: LV,HV | I9: LV,HV | J9: LV,HV | K9: LV,HV
A10: CIODPPLL | B10: DPPLLT13P1C_MULTIPLE | C10: PP_BRNA0_C_FULP_AN_AA10_MEA_JTG_VIX_ALLFRV_SI_DPPLL_T13P1C | E10: 25.84 | F10: 26.14 | G10: 24.98 | H10: LV,HV | I10: LV,HV | J10: LV,HV | K10: LV,HV
A11: CIODPPLL | B11: DPPLLT13P2C_MULTIPLE | C11: PP_BRNA0_C_FULP_AN_AA10_MEA_JTG_VIX_ALLFRV_SI_DPPLL_T13P2C | E11: 15.58 | F11: 15.75 | G11: 15.66 | H11: LV,HV | I11: LV,HV | J11: LV,HV | K11: LV,HV
A12: CIODPPLL | B12: DPPLLT16_MULTIPLE | C12: PP_BRNA0_C_FULP_AN_AA10_DLL_JTG_VIX_ALLFRV_SI_DPPLL_T16 | E12: 28.7 | F12: 28.9 | G12: 28.75 | H12: LV,HV | I12: LV,HV | J12: LV,HV | K12: LV,HV
A13: CIODPPLL | B13: MNDPPLLT0_MULTIPLE | C13: MN_BRNA0_C_FULP_AN_AA10_DLL_JTG_VIX_ALLFRV_SI_DPPLL_T0 | E13: 23.12 | F13: 22.95 | G13: 23.13 | H13: LV,HV | I13: LV,HV | J13: LV,HV | K13: LV,HV
A14: CIODPPLL | B14: MNDPPLLT1P1C_MULTIPLE | C14: MN_BRNA0_C_FULP_AN_AA10_DLL_JTG_CAL_ALLFRV_SI_DPPLL_T1P1C | F14: 145.7 | L14: LV,HV
A15: CIODPPLL | B15: MNDPPLLT2P1C_MULTIPLE | C15: MN_BRNA0_C_FULP_AN_AA10_DLL_JTG_VIX_ALLFRV_SI_DPPLL_T2P1C | E15: 100.97 | F15: 111.73 | G15: 139.1 | L15: LV,HV
A16: CIODPPLL | B16: MNDPPLLT2P2C_MULTIPLE | C16: MN_BRNA0_C_FULP_AN_AA10_DLL_JTG_VIX_ALLFRV_SI_DPPLL_T2P2C | E16: 147.34 | F16: 145.98 | G16: 111.04 | L16: LV,HV
A17: CIODPPLL | B17: MNDPPLLT2P3C_MULTIPLE | C17: MN_BRNA0_C_FULP_AN_AA10_DLL_JTG_VIX_ALLFRV_SI_DPPLL_T2P3C | E17: 111.1 | F17: 112.93 | G17: 142.63 | L17: LV,HV
A18: CIODPPLL | B18: MNDPPLLT2P4C_MULTIPLE | C18: MN_BRNA0_C_FULP_AN_AA10_DLL_JTG_VIX_ALLFRV_SI_DPPLL_T2P4C | E18: 145.71 | F18: 145.14 | G18: 112.09 | L18: LV,HV
A19: CIODPPLL | B19: MNDPPLLT2P19C_MULTIPLE | C19: MN_BRNA0_C_FULP_AN_AA10_DLL_JTG_VIX_ALLFRV_SI_DPPLL_T2P19C | E19: 113.17 | F19: 111.5 | G19: 110.44 | L19: LV,HV
A20: CIODPPLL | B20: MNDPPLLT2P20C_MULTIPLE | C20: MN_BRNA0_C_FULP_AN_AA10_DLL_JTG_VIX_ALLFRV_SI_DPPLL_T2P20C | E20: 146.62 | F20: 145.75 | G20: 144.35 | L20: LV,HV
A21: CIODPPLL | B21: MNDPPLLT3_MULTIPLE | C21: MN_BRNA0_C_FULP_AN_AA10_MEA_JTG_IMX_ALLFRV_SI_DPPLL_T3 | E21: 120.61 | F21: 121.38 | G21: 121.02 | L21: LV,HV
A22: CIODPPLL | B22: MNDPPLLT12P1C_MULTIPLE | C22: MN_BRNA0_C_FULP_AN_AA10_DLL_JTG_VIX_ALLFRV_SI_DPPLL_T12P1C | E22: 109.62 | F22: 109.87 | G22: 149.18 | L22: LV,HV
A23: CIODPPLL | B23: MNDPPLLT12P2C_MULTIPLE | C23: MN_BRNA0_C_FULP_AN_AA10_DLL_JTG_VIX_ALLFRV_SI_DPPLL_T12P2C | E23: 147.72 | F23: 150.24 | G23: 109.91 | L23: LV,HV
A24: CIODPPLL | B24: MNDPPLLT12P3C_MULTIPLE | C24: MN_BRNA0_C_FULP_AN_AA10_DLL_JTG_VIX_ALLFRV_SI_DPPLL_T12P3C | E24: 110.5 | F24: 110.79 | G24: 140.29 | L24: LV,HV
A25: CIODPPLL | B25: MNDPPLLT12P4C_MULTIPLE | C25: MN_BRNA0_C_FULP_AN_AA10_DLL_JTG_VIX_ALLFRV_SI_DPPLL_T12P4C | E25: 148.44 | F25: 145.74 | G25: 116.11 | L25: LV,HV
A26: CIODPPLL | B26: MNDPPLLT12P19C_MULTIPLE | C26: MN_BRNA0_C_FULP_AN_AA10_DLL_JTG_VIX_ALLFRV_SI_DPPLL_T12P19C | E26: 110.81 | F26: 110.71 | G26: 109.28 | L26: LV,HV
A27: CIODPPLL | B27: MNDPPLLT12P20C_MULTIPLE | C27: MN_BRNA0_C_FULP_AN_AA10_DLL_JTG_VIX_ALLFRV_SI_DPPLL_T12P20C | E27: 147.31 | F27: 110.87 | G27: 143.36 | L27: LV,HV

Sheet LPDPDPPLL
A2: Proposal for TTR | D2: Total (ms) | F2: =SUM(E5:G46) -> 16914.39
E3: CP1 (ms)
A4: Category | B4: SubBlock | C4: Pattern | D4: HIP_FailRun | E4: LV | F4: NV | G4: HV | H4: Prod CP1 | I4: Prod CP2 | J4: Prod FT1 | K4: Prod FT2 | L4: Mon | M4: T0Tx | N4: RMA Room | O4: RMA Hot
A5: LPDPDPPLL | B5: DPPLLT2P1L | C5: PP_BRNA0_C_FULP_AN_AA23_DLL_JTG_VIX_ALLFRV_SI_DPPLL_T2P1L | E5: 84.44 | F5: 85.9 | G5: 118.41 | H5: LV,HV | I5: LV,HV | J5: LV,HV | K5: LV,HV
A6: LPDPDPPLL | B6: DPPLLT2P6L | C6: PP_BRNA0_C_FULP_AN_AA23_DLL_JTG_VIX_ALLFRV_SI_DPPLL_T2P6L | E6: 120.56 | F6: 118.98 | G6: 82.23 | H6: LV,HV | I6: LV,HV | J6: LV,HV | K6: LV,HV
A7: LPDPDPPLL | B7: DPPLLT2P9L | C7: PP_BRNA0_C_FULP_AN_AA23_DLL_JTG_VIX_ALLFRV_SI_DPPLL_T2P9L | E7: 83.43 | F7: 84.09 | G7: 82.67 | H7: LV,HV | I7: LV,HV | J7: LV,HV | K7: LV,HV
A8: LPDPDPPLL | B8: DPPLLT2P19L | C8: PP_BRNA0_C_FULP_AN_AA23_DLL_JTG_VIX_ALLFRV_SI_DPPLL_T2P19L | E8: 83.66 | F8: 82.57 | G8: 119.33 | H8: LV,HV | I8: LV,HV | J8: LV,HV | K8: LV,HV
A9: LPDPDPPLL | B9: DPPLLT2P20L | C9: PP_BRNA0_C_FULP_AN_AA23_DLL_JTG_VIX_ALLFRV_SI_DPPLL_T2P20L | E9: 116.34 | F9: 118.16 | G9: 81.86 | H9: LV,HV | I9: LV,HV | J9: LV,HV | K9: LV,HV
A10: LPDPDPPLL | B10: DPPLLT3 | C10: PP_BRNA0_C_FULP_AN_AA23_MEA_JTG_IMX_ALLFRV_SI_DPPLL_T3 | E10: 105.87 | F10: 106.33 | G10: 104.53 | H10: LV,HV | I10: LV,HV | J10: LV,HV | K10: LV,HV
A11: LPDPDPPLL | B11: DPPLLT13P1L | C11: PP_BRNA0_C_FULP_AN_AA23_MEA_JTG_VIX_ALLFRV_SI_DPPLL_T13P1L | E11: 26.59 | F11: 26.8 | G11: 25.48 | H11: LV,HV | I11: LV,HV | J11: LV,HV | K11: LV,HV
A12: LPDPDPPLL | B12: DPPLLT13P2L | C12: PP_BRNA0_C_FULP_AN_AA23_MEA_JTG_VIX_ALLFRV_SI_DPPLL_T13P2L | E12: 16.72 | F12: 16.93 | G12: 16.67 | H12: LV,HV | I12: LV,HV | J12: LV,HV | K12: LV,HV
A13: LPDPDPPLL | B13: DPPLLT16 | C13: PP_BRNA0_C_FULP_AN_AA23_MEA_JTG_VMX_ALLFRV_SI_DPPLL_T16 | E13: 31.47 | F13: 32.05 | G13: 66.63 | H13: LV,HV | I13: LV,HV | J13: LV,HV | K13: LV,HV
A14: LPDPDPPLL | B14: MNDPPLLT0 | C14: MN_BRNA0_C_FULP_AN_AA23_DLL_JTG_VIX_ALLFRV_SI_DPPLL_T0 | E14: 30.28 | F14: 31.91 | G14: 31.29 | L14: LV,HV
A15: LPDPDPPLL | B15: MNDPPLLT1P1L | C15: MN_BRNA0_C_FULP_AN_AA23_DLL_JTG_CAL_ALLFRV_SI_DPPLL_T1P1L | F15: 195.59 | L15: LV,HV
A16: LPDPDPPLL | B16: MNDPPLLT2P1L | C16: MN_BRNA0_C_FULP_AN_AA23_DLL_JTG_VIX_ALLFRV_SI_DPPLL_T2P1L | E16: 157.57 | F16: 167.51 | G16: 126.03 | L16: LV,HV
A17: LPDPDPPLL | B17: MNDPPLLT2P2L | C17: MN_BRNA0_C_FULP_AN_AA23_DLL_JTG_VIX_ALLFRV_SI_DPPLL_T2P2L | E17: 173.65 | F17: 137.43 | G17: 166.08 | L17: LV,HV
A18: LPDPDPPLL | B18: MNDPPLLT2P3L | C18: MN_BRNA0_C_FULP_AN_AA23_DLL_JTG_VIX_ALLFRV_SI_DPPLL_T2P3L | E18: 165.04 | F18: 168.24 | G18: 167.85 | L18: LV,HV
A19: LPDPDPPLL | B19: MNDPPLLT2P4L | C19: MN_BRNA0_C_FULP_AN_AA23_DLL_JTG_VIX_ALLFRV_SI_DPPLL_T2P4L | E19: 138.56 | F19: 169.48 | G19: 170.4 | L19: LV,HV
A20: LPDPDPPLL | B20: MNDPPLLT2P5L | C20: MN_BRNA0_C_FULP_AN_AA23_DLL_JTG_VIX_ALLFRV_SI_DPPLL_T2P5L | E20: 169.92 | F20: 172.44 | G20: 135.66 | L20: LV,HV
A21: LPDPDPPLL | B21: MNDPPLLT2P6L | C21: MN_BRNA0_C_FULP_AN_AA23_DLL_JTG_VIX_ALLFRV_SI_DPPLL_T2P6L | E21: 171.64 | F21: 136.21 | G21: 165.68 | L21: LV,HV
A22: LPDPDPPLL | B22: MNDPPLLT2P7L | C22: MN_BRNA0_C_FULP_AN_AA23_DLL_JTG_VIX_ALLFRV_SI_DPPLL_T2P7L | E22: 135.85 | F22: 166.43 | G22: 170.2 | L22: LV,HV
A23: LPDPDPPLL | B23: MNDPPLLT2P8L | C23: MN_BRNA0_C_FULP_AN_AA23_DLL_JTG_VIX_ALLFRV_SI_DPPLL_T2P8L | E23: 169.29 | F23: 170.36 | G23: 134.79 | L23: LV,HV
A24: LPDPDPPLL | B24: MNDPPLLT2P9L | C24: MN_BRNA0_C_FULP_AN_AA23_DLL_JTG_VIX_ALLFRV_SI_DPPLL_T2P9L | E24: 171.83 | F24: 169.49 | G24: 169.17 | L24: LV,HV
A25: LPDPDPPLL | B25: MNDPPLLT2P10L | C25: MN_BRNA0_C_FULP_AN_AA23_DLL_JTG_VIX_ALLFRV_SI_DPPLL_T2P10L | E25: 170.39 | F25: 138.74 | G25: 167.9 | L25: LV,HV
A26: LPDPDPPLL | B26: MNDPPLLT2P11L | C26: MN_BRNA0_C_FULP_AN_AA23_DLL_JTG_VIX_ALLFRV_SI_DPPLL_T2P11L | E26: 137.37 | F26: 169.18 | G26: 166.43 | L26: LV,HV
A27: LPDPDPPLL | B27: MNDPPLLT2P12L | C27: MN_BRNA0_C_FULP_AN_AA23_DLL_JTG_VIX_ALLFRV_SI_DPPLL_T2P12L | E27: 167.93 | F27: 169.08 | G27: 135.16 | L27: LV,HV
... A46: LPDPDPPLL | B46: MNDPPLLT12P20L | C46: MN_BRNA0_C_FULP_AN_AA23_MEA_JTG_DYC_ALLFRV_SI_DPPLL_T12P20L | E46: 133.76 | F46: 165.96 | G46: 131.36 | L46: LV,HV

Sheet LPDDRPLL
A2: Proposal for TTR | D2: Total (ms) | F2: =SUM(E5:G63) -> 24014.42
E3: CP1 (ms)
A4: Category | B4: SubBlock | C4: Pattern | D4: HIP_FailRun | E4: LV | F4: NV | G4: HV | H4: Prod CP1 | I4: Prod CP2 | J4: Prod FT1 | K4: Prod FT2 | L4: Mon | M4: T0Tx | N4: RMA Room | O4: RMA Hot
A5: LPDDRPLL | B5: FCALT1P5G | C5: PP_BRNA0_S_FULP_AN_AAL6_MEA_JTG_LP5_MDX005_SI_FCAL_T1P5G | F5: 95.4 | H5: NV | I5: NV | J5: NV
A6: LPDDRPLL | B6: OTHER | C6: LPDDRPLL_FCALT1P5G_FUSE_PREWRITE_CAL | F6: 0.34 | J6: NV
A7: LPDDRPLL | B7: OTHER | C7: LPDDRPLL_FCALT1P5G_FUSE_READ_CAL | F7: 2.32 | K7: NV
A8: LPDDRPLL | B8: OTHER | C8: RELAYON_K100_K104_K102_RELAYOFF_K15_K17_K19 | F8: 242.57 | H8: NV,LV,HV | I8: NV,LV,HV | J8: NV,LV,HV | K8: NV,LV,HV | L8: NV,LV,HV | M8: NV,LV,HV | N8: NV,LV,HV | O8: NV,LV,HV
A9: LPDDRPLL | B9: OTHER | C9: RELAYON_K15_K17_K19_RELAYOFF_K100_K104_K102 | F9: 233.29 | H9: NV,LV,HV | I9: NV,LV,HV | J9: NV,LV,HV | K9: NV,LV,HV | L9: NV,LV,HV | M9: NV,LV,HV | N9: NV,LV,HV | O9: NV,LV,HV
A10: LPDDRPLL | B10: LP5F1T2P1G | C10: PP_BRNA0_S_FULP_AN_AAL6_MEA_JTG_LP5_MDX001_SI_LP5F1_T2P1G | E10: 158.43 | F10: 152.46 | G10: 117.86 | H10: LV,HV | I10: LV,HV | J10: LV,HV | K10: LV,HV
A11: LPDDRPLL | B11: LP5F2T2P2G | C11: PP_BRNA0_S_FULP_AN_AAL6_MEA_JTG_LP5_MDX002_SI_LP5F2_T2P2G | E11: 116.6 | F11: 117.14 | G11: 151.6 | H11: LV,HV | I11: LV,HV | J11: LV,HV | K11: LV,HV
A12: LPDDRPLL | B12: LP5F3T2P3G | C12: PP_BRNA0_S_FULP_AN_AAL6_MEA_JTG_LP5_MDX003_SI_LP5F3_T2P3G | E12: 148.33 | F12: 149.16 | G12: 151.08 | H12: LV,HV | I12: LV,HV | J12: LV,HV | K12: LV,HV
A13: LPDDRPLL | B13: LP5F4T2P4G | C13: PP_BRNA0_S_FULP_AN_AAL6_MEA_JTG_LP5_MDX004_SI_LP5F4_T2P4G | E13: 150.81 | F13: 115.85 | G13: 118.52 | H13: LV,HV | I13: LV,HV | J13: LV,HV | K13: LV,HV
A14: LPDDRPLL | B14: LP5F5T2P5G | C14: PP_BRNA0_S_FULP_AN_AAL6_MEA_JTG_LP5_MDX005_SI_LP5F5_T2P5G | E14: 117.74 | F14: 148.88 | G14: 182.49 | H14: LV,HV | I14: LV,HV | J14: LV,HV | K14: LV,HV
A15: LPDDRPLL | B15: LP5F6T2P6G | C15: PP_BRNA0_S_FULP_AN_AAL6_MEA_JTG_LP5_MDX006_SI_LP5F6_T2P6G | E15: 154.19 | F15: 153.19 | G15: 121.98 | H15: LV,HV | I15: LV,HV | J15: LV,HV | K15: LV,HV
A16: LPDDRPLL | B16: LP5F7T2P7G | C16: PP_BRNA0_S_FULP_AN_AAL6_MEA_JTG_LP5_MDX007_SI_LP5F7_T2P7G | E16: 115.55 | F16: 116.35 | G16: 154.52 | H16: LV,HV | I16: LV,HV | J16: LV,HV | K16: LV,HV
A17: LPDDRPLL | B17: LP5F8T2P8G | C17: PP_BRNA0_S_FULP_AN_AAL6_MEA_JTG_LP5_MDX008_SI_LP5F8_T2P8G | E17: 147.62 | F17: 146.47 | G17: 152.52 | H17: LV,HV | I17: LV,HV | J17: LV,HV | K17: LV,HV
A18: LPDDRPLL | B18: LP5F9T2P9G | C18: PP_BRNA0_S_FULP_AN_AAL6_MEA_JTG_LP5_MDX009_SI_LP5F9_T2P9G | E18: 151.1 | F18: 151.16 | G18: 116.87 | H18: LV,HV | I18: LV,HV | J18: LV,HV | K18: LV,HV
A19: LPDDRPLL | B19: LP5CURRT3 | C19: PP_BRNA0_S_FULP_AN_AAL6_MEA_JTG_LP5_MDX002_SI_LP5CURR_T3 | E19: 149.02 | F19: 148.74 | G19: 185.78 | H19: LV,HV | I19: LV,HV | J19: LV,HV | K19: LV,HV
A20: LPDDRPLL | B20: LP5F1PLDT13P1G | C20: PP_BRNA0_S_FULP_AN_AAL6_LP5_JTG_LP5_MDX001_SI_LP5F1PLD_T13P1G | E20: 37.24 | F20: 37.65 | G20: 37.54 | H20: LV,HV | I20: LV,HV | J20: LV,HV | K20: LV,HV
A21: LPDDRPLL | B21: LP5F2PLDT13P2G | C21: PP_BRNA0_S_FULP_AN_AAL6_LP5_JTG_LP5_MDX002_SI_LP5F2PLD_T13P2G | E21: 36.49 | F21: 35.71 | G21: 36.26 | H21: LV,HV | I21: LV,HV | J21: LV,HV | K21: LV,HV
... A26: LPDDRPLL | B26: LP5IVDVT16 | C26: PP_BRNA0_S_FULP_AN_AAL6_MEA_JTG_LP5_MDX005_SI_LP5IVDV_T16 | E26: 45.98 | F26: 46.12 | G26: 46.51 | H26: LV,HV | I26: LV,HV | J26: LV,HV | K26: LV,HV
A27: LPDDRPLL | B27: MNLP5FCALT1P5G | C27: MN_BRNA0_S_FULP_AN_AAL6_MEA_JTG_LP5_MDX005_SI_LP5FCAL_T1P5G | E27: 317.61 | F27: 341.73 | G27: 321.4 | L27: LV,HV
A28: LPDDRPLL | B28: MNLP5FMINT2PMIN | C28: MN_BRNA0_S_FULP_AN_AAL6_MEA_JTG_LP5_MDX001_SI_LP5FMIN_T2PMIN | E28: 234.75 | F28: 268.32 | G28: 235.34 | L28: LV,HV
A29: LPDDRPLL | B29: MNLP5F1T2P1G | C29: MN_BRNA0_S_FULP_AN_AAL6_MEA_JTG_LP5_MDX001_SI_LP5F1_T2P1G | E29: 275.57 | F29: 233.59 | G29: 237.36 | L29: LV,HV
A30: LPDDRPLL | B30: MNLP5F2T2P2G | C30: MN_BRNA0_S_FULP_AN_AAL6_MEA_JTG_LP5_MDX002_SI_LP5F2_T2P2G | E30: 233.97 | F30: 267.97 | G30: 274.64 | L30: LV,HV
A31: LPDDRPLL | B31: MNLP5F3T2P3G | C31: MN_BRNA0_S_FULP_AN_AAL6_MEA_JTG_LP5_MDX003_SI_LP5F3_T2P3G | E31: 267.73 | F31: 235.5 | G31: 236.13 | L31: LV,HV
A32: LPDDRPLL | B32: MNLP5F4T2P4G | C32: MN_BRNA0_S_FULP_AN_AAL6_MEA_JTG_LP5_MDX004_SI_LP5F4_T2P4G | E32: 237.58 | F32: 269.79 | G32: 234.36 | L32: LV,HV
A33: LPDDRPLL | B33: MNLP5F5T2P5G | C33: MN_BRNA0_S_FULP_AN_AAL6_MEA_JTG_LP5_MDX005_SI_LP5F5_T2P5G | E33: 241.03 | F33: 234.32 | G33: 281.16 | L33: LV,HV
A34: LPDDRPLL | B34: MNLP5F6T2P6G | C34: MN_BRNA0_S_FULP_AN_AAL6_MEA_JTG_LP5_MDX006_SI_LP5F6_T2P6G | E34: 266.61 | F34: 266.47 | G34: 234.33 | L34: LV,HV
A35: LPDDRPLL | B35: MNLP5F7T2P7G | C35: MN_BRNA0_S_FULP_AN_AAL6_MEA_JTG_LP5_MDX007_SI_LP5F7_T2P7G | E35: 235.7 | F35: 233.13 | G35: 269.07 | L35: LV,HV
A36: LPDDRPLL | B36: MNLP5F8T2P8G | C36: MN_BRNA0_S_FULP_AN_AAL6_MEA_JTG_LP5_MDX008_SI_LP5F8_T2P8G | E36: 235.66 | F36: 267.71 | G36: 238.92 | L36: LV,HV
A37: LPDDRPLL | B37: MNLP5F9T2P9G | C37: MN_BRNA0_S_FULP_AN_AAL6_MEA_JTG_LP5_MDX009_SI_LP5F9_T2P9G | E37: 274.33 | F37: 236.33 | G37: 242.38 | L37: LV,HV
A38: LPDDRPLL | B38: MNLP5F10T2P10G | C38: MN_BRNA0_S_FULP_AN_AAL6_MEA_JTG_LP5_MDX00A_SI_LP5F10_T2P10G | E38: 235.27 | F38: 269.59 | G38: 271.4 | L38: LV,HV
... A63: LPDDRPLL | B63: MNF10PLDT15P10G | C63: MN_BRNA0_S_FULP_AN_AAL6_LP5_JTG_LP5_MDX00A_SI_F10PLD_T15P10G | E63: 106.08 | F63: 107.87 | G63: 107.28 | L63: LV,HV

Sheet HSCSAROSC
A2: Proposal for TTR | D2: Total (ms) | F2: =SUM(E5:G6) -> 1152.85
E3: CP1 (ms)
A4: Category | B4: SubBlock | C4: Pattern | D4: HIP_FailRun | E4: LV | F4: NV | G4: HV | H4: Prod CP1 | I4: Prod CP2 | J4: Prod FT1 | K4: Prod FT2 | L4: Mon | M4: T0Tx | N4: RMA Room | O4: RMA Hot
A5: HSCSAROSC | B5: SAROSCT0 | C5: PP_BRNA0_C_FULP_AN_SARO_DLL_JTG_COD_ALLFRV_SI_SAROSC_T0 | E5: 23.19 | F5: 23.54 | G5: 22.56 | H5: HV | I5: HV | J5: HV | K5: HV
A6: HSCSAROSC | B6: MNSAROSCT0 | C6: MN_BRNA0_C_FULP_AN_SARO_DLL_JTG_COD_ALLFRV_SI_SAROSC_T0 | E6: 356.94 | F6: 368.4 | G6: 358.22 | L6: LV,HV

Sheet ULPPLL
A2: Proposal for TTR | D2: Total (ms) | F2: =SUM(E5:G7) -> 598.62
E3: CP1 (ms)
A4: Category | B4: SubBlock | C4: Pattern | D4: HIP_FailRun | E4: LV | F4: NV | G4: HV | H4: Prod CP1 | I4: Prod CP2 | J4: Prod FT1 | K4: Prod FT2 | L4: Mon | M4: T0Tx | N4: RMA Room | O4: RMA Hot
A5: ULPPLL | B5: CASET1A | C5: PP_BRNA0_C_FULP_AN_ULPL_FUN_JTG_FRQ_ALLFRV_SI_CASE_T1A | E5: 65.92 | F5: 68.83 | G5: 66.7 | H5: LV,HV | K5: LV,HV
A6: ULPPLL | B6: CASET1B | C6: PP_BRNA0_C_FULP_AN_ULPL_FUN_JTG_FRQ_ALLFRV_SI_CASE_T1B | E6: 66.27 | F6: 66.74 | G6: 65.55 | H6: LV,HV | K6: LV,HV
A7: ULPPLL | B7: CASET1C | C7: PP_BRNA0_C_FULP_AN_ULPL_FUN_JTG_FRQ_ALLFRV_SI_CASE_T1C | E7: 67.04 | F7: 66.12 | G7: 65.45 | H7: LV,HV | K7: LV,HV

Sheet FLPPLL
A2: Proposal for TTR | D2: Total (ms) | F2: =SUM(E5:G14) -> 2547.99
E3: CP1 (ms)
A4: Category | B4: SubBlock | C4: Pattern | D4: HIP_FailRun | E4: LV | F4: NV | G4: HV | H4: Prod CP1 | I4: Prod CP2 | J4: Prod FT1 | K4: Prod FT2 | L4: Mon | M4: T0Tx | N4: RMA Room | O4: RMA Hot
A5: FLPPLL | B5: CASET1C1 | C5: PP_BRNA0_C_FULP_AN_FLPL_FUN_JTG_FRQ_ALLFRV_SI_CASE_T1C1 | E5: 85.15 | F5: 115.65 | G5: 81.08 | H5: LV,HV | K5: LV,HV
A6: FLPPLL | B6: CASET1C2 | C6: PP_BRNA0_C_FULP_AN_FLPL_FUN_JTG_FRQ_ALLFRV_SI_CASE_T1C2 | E6: 80.79 | F6: 80.34 | G6: 79.27 | H6: LV,HV | K6: LV,HV
A7: FLPPLL | B7: CASET1C3 | C7: PP_BRNA0_C_FULP_AN_FLPL_FUN_JTG_FRQ_ALLFRV_SI_CASE_T1C3 | E7: 80.26 | F7: 80.16 | G7: 79.24 | H7: LV,HV | K7: LV,HV
A8: FLPPLL | B8: CASET1C4 | C8: PP_BRNA0_C_FULP_AN_FLPL_FUN_JTG_FRQ_ALLFRV_SI_CASE_T1C4 | E8: 79.87 | F8: 79.76 | G8: 79.47 | H8: LV,HV | K8: LV,HV
A9: FLPPLL | B9: CASET1C5 | C9: PP_BRNA0_C_FULP_AN_FLPL_FUN_JTG_FRQ_ALLFRV_SI_CASE_T1C5 | E9: 79.86 | F9: 80.03 | G9: 78.8 | H9: LV,HV | K9: LV,HV
A10: FLPPLL | B10: CASET1C6 | C10: PP_BRNA0_C_FULP_AN_FLPL_FUN_JTG_FRQ_ALLFRV_SI_CASE_T1C6 | E10: 79.65 | F10: 80.82 | G10: 78.86 | H10: LV,HV | K10: LV,HV
A11: FLPPLL | B11: CASET1C7 | C11: PP_BRNA0_C_FULP_AN_FLPL_FUN_JTG_FRQ_ALLFRV_SI_CASE_T1C7 | E11: 80.39 | F11: 80.5 | G11: 78.54 | H11: LV,HV | K11: LV,HV
A12: FLPPLL | B12: CASET1C8 | C12: PP_BRNA0_C_FULP_AN_FLPL_FUN_JTG_FRQ_ALLFRV_SI_CASE_T1C8 | E12: 81.09 | F12: 80.22 | G12: 78.47 | H12: LV,HV | K12: LV,HV
A13: FLPPLL | B13: CASET1C9 | C13: PP_BRNA0_C_FULP_AN_FLPL_FUN_JTG_FRQ_ALLFRV_SI_CASE_T1C9 | E13: 80.45 | F13: 80.53 | G13: 114.05 | H13: LV,HV | K13: LV,HV
A14: FLPPLL | B14: CASET1C10 | C14: PP_BRNA0_C_FULP_AN_FLPL_FUN_JTG_FRQ_ALLFRV_SI_CASE_T1C10 | E14: 116.19 | F14: 115.19 | G14: 83.31 | H14: LV,HV | K14: LV,HV

Sheet SEPVMC
A2: Proposal for TTR | D2: Total (ms) | F2: =SUM(E5:G41) -> 6260.12
E3: CP1 (ms)
A4: Category | B4: SubBlock | C4: Pattern | D4: HIP_FailRun | E4: LV | F4: NV | G4: HV | H4: Prod CP1 | I4: Prod CP2 | J4: Prod FT1 | K4: Prod FT2 | L4: Mon | M4: T0Tx | N4: RMA Room | O4: RMA Hot
A5: SEPVMC | B5: PRETRIMT1 | C5: PP_BRNA0_S_FULP_AN_SEPV_DLL_JTG_COD_ALLFRV_SI_PRETRIM_T1 | E5: 101.15 | F5: 103.2 | G5: 101.83 | H5: NV | I5: NV | J5: NV | K5: NV
A6: SEPVMC | B6: VREFPDETT2P1 | C6: PP_BRNA0_S_FULP_AN_SEPV_DLL_JTG_COD_ALLFRV_SI_VREFPDET_T2P1 | F6: 31.98 | H6: NV | J6: NV
A7: SEPVMC | B7: OTHER | C7: SEPVMC_VREFPDETT2P1_FUSE_PREWRITE_CAL | F7: 0.22 | J7: NV
A8: SEPVMC | B8: OTHER | C8: SEPVMC_VREFPDETT2P1_FUSE_READ_CAL | F8: 0.7 | K8: NV
A9: SEPVMC | B9: OTHER | C9: SEPVMC_FREQT2P2_FUSE_PREWRITE_CAL | F9: 0.19 | J9: NV
A10: SEPVMC | B10: OTHER | C10: SEPVMC_FREQT2P2_FUSE_READ_CAL | F10: 0.62 | K10: NV
A11: SEPVMC | B11: OTHER | C11: SEPVMC_FUSE_PREWRITE_SEPVMC_TRIM_BG_T | F11: 0.19 | J11: NV
A12: SEPVMC | B12: OTHER | C12: SEPVMC_FUSE_READ_SEPVMC_TRIM_BG_T | F12: 0.62 | K12: NV
A13: SEPVMC | B13: OTHER | C13: SEPVMC_FUSE_PREWRITE_SEPVMC_TRIM_BGTEMP_ADCCODE_RT | F13: 0.18 | J13: NV
A14: SEPVMC | B14: OTHER | C14: SEPVMC_FUSE_READ_SEPVMC_TRIM_BGTEMP_ADCCODE_RT | F14: 0.66 | K14: NV
A15: SEPVMC | B15: OTHER | C15: SEPVMC_fuse_prewrite_sepvmc_vref_rt | J15: NV
A16: SEPVMC | B16: OTHER | C16: SEPVMC_fuse_read_sepvmc_vref_rt | K16: NV
A17: SEPVMC | B17: OTHER | C17: SEPVMC_fuse_prewrite_sepvmc_trim_vref_ht | J17: NV
A18: SEPVMC | B18: OTHER | C18: SEPVMC_fuse_read_sepvmc_trim_vref_ht | K18: NV
A19: SEPVMC | B19: OTHER | C19: SEPVMC_COMPLT5P1_FUSE_PREWRITE_CAL | F19: 0.22 | J19: NV
A20: SEPVMC | B20: OTHER | C20: sepvmc_complt5p1_fuse_read_cal | K20: NV
A21: SEPVMC | B21: OTHER | C21: SEPVMC_COMPHT5P3_FUSE_PREWRITE_CAL | F21: 0.21 | J21: NV
A22: SEPVMC | B22: OTHER | C22: sepvmc_compht5p3_fuse_read_cal | K22: NV
A23: SEPVMC | B23: FREQT2P2 | C23: PP_BRNA0_S_FULP_AN_SEPV_DLL_JTG_COD_ALLFRV_SI_FREQ_T2P2 | F23: 39.07 | H23: NV | J23: NV
A24: SEPVMC | B24: VBGST2P3 | C24: PP_BRNA0_S_FULP_AN_SEPV_DLL_JTG_COD_ALLFRV_SI_VBGS_T2P3 | F24: 45.38 | H24: NV | J24: NV
A25: SEPVMC | B25: VBGS2T2P4 | C25: PP_BRNA0_S_FULP_AN_SEPV_DLL_JTG_COD_ALLFRV_SI_VBGS2_T2P4 | F25: 41.76 | H25: NV | J25: NV
A26: SEPVMC | B26: PSTPDETT3 | C26: PP_BRNA0_S_FULP_AN_SEPV_DLL_JTG_COD_ALLFRV_SI_PSTPDET_T3 | E26: 118.16 | F26: 117.02 | G26: 148.65 | H26: NV | J26: NV
A27: SEPVMC | B27: PSTTRIMT4 | C27: PP_BRNA0_S_FULP_AN_SEPV_DLL_JTG_COD_ALLFRV_SI_PSTTRIM_T4 | E27: 117.07 | F27: 149.01 | G27: 114.99 | H27: NV | J27: NV
A28: SEPVMC | B28: COMPLT5P1 | C28: PP_BRNA0_S_FULP_AN_SEPV_DLL_JTG_COD_ALLFRV_SI_COMPL_T5P1 | E28: 37.97 | F28: 37.73 | G28: 36.28 | H28: NV | J28: NV
A29: SEPVMC | B29: COMPHT5P3 | C29: PP_BRNA0_S_FULP_AN_SEPV_DLL_JTG_COD_ALLFRV_SI_COMPH_T5P3 | E29: 69.29 | F29: 35.74 | G29: 34.34 | H29: NV | J29: NV
A30: SEPVMC | B30: LBUBT6P1 | C30: PP_BRNA0_S_FULP_AN_SEPV_DLL_JTG_COD_ALLFRV_SI_LBUB_T6P1 | E30: 238.27 | F30: 166.07 | G30: 177.22 | H30: NV | J30: NV | K30: NV
A31: SEPVMC | B31: LBUBT6P2 | C31: PP_BRNA0_S_FULP_AN_SEPV_DLL_JTG_COD_ALLFRV_SI_LBUB_T6P2 | E31: 77.24 | F31: 110.08 | G31: 110.96 | H31: NV | J31: NV | K31: NV
A32: SEPVMC | B32: LBUBT6P3 | C32: PP_BRNA0_S_FULP_AN_SEPV_DLL_JTG_COD_ALLFRV_SI_LBUB_T6P3 | E32: 77.41 | F32: 78.54 | G32: 76.61 | H32: NV | J32: NV | K32: NV
A33: SEPVMC | B33: MNPSTTRIMT4A | C33: MN_BRNA0_S_FULP_AN_SEPV_DLL_JTG_COD_ALLFRV_SI_PSTTRIM_T4A | E33: 187.57 | F33: 155.69 | G33: 153.5 | L33: LV,HV
A34: SEPVMC | B34: MNPSTTRIMT4B | C34: MN_BRNA0_S_FULP_AN_SEPV_DLL_JTG_COD_ALLFRV_SI_PSTTRIM_T4B | E34: 156.46 | F34: 186.1 | G34: 186.56 | L34: LV,HV
A35: SEPVMC | B35: MNPSTTRIMT4C | C35: MN_BRNA0_S_FULP_AN_SEPV_DLL_JTG_COD_ALLFRV_SI_PSTTRIM_T4C | E35: 188.93 | F35: 156.84 | G35: 155.65 | L35: LV,HV
A36: SEPVMC | B36: MNCOMPLT5P2 | C36: MN_BRNA0_S_FULP_AN_SEPV_DLL_JTG_COD_ALLFRV_SI_COMPL_T5P2 | E36: 31.07 | F36: 31.49 | G36: 29.75 | L36: LV,HV
A37: SEPVMC | B37: MNCOMPHT5P4 | C37: MN_BRNA0_S_FULP_AN_SEPV_DLL_JTG_COD_ALLFRV_SI_COMPH_T5P4 | E37: 139.29 | F37: 139.99 | G37: 138.97 | L37: LV,HV
A38: SEPVMC | B38: MNLBUBT6P1B | C38: MN_BRNA0_S_FULP_AN_SEPV_DLL_JTG_COD_ALLFRV_SI_LBUB_T6P1B | E38: 183.49 | F38: 205.21 | G38: 202.08 | L38: LV,HV
A39: SEPVMC | B39: MNLBUBT6P2B | C39: MN_BRNA0_S_FULP_AN_SEPV_DLL_JTG_COD_ALLFRV_SI_LBUB_T6P2B | E39: 77.42 | F39: 77.04 | G39: 75.38 | L39: LV,HV
A40: SEPVMC | B40: MNLBUBT6P3B | C40: MN_BRNA0_S_FULP_AN_SEPV_DLL_JTG_COD_ALLFRV_SI_LBUB_T6P3B | E40: 113.82 | F40: 80.19 | G40: 78.06 | L40: LV,HV
A41: SEPVMC | B41: MNTCSWEEPT9 | C41: MN_BRNA0_S_FULP_AN_SEPV_DLL_JTG_COD_ALLFRV_SI_TCSWEEP_T9 | E41: 157.51 | F41: 186.19 | G41: 189.04 | L41: LV,HV

Sheet SEPF2M
A2: Proposal for TTR | D2: Total (ms) | F2: =SUM(E5:G25) -> 1668.06
E3: CP1 (ms)
A4: Category | B4: SubBlock | C4: Pattern | D4: HIP_FailRun | E4: LV | F4: NV | G4: HV | H4: Prod CP1 | I4: Prod CP2 | J4: Prod FT1 | K4: Prod FT2 | L4: Mon | M4: T0Tx | N4: RMA Room | O4: RMA Hot
A5: SEPF2M | B5: 0P779T1P0 | C5: PP_BRNA0_S_FULP_AN_SEPF_MEA_JTG_VIX_ALLFRV_SI_0P779_T1P0 | E5: 119.84 | F5: 120.88 | G5: 120.22 | H5: NV | K5: HV
A6: SEPF2M | B6: 0P36T2P1 | C6: PP_BRNA0_S_FULP_AN_SEPF_PFF_JTG_UNS_ALLFRV_SI_0P36_T2P1 | E6: 26.94 | F6: 27.17 | G6: 25.74 | H6: NV | J6: NV
A7: SEPF2M | B7: OTHER | C7: SEPF2M_0P36T2P1_FUSE_PREWRITE_CAL | F7: 0.21 | J7: NV
A8: SEPF2M | B8: OTHER | C8: SEPF2M_0P36T2P1_FUSE_READ_CAL | F8: 0.66 | K8: NV
A9: SEPF2M | B9: OTHER | C9: SEPF2M_T2P2_TRIM_FUSE_PREWRITE_CAL | F9: 0.21 | J9: NV
A10: SEPF2M | B10: OTHER | C10: SEPF2M_T2P2_TRIM_FUSE_READ_CAL | F10: 0.64 | K10: NV
A11: SEPF2M | B11: OTHER | C11: SEPF2M_FUSE_PREWRITE_TRIM_CAP_CLK1_UCD_ATE | F11: 0.2 | J11: NV
A12: SEPF2M | B12: OTHER | C12: SEPF2M_FUSE_READ_TRIM_CAP_CLK1_UCD_ATE | F12: 0.69 | K12: NV
A13: SEPF2M | B13: OTHER | C13: SEPF2M_FUSE_PREWRITE_TRIM_CAP_CLK2_OCD_ATE | F13: 0.19 | J13: NV
A14: SEPF2M | B14: OTHER | C14: SEPF2M_FUSE_READ_HSC_TRIM_CAP_CLK2_OCD_ATE | F14: 0.65 | K14: NV
A15: SEPF2M | B15: OTHER | C15: SEPF2M_FUSE_PREWRITE_TRIM_CAP_CLK2_UCD_ATE | F15: 0.18 | J15: NV
A16: SEPF2M | B16: OTHER | C16: SEPF2M_FUSE_READ_HSC_TRIM_CAP_CLK2_UCD_ATE | F16: 0.61 | K16: NV
A17: SEPF2M | B17: OTHER | C17: SEPF2M_FUSE_PREWRITE_TRIM_CAP_CLK1_OCD_ATE | F17: 0.2 | J17: NV
A18: SEPF2M | B18: OTHER | C18: SEPF2M_FUSE_READ_TRIM_CAP_CLK1_OCD_ATE | F18: 0.66 | K18: NV
A19: SEPF2M | B19: 24MT2P2TRIM | C19: PP_BRNA0_S_FULP_AN_SEPF_PFF_JTG_UNS_ALLFRV_SI_24M_T2P2 | F19: 66.56 | H19: NV | J19: NV
A20: SEPF2M | B20: OUCD12T2P3 | C20: PP_BRNA0_S_FULP_AN_SEPF_PFF_JTG_UNS_ALLFRV_SI_OUCD12_T2P3 | E20: 102.09 | F20: 102.41 | G20: 132.54 | H20: NV | J20: NV
A21: SEPF2M | B21: OCD1T2P4 | C21: PP_BRNA0_S_FULP_AN_SEPF_PFF_JTG_UNS_ALLFRV_SI_OCD1_T2P4 | E21: 43.47 | F21: 43.21 | G21: 43.17 | H21: NV | J21: NV
A22: SEPF2M | B22: OUCD12T3P1LO | C22: PP_BRNA0_S_FULP_AN_SEPF_PFF_JTG_UNS_ALLFRV_SI_OUCD12_T3P1 | E22: 89.67 | F22: 90.17 | G22: 57.32 | H22: NV | J22: NV | K22: NV
A23: SEPF2M | B23: OUCD12T3P1HI | C23: PP_BRNA0_S_FULP_AN_SEPF_PFF_JTG_UNS_ALLFRV_SI_OUCD12_T3P1 | E23: 58.28 | F23: 60.53 | G23: 56.85 | H23: NV | J23: NV | K23: NV
A24: SEPF2M | B24: OUCD12T3P2LO | C24: PP_BRNA0_S_FULP_AN_SEPF_PFF_JTG_UNS_ALLFRV_SI_OUCD12_T3P2 | E24: 46.39 | F24: 46.07 | G24: 45.82 | H24: NV | J24: NV | K24: NV
A25: SEPF2M | B25: OUCD12T3P2HI | C25: PP_BRNA0_S_FULP_AN_SEPF_PFF_JTG_UNS_ALLFRV_SI_OUCD12_T3P2 | E25: 46.64 | F25: 45.56 | G25: 45.42 | H25: NV | J25: NV | K25: NV

Sheet MIDBIASLDO
A2: Proposal for TTR | D2: Total (ms) | F2: =SUM(E5:G7) -> 257.87
E3: CP1 (ms)
A4: Category | B4: SubBlock | C4: Pattern | D4: HIP_FailRun | E4: LV | F4: NV | G4: HV | H4: Prod CP1 | I4: Prod CP2 | J4: Prod FT1 | K4: Prod FT2 | L4: Mon | M4: T0Tx | N4: RMA Room | O4: RMA Hot
A5: MIDBIASLDO | B5: MIDLDO | C5: PP_BRNA0_C_FULP_AN_MLDO_MEA_JTG_IMX_ALLFRV_SI_MID_LDO | E5: 29.16 | F5: 30.79 | G5: 28.76 | H5: LV,HV | I5: LV,HV | J5: LV,HV | K5: LV,HV
A6: MIDBIASLDO | B6: MNMIDLDODYN | C6: MN_BRNA0_C_FULP_AN_MLDO_MEA_JTG_IMX_ALLFRV_SI_MID_LDODYN | E6: 23.43 | F6: 23.41 | G6: 23.21 | L6: LV,HV
A7: MIDBIASLDO | B7: MNMIDLDO | C7: MN_BRNA0_C_FULP_AN_MLDO_MEA_JTG_IMX_ALLFRV_SI_MID_LDO | E7: 23.13 | F7: 52.97 | G7: 23.01 | L7: LV,HV

Sheet ADC
A2: Proposal for TTR | D2: Total (ms) | F2: =SUM(E5:G47) -> 9962.66
E3: CP1 (ms)
A4: Category | B4: SubBlock | C4: Pattern | D4: HIP_FailRun | E4: LV | F4: NV | G4: HV | H4: Prod CP1 | I4: Prod CP2 | J4: Prod FT1 | K4: Prod FT2 | L4: Mon | M4: T0Tx | N4: RMA Room | O4: RMA Hot
A5: ADC | B5: IDDQT1 | C5: PP_BRNA0_C_FULP_AN_AQ00_IDS_JTG_IMX_ALLFRV_SI_IDDQ_T1 | E5: 29.43 | F5: 29.51 | G5: 28.45 | J5: HV | K5: HV
A6: ADC | B6: REFTRIMT2RTDEFAULT | C6: PP_BRNA0_C_FULP_AN_AQ00_DLL_JTG_CAL_ALLFRV_SI_REFTRIM_T2 | F6: 2325.78 | J6: NV
A7: ADC | B7: OTHER | C7: ADC_FUSE_PREWRITE_SOC_VREF_25C_CAL | F7: 0.26 | J7: NV
A8: ADC | B8: OTHER | C8: ADC_FUSE_READ_SOC_VREF_25C_CAL | F8: 0.7 | K8: NV
A9: ADC | B9: OTHER | C9: ADC_FUSE_PREWRITE_ACCP_VREF_25C_CAL | F9: 0.22 | J9: NV
A10: ADC | B10: OTHER | C10: ADC_FUSE_READ_ACCP_VREF_25C_CAL | F10: 29.66 | K10: NV
A11: ADC | B11: OTHER | C11: ADC_FUSE_PREWRITE_ACCE_VREF_25C_CAL | F11: 5.08 | J11: NV
A12: ADC | B12: OTHER | C12: ADC_FUSE_READ_ACCE_VREF_25C_CAL | F12: 0.77 | K12: NV
A13: ADC | B13: OTHER | C13: ADC_FUSE_PREWRITE_REFERENCE_SCALE_DIG_25_S_CAL | F13: 0.19 | J13: NV
A14: ADC | B14: OTHER | C14: ADC_FUSE_READ_REFERENCE_SCALE_DIG_25_S_CAL | F14: 0.61 | K14: NV
A15: ADC | B15: OTHER | C15: ADC_FUSE_PREWRITE_REFERENCE_SCALE_DIG_25_P_CAL | F15: 0.17 | J15: NV
A16: ADC | B16: OTHER | C16: ADC_FUSE_READ_REFERENCE_SCALE_DIG_25_P_CAL | F16: 0.57 | K16: NV
A17: ADC | B17: OTHER | C17: ADC_FUSE_PREWRITE_REFERENCE_SCALE_DIG_25_E_CAL | F17: 0.17 | J17: NV
A18: ADC | B18: OTHER | C18: ADC_FUSE_READ_REFERENCE_SCALE_DIG_25_E_CAL | F18: 0.57 | K18: NV
A19: ADC | B19: OTHER | C19: ADC_FUSE_PREWRITE_SOC_TEMPCO_25C_CAL | F19: 0.24
A20: ADC | B20: OTHER | C20: ADC_FUSE_READ_SOC_TEMPCO_25C_CAL | F20: 0.67
A21: ADC | B21: OTHER | C21: ADC_FUSE_PREWRITE_ACCP_TEMPCO_25C_CAL | F21: 0.18
A22: ADC | B22: OTHER | C22: ADC_FUSE_READ_ACCP_TEMPCO_25C_CAL | F22: 0.76
A23: ADC | B23: OTHER | C23: ADC_FUSE_PREWRITE_ACCE_TEMPCO_25C_CAL | F23: 0.21 | J23: NV
A24: ADC | B24: OTHER | C24: ADC_FUSE_READ_ACCE_TEMPCO_25C_CAL | F24: 0.69 | K24: NV
A25: ADC | B25: OTHER | C25: ADC_FUSE_PREWRITE_SOC_VREF_CAL | F25: 0.25 | K25: NV
A26: ADC | B26: OTHER | C26: ADC_FUSE_READ_SOC_VREF_CAL | F26: 0.68
A27: ADC | B27: OTHER | C27: ADC_FUSE_PREWRITE_ACCP_VREF_CAL | F27: 0.19 | K27: NV
A28: ADC | B28: OTHER | C28: ADC_FUSE_READ_ACCP_VREF_CAL | F28: 0.62
A29: ADC | B29: OTHER | C29: ADC_FUSE_PREWRITE_ACCE_VREF_CAL | F29: 0.17 | K29: NV
A30: ADC | B30: OTHER | C30: ADC_FUSE_READ_ACCE_VREF_CAL | F30: 28.03
A31: ADC | B31: OTHER | C31: ADC_FUSE_PREWRITE_REFERENCE_SCALE_DIG_S_CAL | F31: 3.28 | K31: NV
A32: ADC | B32: OTHER | C32: ADC_FUSE_READ_REFERENCE_SCALE_DIG_S_CAL | F32: 3.49
A33: ADC | B33: OTHER | C33: ADC_FUSE_PREWRITE_REFERENCE_SCALE_DIG_P_CAL | F33: 0.2 | K33: NV
A34: ADC | B34: OTHER | C34: ADC_FUSE_READ_REFERENCE_SCALE_DIG_P_CAL | F34: 0.62
A35: ADC | B35: OTHER | C35: ADC_FUSE_PREWRITE_REFERENCE_SCALE_DIG_E_CAL | F35: 0.17 | K35: NV
A36: ADC | B36: OTHER | C36: ADC_FUSE_READ_REFERENCE_SCALE_DIG_E_CAL | F36: 0.61
A37: ADC | B37: OTHER | C37: ADC_FUSE_PREWRITE_SOC_TEMPCO_CAL | F37: 0.25
A38: ADC | B38: OTHER | C38: ADC_FUSE_READ_SOC_TEMPCO_CAL | F38: 0.69
A39: ADC | B39: OTHER | C39: ADC_FUSE_PREWRITE_ACCP_TEMPCO_CAL | F39: 0.19
A40: ADC | B40: OTHER | C40: ADC_FUSE_READ_ACCP_TEMPCO_CAL | F40: 0.61
A41: ADC | B41: OTHER | C41: ADC_FUSE_PREWRITE_ACCE_TEMPCO_CAL | F41: 0.17
A42: ADC | B42: OTHER | C42: ADC_FUSE_READ_ACCE_TEMPCO_CAL | F42: 0.68
A43: ADC | B43: REFTRIMT2RTANOTHER | C43: PP_BRNA0_C_FULP_AN_AQ00_DLL_JTG_CAL_ALLFRV_SI_REFTRIM_T2 | F43: 2312.68
A44: ADC | B44: REFTRIMT2HTDEFAULT | C44: PP_BRNA0_C_FULP_AN_AQ00_DLL_JTG_CAL_ALLFRV_SI_REFTRIM_T2 | F44: 2306.82 | K44: NV
A45: ADC | B45: REFTRIMT2HTANOTHER | C45: PP_BRNA0_C_FULP_AN_AQ00_DLL_JTG_CAL_ALLFRV_SI_REFTRIM_T2 | F45: 2591.2
A46: ADC | B46: ADCSOCT3 | C46: PP_BRNA0_C_FULP_AN_AQ00_DLL_JTG_CAL_ALLFRV_SI_ADCSOC_T3 | E46: 40.94 | F46: 33.6 | G46: 38.28 | K46: NV
A47: ADC | B47: REFCONVT4 | C47: PP_BRNA0_C_FULP_AN_AQ00_DLL_JTG_IMX_ALLFRV_SI_REFCONV_T4 | E47: 47.35 | F47: 50.28 | G47: 45.72 | K47: NV

Sheet ACIOPHY
A2: Proposal for TTR | D2: Total (ms) | F2: =SUM(E5:G46) -> 16157
E3: CP1 (ms)
A4: Category | B4: SubBlock | C4: Pattern | D4: HIP_FailRun | E4: LV | F4: NV | G4: HV | H4: Prod CP1 | I4: Prod CP2 | J4: Prod FT1 | K4: Prod FT2 | L4: Mon | M4: T0Tx | N4: RMA Room | O4: RMA Hot
A5: ACIOPHY | B5: AUXAUXIMPSW_MULTIPLE | C5: PP_BRNA0_S_FULP_AN_CIAX_MEA_JTG_VMX_ALLFRV_SI_AUX_AUXIMPSW | F5: 355.62 | H5: NV
A6: ACIOPHY | B6: OTHER | C6: ACIOPHY_AUXTRIM_FUSE_PREWRITE_CAL | F6: 0.24 | H6: NV
A7: ACIOPHY | B7: OTHER | C7: ACIOPHY_AUXTRIM_FUSE_READ_CAL | F7: 0.67 | I7: NV | J7: NV | K7: NV
A8: ACIOPHY | B8: CMNCMNVOLT_MULTIPLE | C8: PP_BRNA0_S_FULP_AN_CICM_MEA_JTG_VMX_ALLFRV_SI_CMN_CMNVOLT | E8: 279.88 | F8: 235.47 | G8: 248.44 | H8: NV | J8: NV
A9: ACIOPHY | B9: TXTIMPMEAS_MULTIPLE | C9: PP_BRNA0_S_FULP_AN_CITX_MEA_JTG_VMX_ALLFRV_SI_TX_TIMPMEAS | E9: 52.29 | F9: 81.49 | G9: 52.12 | H9: NV | J9: NV
A10: ACIOPHY | B10: TXHIZLEAK_MULTIPLE | C10: PP_BRNA0_S_FULP_AN_CITX_MEA_JTG_VMX_ALLFRV_SI_TX_HIZLEAK | E10: 42.98 | F10: 43.76 | G10: 42.84 | H10: HV | I10: HV | J10: HV | K10: HV
A11: ACIOPHY | B11: TXTXSWING_MULTIPLE | C11: PP_BRNA0_S_FULP_AN_CITX_MEA_JTG_VMX_ALLFRV_SI_TX_TXSWING | E11: 112.31 | F11: 112.31 | G11: 147.66 | H11: LV,HV | I11: LV,HV | J11: LV,HV | K11: LV,HV
A12: ACIOPHY | B12: TXCIOFREQ_MULTIPLE | C12: PP_BRNA0_S_FULP_AN_CITX_MEA_JTG_FRQ_ALLFRV_SI_TX_CIOFREQ | E12: 42.59 | F12: 42.77 | G12: 42.88 | H12: LV,HV | I12: LV,HV | J12: LV,HV | K12: LV,HV
A13: ACIOPHY | B13: TXRXDET_MULTIPLE | C13: PP_BRNA0_S_FULP_AN_CITX_MEA_JTG_VMX_ALLFRV_SI_TX_RXDET | E13: 38.51 | F13: 38.44 | G13: 38.57 | H13: LV,HV | I13: LV,HV | J13: LV,HV | K13: LV,HV
A14: ACIOPHY | B14: TXCMFC_MULTIPLE | C14: PP_BRNA0_S_FULP_AN_CITX_MEA_JTG_VMX_ALLFRV_SI_TX_CMFC | E14: 56.65 | F14: 55.6 | G14: 56.46 | H14: LV,HV | I14: LV,HV | J14: LV,HV | K14: LV,HV
A15: ACIOPHY | B15: RXRIMPMEAS_MULTIPLE | C15: PP_BRNA0_S_FULP_AN_CIRX_MEA_JTG_VMX_ALLFRV_SI_RX_RIMPMEAS | E15: 105.69 | F15: 66.19 | G15: 67.17 | H15: LV,HV | I15: LV,HV | J15: LV,HV | K15: LV,HV
A16: ACIOPHY | B16: RXEIHILO_MULTIPLE | C16: PP_BRNA0_S_FULP_AN_CIRX_MEA_JTG_VMX_ALLFRV_SI_RX_EIHILO | E16: 34.87 | F16: 35.09 | G16: 33.83 | H16: LV,HV | I16: LV,HV | J16: LV,HV | K16: LV,HV
A17: ACIOPHY | B17: RXTXDPFREQ_MULTIPLE | C17: PP_BRNA0_S_FULP_AN_CIRX_MEA_JTG_FRQ_ALLFRV_SI_RXTX_DPFREQ | E17: 46.57 | F17: 49.11 | G17: 46.76 | H17: LV,HV | I17: LV,HV | J17: LV,HV | K17: LV,HV
A18: ACIOPHY | B18: ELBUSBG1DP2_MULTIPLE | C18: PP_BRNA0_S_FULP_AN_CIPH_BST_JTG_ELB_ALLFRV_SI_ELB_USBG1DP2 | E18: 46.86 | F18: 48.4 | G18: 46.95 | H18: LV,HV | I18: LV,HV | J18: LV,HV | K18: LV,HV
A19: ACIOPHY | B19: ELBDP2USBG1_MULTIPLE | C19: PP_BRNA0_S_FULP_AN_CIPH_BST_JTG_ELB_ALLFRV_SI_ELB_DP2USBG1 | E19: 38.75 | F19: 72.07 | G19: 38.31 | H19: LV,HV | I19: LV,HV | J19: LV,HV | K19: LV,HV
A20: ACIOPHY | B20: ELBUSBG2DP3_MULTIPLE | C20: PP_BRNA0_S_FULP_AN_CIPH_BST_JTG_ELB_ALLFRV_SI_ELB_USBG2DP3 | E20: 42.68 | F20: 44.95 | G20: 72.8 | H20: LV,HV | I20: LV,HV | J20: LV,HV | K20: LV,HV
A21: ACIOPHY | B21: ELBDP3USBG2_MULTIPLE | C21: PP_BRNA0_S_FULP_AN_CIPH_BST_JTG_ELB_ALLFRV_SI_ELB_DP3USBG2 | E21: 42.81 | F21: 43.58 | G21: 45.77 | H21: LV,HV | I21: LV,HV | J21: LV,HV | K21: LV,HV
A22: ACIOPHY | B22: PWRUSBG1_MULTIPLE | C22: PP_BRNA0_S_FULP_AN_CIPH_MEA_JTG_IMX_ALLFRV_SI_PWR_USBG1 | E22: 56.35 | F22: 56.69 | G22: 56.98 | K22: HV
A23: ACIOPHY | B23: PWRUSBG2_MULTIPLE | C23: PP_BRNA0_S_FULP_AN_CIPH_MEA_JTG_IMX_ALLFRV_SI_PWR_USBG2 | E23: 175.84 | F23: 139.07 | G23: 140.53 | K23: HV
A24: ACIOPHY | B24: PWRDPX4HBR3_MULTIPLE | C24: PP_BRNA0_S_FULP_AN_CIPH_MEA_JTG_IMX_ALLFRV_SI_PWR_DPX4HBR3 | E24: 73.97 | F24: 73.71 | G24: 74.22 | H24: LV,HV | I24: LV,HV | J24: LV,HV | K24: LV,HV
A25: ACIOPHY | B25: AUXAUXSWING_MULTIPLE | C25: PP_BRNA0_S_FULP_AN_CIAX_MEA_JTG_VMX_ALLFRV_SI_AUX_AUXSWING | E25: 55.8 | F25: 89.4 | G25: 54.88 | H25: LV,HV | I25: LV,HV | J25: LV,HV | K25: LV,HV
A26: ACIOPHY | B26: AUXAUXRXHL_MULTIPLE | C26: PP_BRNA0_S_FULP_AN_CIAX_MEA_JTG_VMX_ALLFRV_SI_AUX_AUXRXHL | E26: 26.43 | F26: 30.59 | G26: 26.2 | H26: LV,HV | I26: LV,HV | J26: LV,HV | K26: LV,HV
A27: ACIOPHY | B27: SHMREGRDWR_MULTIPLE | C27: PP_BRNA0_S_FULP_AN_CIPH_MEA_JTG_FUN_ALLFRV_SI_SHM_REGRDWR | E27: 37.16 | F27: 37.68 | G27: 76.61
A28: ACIOPHY | B28: RXDACMONO_MULTIPLE | C28: PP_BRNA0_S_FULP_AN_CIPH_MEA_JTG_VMX_ALLFRV_SI_RXDAC_MONO | E28: 53.86 | F28: 54.77 | G28: 55.05 | H28: LV,HV | I28: LV,HV | J28: LV,HV | K28: LV,HV
A29: ACIOPHY | B29: MNRXDCOBISWPA_MULTIPLE | C29: MN_BRNA0_S_FULP_AN_CIRX_MEA_JTG_FRQ_ALLFRV_SI_RX_DCOBISWP | F29: 878.39
A30: ACIOPHY | B30: MNRXDCOBISWPB_MULTIPLE | C30: MN_BRNA0_S_FULP_AN_CIRX_MEA_JTG_FRQ_ALLFRV_SI_RX_DCOBISWP | F30: 919.2
A31: ACIOPHY | B31: MNRXDCOBISWPC_MULTIPLE | C31: MN_BRNA0_S_FULP_AN_CIRX_MEA_JTG_FRQ_ALLFRV_SI_RX_DCOBISWP | F31: 888.43
A32: ACIOPHY | B32: MNRXDCOBISWPD_MULTIPLE | C32: MN_BRNA0_S_FULP_AN_CIRX_MEA_JTG_FRQ_ALLFRV_SI_RX_DCOBISWP | F32: 918.08
A33: ACIOPHY | B33: MNRXDCOCRSWPA_MULTIPLE | C33: MN_BRNA0_S_FULP_AN_CIRX_MEA_JTG_FRQ_ALLFRV_SI_RX_DCOCRSWP | E33: 226.24 | F33: 196.02 | G33: 191.23
A34: ACIOPHY | B34: MNRXDCOCRSWPB_MULTIPLE | C34: MN_BRNA0_S_FULP_AN_CIRX_MEA_JTG_FRQ_ALLFRV_SI_RX_DCOCRSWP | E34: 197.2 | F34: 197.48 | G34: 196.6
A35: ACIOPHY | B35: MNRXDCOCRSWPC_MULTIPLE | C35: MN_BRNA0_S_FULP_AN_CIRX_MEA_JTG_FRQ_ALLFRV_SI_RX_DCOCRSWP | E35: 195.01 | F35: 224.94 | G35: 225.55
A36: ACIOPHY | B36: MNRXDCOCRSWPD_MULTIPLE | C36: MN_BRNA0_S_FULP_AN_CIRX_MEA_JTG_FRQ_ALLFRV_SI_RX_DCOCRSWP | E36: 224.5 | F36: 196.1 | G36: 198.49
A37: ACIOPHY | B37: MNRXDCOFNSWPA_MULTIPLE | C37: MN_BRNA0_S_FULP_AN_CIRX_MEA_JTG_FRQ_ALLFRV_SI_RX_DCOFNSWP | E37: 76.19 | F37: 78.02 | G37: 74.34
A38: ACIOPHY | B38: MNRXDCOFNSWPB_MULTIPLE | C38: MN_BRNA0_S_FULP_AN_CIRX_MEA_JTG_FRQ_ALLFRV_SI_RX_DCOFNSWP | E38: 74.56 | F38: 76.03 | G38: 74.22
A39: ACIOPHY | B39: MNRXDCOFNSWPC_MULTIPLE | C39: MN_BRNA0_S_FULP_AN_CIRX_MEA_JTG_FRQ_ALLFRV_SI_RX_DCOFNSWP | E39: 74.1 | F39: 139.58 | G39: 103.38
A40: ACIOPHY | B40: MNRXDCOFNSWPD_MULTIPLE | C40: MN_BRNA0_S_FULP_AN_CIRX_MEA_JTG_FRQ_ALLFRV_SI_RX_DCOFNSWP | E40: 74.81 | F40: 75.61 | G40: 76.35
A41: ACIOPHY | B41: MNRXDACMEAS_MULTIPLE | C41: MN_BRNA0_S_FULP_AN_CIRX_MEA_JTG_VMX_ALLFRV_SI_RX_DACMEAS | E41: 377.27 | F41: 345.35 | G41: 349.52
A42: ACIOPHY | B42: MNELBLONGUSBG1DP2_MULTIPLE | C42: MN_BRNA0_S_FULP_AN_CIPH_BST_JTG_ELB_ALLFRV_SI_ELBLONG_USBG1DP2 | D42: ELBUSBG1DP2_MULTIPLE | E42: 248.07 | F42: 246.68 | G42: 248.05
A43: ACIOPHY | B43: MNELBLONGDP2USBG1_MULTIPLE | C43: MN_BRNA0_S_FULP_AN_CIPH_BST_JTG_ELB_ALLFRV_SI_ELBLONG_DP2USBG1 | D43: ELBDP2USBG1_MULTIPLE | E43: 255.63 | F43: 258.02 | G43: 255.95
A44: ACIOPHY | B44: MNELBLONGUSBG2DP3_MULTIPLE | C44: MN_BRNA0_S_FULP_AN_CIPH_BST_JTG_ELB_ALLFRV_SI_ELBLONG_USBG2DP3 | D44: ELBUSBG2DP3_MULTIPLE | E44: 266.45 | F44: 266.9 | G44: 265.59
A45: ACIOPHY | B45: MNELBLONGDP3USBG2_MULTIPLE | C45: MN_BRNA0_S_FULP_AN_CIPH_BST_JTG_ELB_ALLFRV_SI_ELBLONG_DP3USBG2 | D45: ELBDP3USBG2_MULTIPLE | E45: 266.3 | F45: 267.67 | G45: 267.68
A46: ACIOPHY | B46: MNELBISIM_MULTIPLE | C46: MN_BRNA0_S_FULP_AN_CIPH_BST_JTG_ELB_ALLFRV_SI_ELB_ISIM | E46: 54.72 | F46: 55.82 | G46: 55.13

Sheet ACIPHY
A2: Proposal for TTR | D2: Total (ms) | F2: =SUM(E5:G79) -> 148166.9
E3: CP1 (ms)
A4: Category | B4: SubBlock | C4: Pattern | D4: HIP_FailRun | E4: LV | F4: NV | G4: HV | H4: Prod CP1 | I4: Prod CP2 | J4: Prod FT1 | K4: Prod FT2 | L4: Mon | M4: T0Tx | N4: RMA Room | O4: RMA Hot
A5: ACIPHY | B5: OTHER | C5: ACIPHY_L5L4_SELECT | F5: 21.86 | H5: LV,NV,HV | I5: LV,NV,HV | J5: LV,NV,HV | K5: LV,NV,HV
A6: ACIPHY | B6: OTHER | C6: ACIPHY_AUXTRIMTXIMPSWP_FUSE_PREWRITE_CAL | F6: 0.25 | H6: NV
A7: ACIPHY | B7: OTHER | C7: ACIPHY_AUXTRIMTXIMPSWP_FUSE_READ_CAL | F7: 1.04 | I7: NV | J7: NV | K7: NV
A8: ACIPHY | B8: OTHER | C8: ACIPHY_L5L6_SELECT | F8: 8.34 | H8: LV,NV,HV | I8: LV,NV,HV | J8: LV,NV,HV | K8: LV,NV,HV
A9: ACIPHY | B9: AUXTRIMTXIMPSWP_MULTIPLE | C9: PP_BRNA0_S_FULP_AN_RXCM_MEA_JTG_VMX_ALLFRV_SI_AUXTRIM_TXIMPSWP | F9: 360.74 | H9: NV | J9: NV
A10: ACIPHY | B10: CMNCMNVOLT_MULTIPLE | C10: PP_BRNA0_S_FULP_AN_RXCM_MEA_JTG_VMX_ALLFRV_SI_CMN_CMNVOLT | E10: 155.73 | F10: 111.2 | G10: 154.78 | H10: NV | J10: NV
A11: ACIPHY | B11: SHMREGRDWR_MULTIPLE | C11: PP_BRNA0_S_FULP_AN_RXPH_MEA_JTG_FUN_ALLFRV_SI_SHM_REGRDWR | E11: 136.7 | F11: 136.73 | G11: 136.68
A12: ACIPHY | B12: RXDACMONO_MULTIPLE | C12: PP_BRNA0_S_FULP_AN_RXPH_MEA_JTG_VMX_ALLFRV_SI_RXDAC_MONO | E12: 103.06 | F12: 131.62 | G12: 130.72 | H12: LV,HV | I12: LV,HV | J12: LV,HV | K12: LV,HV
A13: ACIPHY | B13: ODDELB2P7_MULTIPLE | C13: PP_BRNA0_S_FULP_AN_RXPH_BST_JTG_ELB_ALLFRV_SI_ODD_ELB2P7 | E13: 81.86 | F13: 82.47 | G13: 54.12 | H13: LV,HV | I13: LV,HV | J13: LV,HV | K13: LV,HV
A14: ACIPHY | B14: EVENELB2P7_MULTIPLE | C14: PP_BRNA0_S_FULP_AN_RXPH_BST_JTG_ELB_ALLFRV_SI_EVEN_ELB2P7 | E14: 52.71 | F14: 54.12 | G14: 53.87 | H14: LV,HV | I14: LV,HV | J14: LV,HV | K14: LV,HV
A15: ACIPHY | B15: ODDELB5P4_MULTIPLE | C15: PP_BRNA0_S_FULP_AN_RXPH_BST_JTG_ELB_ALLFRV_SI_ODD_ELB5P4 | E15: 52.49 | F15: 53.14 | G15: 83.08 | H15: LV,HV | I15: LV,HV | J15: LV,HV | K15: LV,HV
A16: ACIPHY | B16: EVENELB5P4_MULTIPLE | C16: PP_BRNA0_S_FULP_AN_RXPH_BST_JTG_ELB_ALLFRV_SI_EVEN_ELB5P4 | E16: 52.68 | F16: 55.78 | G16: 54.41 | H16: LV,HV | I16: LV,HV | J16: LV,HV | K16: LV,HV
A17: ACIPHY | B17: ODDELB9P6_MULTIPLE | C17: PP_BRNA0_S_FULP_AN_RXPH_BST_JTG_ELB_ALLFRV_SI_ODD_ELB9P6 | E17: 81.88 | F17: 82.71 | G17: 54.07 | H17: LV,HV | I17: LV,HV | J17: LV,HV | K17: LV,HV
A18: ACIPHY | B18: EVENELB9P6_MULTIPLE | C18: PP_BRNA0_S_FULP_AN_RXPH_BST_JTG_ELB_ALLFRV_SI_EVEN_ELB9P6 | E18: 53.86 | F18: 54.15 | G18: 55.33 | H18: LV,HV | I18: LV,HV | J18: LV,HV | K18: LV,HV
A19: ACIPHY | B19: ODDELB14P0_MULTIPLE | C19: PP_BRNA0_S_FULP_AN_RXPH_BST_JTG_ELB_ALLFRV_SI_ODD_ELB14P0 | E19: 79.69 | F19: 79.73 | G19: 113.66 | H19: LV,HV | I19: LV,HV | J19: LV,HV | K19: LV,HV
A20: ACIPHY | B20: EVENELB14P0_MULTIPLE | C20: PP_BRNA0_S_FULP_AN_RXPH_BST_JTG_ELB_ALLFRV_SI_EVEN_ELB14P0 | E20: 112.96 | F20: 107.66 | G20: 79.9 | H20: LV,HV | I20: LV,HV | J20: LV,HV | K20: LV,HV
A21: ACIPHY | B21: ODDPWRELB2P7_MULTIPLE | C21: PP_BRNA0_S_FULP_AN_RXPH_BST_JTG_ELB_ALLFRV_SI_ODDPWR_ELB2P7 | E21: 50.95 | F21: 51.05 | G21: 50.69 | K21: HV
A22: ACIPHY | B22: EVENPWRELB2P7_MULTIPLE | C22: PP_BRNA0_S_FULP_AN_RXPH_BST_JTG_ELB_ALLFRV_SI_EVENPWR_ELB2P7 | E22: 49.28 | F22: 49.43 | G22: 79.72 | K22: HV
A23: ACIPHY | B23: ODDPWRELB5P4_MULTIPLE | C23: PP_BRNA0_S_FULP_AN_RXPH_BST_JTG_ELB_ALLFRV_SI_ODDPWR_ELB5P4 | E23: 49.39 | F23: 49.01 | G23: 49.91 | K23: HV
A24: ACIPHY | B24: EVENPWRELB5P4_MULTIPLE | C24: PP_BRNA0_S_FULP_AN_RXPH_BST_JTG_ELB_ALLFRV_SI_EVENPWR_ELB5P4 | E24: 68.15 | F24: 49.48 | G24: 49.16 | K24: HV
A25: ACIPHY | B25: ODDPWRELB9P6_MULTIPLE | C25: PP_BRNA0_S_FULP_AN_RXPH_BST_JTG_ELB_ALLFRV_SI_ODDPWR_ELB9P6 | E25: 52.34 | F25: 52.05 | G25: 50.87 | K25: HV
A26: ACIPHY | B26: EVENPWRELB9P6_MULTIPLE | C26: PP_BRNA0_S_FULP_AN_RXPH_BST_JTG_ELB_ALLFRV_SI_EVENPWR_ELB9P6 | E26: 51.29 | F26: 80.97 | G26: 50.4 | K26: HV
A27: ACIPHY | B27: ODDPWRELB14P0_MULTIPLE | C27: PP_BRNA0_S_FULP_AN_RXPH_BST_JTG_ELB_ALLFRV_SI_ODDPWR_ELB14P0 | E27: 53.92 | F27: 53.65 | G27: 52.92 | K27: HV
A28: ACIPHY | B28: EVENPWRELB14P0_MULTIPLE | C28: PP_BRNA0_S_FULP_AN_RXPH_BST_JTG_ELB_ALLFRV_SI_EVENPWR_ELB14P0 | E28: 53.12 | F28: 53.11 | G28: 82.95 | K28: HV
A29: ACIPHY | B29: RXRIMPMEAS_MULTIPLE | C29: PP_BRNA0_S_FULP_AN_RXRX_MEA_JTG_VMX_ALLFRV_SI_RX_RIMPMEAS | E29: 135.75 | F29: 92.3 | G29: 98.34 | H29: LV,HV | I29: LV,HV | J29: LV,HV | K29: LV,HV
A30: ACIPHY | B30: RXODDFCNT9P6_MULTIPLE | C30: PP_BRNA0_S_FULP_AN_RXRX_MEA_JTG_VMX_ALLFRV_SI_RXODD_FCNT9P6 | E30: 36.53 | F30: 76.25 | G30: 37.65 | H30: LV,HV | I30: LV,HV | J30: LV,HV | K30: LV,HV
A31: ACIPHY | B31: RXEVENFCNT9P6_MULTIPLE | C31: PP_BRNA0_S_FULP_AN_RXRX_MEA_JTG_VMX_ALLFRV_SI_RXEVEN_FCNT9P6 | E31: 34.4 | F31: 36.12 | G31: 37.29 | H31: LV,HV | I31: LV,HV | J31: LV,HV | K31: LV,HV
A32: ACIPHY | B32: RXODDFCNT14P0_MULTIPLE | C32: PP_BRNA0_S_FULP_AN_RXRX_MEA_JTG_VMX_ALLFRV_SI_RXODD_FCNT14P0 | E32: 36.55 | F32: 36.97 | G32: 37.26 | H32: LV,HV | I32: LV,HV | J32: LV,HV | K32: LV,HV
A33: ACIPHY | B33: RXEVENFCNT14P0_MULTIPLE | C33: PP_BRNA0_S_FULP_AN_RXRX_MEA_JTG_VMX_ALLFRV_SI_RXEVEN_FCNT14P0 | E33: 36.02 | F33: 36.73 | G33: 72.44 | H33: LV,HV | I33: LV,HV | J33: LV,HV | K33: LV,HV
A34: ACIPHY | B34: RXEIEVEN_MULTIPLE | C34: PP_BRNA0_S_FULP_AN_RXRX_MEA_JTG_VMX_ALLFRV_SI_RXEI_EVEN | E34: 69.15 | F34: 38.97 | G34: 38.6 | H34: LV,HV | I34: LV,HV | J34: LV,HV | K34: LV,HV
A35: ACIPHY | B35: RXEIODD_MULTIPLE | C35: PP_BRNA0_S_FULP_AN_RXRX_MEA_JTG_VMX_ALLFRV_SI_RXEI_ODD | E35: 40.59 | F35: 66.55 | G35: 38.03 | H35: LV,HV | I35: LV,HV | J35: LV,HV | K35: LV,HV
A36: ACIPHY | B36: AUXAUXTERM_MULTIPLE | C36: PP_BRNA0_S_FULP_AN_RXAX_MEA_JTG_VMX_ALLFRV_SI_AUX_AUXTERM | E36: 342 | F36: 345.1 | G36: 367.11 | H36: LV,HV | I36: LV,HV | J36: LV,HV | K36: LV,HV
A37: ACIPHY | B37: AUXRXSEN50LH_MULTIPLE | C37: PP_BRNA0_S_FULP_AN_RXAX_MEA_JTG_VMX_ALLFRV_SI_AUX_RXSEN | E37: 59.82 | F37: 31.01 | G37: 30.67 | H37: LV,HV | I37: LV,HV | J37: LV,HV | K37: LV,HV
A38: ACIPHY | B38: AUXRXSEN100LH_MULTIPLE | C38: PP_BRNA0_S_FULP_AN_RXAX_MEA_JTG_VMX_ALLFRV_SI_AUX_RXSEN | E38: 37.65 | F38: 38.02 | G38: 37.75 | H38: LV,HV | I38: LV,HV | J38: LV,HV | K38: LV,HV
A39: ACIPHY | B39: MNODDLONGELB2P7_MULTIPLE | C39: MN_BRNA0_S_FULP_AN_RXPH_BST_JTG_ELB_ALLFRV_SI_ODDLONG_ELB2P7 | D39: ODDELB2P7_MULTIPLE | E39: 7795.02 | F39: 7828.06 | G39: 7781.76
A40: ACIPHY | B40: MNEVENLONGELB2P7_MULTIPLE | C40: MN_BRNA0_S_FULP_AN_RXPH_BST_JTG_ELB_ALLFRV_SI_EVENLONG_ELB2P7 | D40: EVENELB2P7_MULTIPLE | E40: 7792.09 | F40: 7802.54 | G40: 7806.97
A41: ACIPHY | B41: MNODDLONGELB5P4_MULTIPLE | C41: MN_BRNA0_S_FULP_AN_RXPH_BST_JTG_ELB_ALLFRV_SI_ODDLONG_ELB5P4 | D41: ODDELB5P4_MULTIPLE | E41: 4395.82 | F41: 4401.11 | G41: 4402.14
A42: ACIPHY | B42: MNEVENLONGELB5P4_MULTIPLE | C42: MN_BRNA0_S_FULP_AN_RXPH_BST_JTG_ELB_ALLFRV_SI_EVENLONG_ELB5P4 | D42: EVENELB5P4_MULTIPLE | E42: 4401.27 | F42: 4405.4 | G42: 4442.19
A43: ACIPHY | B43: MNODDLONGELB9P6_MULTIPLE | C43: MN_BRNA0_S_FULP_AN_RXPH_BST_JTG_ELB_ALLFRV_SI_ODDLONG_ELB9P6 | D43: ODDELB9P6_MULTIPLE | E43: 2923.83 | F43: 2919.7 | G43: 2916.91
A44: ACIPHY | B44: MNEVENLONGELB9P6_MULTIPLE | C44: MN_BRNA0_S_FULP_AN_RXPH_BST_JTG_ELB_ALLFRV_SI_EVENLONG_ELB9P6 | D44: EVENELB9P6_MULTIPLE | E44: 2897.79 | F44: 2913.88 | G44: 2944.68
A45: ACIPHY | B45: MNODDLONGELB14P0_MULTIPLE | C45: MN_BRNA0_S_FULP_AN_RXPH_BST_JTG_ELB_ALLFRV_SI_ODDLONG_ELB14P0 | E45: 1925.27 | F45: 1839.04 | G45: 1981.88 | H45: LV | I45: LV | J45: LV | K45: LV
A46: ACIPHY | B46: MNEVENLONGELB14P0_MULTIPLE | C46: MN_BRNA0_S_FULP_AN_RXPH_BST_JTG_ELB_ALLFRV_SI_EVENLONG_ELB14P0 | E46: 1925.27 | F46: 1839.04 | G46: 1981.88 | H46: LV | I46: LV | J46: LV | K46: LV
A47: ACIPHY | B47: MNRXDCOBISWPA_MULTIPLE | C47: MN_BRNA0_S_FULP_AN_RXRX_MEA_JTG_FRQ_ALLFRV_SI_RX_DCOBISWP | F47: 1197.26
A48: ACIPHY | B48: MNRXDCOBISWPB_MULTIPLE | C48: MN_BRNA0_S_FULP_AN_RXRX_MEA_JTG_FRQ_ALLFRV_SI_RX_DCOBISWP | F48: 1187.71
A49: ACIPHY | B49: MNRXDCOBISWPC_MULTIPLE | C49: MN_BRNA0_S_FULP_AN_RXRX_MEA_JTG_FRQ_ALLFRV_SI_RX_DCOBISWP | F49: 1188.73
A50: ACIPHY | B50: MNRXDCOBISWPD_MULTIPLE | C50: MN_BRNA0_S_FULP_AN_RXRX_MEA_JTG_FRQ_ALLFRV_SI_RX_DCOBISWP | F50: 1193.24
A51: ACIPHY | B51: MNRXDCOBISWPE_MULTIPLE | C51: MN_BRNA0_S_FULP_AN_RXRX_MEA_JTG_FRQ_ALLFRV_SI_RX_DCOBISWP | F51: 1201.97
A52: ACIPHY | B52: MNRXDCOCRSWPA_MULTIPLE | C52: MN_BRNA0_S_FULP_AN_RXRX_MEA_JTG_FRQ_ALLFRV_SI_RX_DCOCRSWP | E52: 292.43 | F52: 315.84 | G52: 333.82
A53: ACIPHY | B53: MNRXDCOCRSWPB_MULTIPLE | C53: MN_BRNA0_S_FULP_AN_RXRX_MEA_JTG_FRQ_ALLFRV_SI_RX_DCOCRSWP | E53: 319.59 | F53: 284.66 | G53: 319.12
A54: ACIPHY | B54: MNRXDCOCRSWPC_MULTIPLE | C54: MN_BRNA0_S_FULP_AN_RXRX_MEA_JTG_FRQ_ALLFRV_SI_RX_DCOCRSWP | E54: 312.41 | F54: 311.84 | G54: 310.51
A55: ACIPHY | B55: MNRXDCOCRSWPD_MULTIPLE | C55: MN_BRNA0_S_FULP_AN_RXRX_MEA_JTG_FRQ_ALLFRV_SI_RX_DCOCRSWP | E55: 312.17 | F55: 313.49 | G55: 313.2
A56: ACIPHY | B56: MNRXDCOCRSWPE_MULTIPLE | C56: MN_BRNA0_S_FULP_AN_RXRX_MEA_JTG_FRQ_ALLFRV_SI_RX_DCOCRSWP | E56: 312.1 | F56: 314.54 | G56: 286.49
A57: ACIPHY | B57: MNRXDCOFNSWPA_MULTIPLE | C57: MN_BRNA0_S_FULP_AN_RXRX_MEA_JTG_FRQ_ALLFRV_SI_RX_DCOFNSWP | E57: 199.4 | F57: 198.78 | G57: 199.15
A58: ACIPHY | B58: MNRXDCOFNSWPB_MULTIPLE | C58: MN_BRNA0_S_FULP_AN_RXRX_MEA_JTG_FRQ_ALLFRV_SI_RX_DCOFNSWP | E58: 170.63 | F58: 199.99 | G58: 197.43
A59: ACIPHY | B59: MNRXDCOFNSWPC_MULTIPLE | C59: MN_BRNA0_S_FULP_AN_RXRX_MEA_JTG_FRQ_ALLFRV_SI_RX_DCOFNSWP | E59: 202.44 | F59: 170.92 | G59: 202.73
A60: ACIPHY | B60: MNRXDCOFNSWPD_MULTIPLE | C60: MN_BRNA0_S_FULP_AN_RXRX_MEA_JTG_FRQ_ALLFRV_SI_RX_DCOFNSWP | E60: 198.03 | F60: 202.1 | G60: 202.82
A61: ACIPHY | B61: MNRXDCOFNSWPE_MULTIPLE | C61: MN_BRNA0_S_FULP_AN_RXRX_MEA_JTG_FRQ_ALLFRV_SI_RX_DCOFNSWP | E61: 201.02 | F61: 197.62 | G61: 200.61
A62: ACIPHY | B62: MNRXDACRNGEVEN_MULTIPLE | C62: MN_BRNA0_S_FULP_AN_RXRX_MEA_JTG_VMX_ALLFRV_SI_RXDAC_RNGEVEN | E62: 1179.78 | F62: 1214.51 | G62: 1182.32
A63: ACIPHY | B63: MNRXDACRNGODD_MULTIPLE | C63: MN_BRNA0_S_FULP_AN_RXRX_MEA_JTG_VMX_ALLFRV_SI_RXDAC_RNGODD | E63: 1177.69 | F63: 1194.57 | G63: 1202.77
A64: ACIPHY | B64: L5L6ELB2P7_MULTIPLE | C64: PP_BRNA0_S_FULP_AN_RXPH_BST_JTG_ELB_ALLFRV_SI_L5L6_ELB2P7 | E64: 42.32 | F64: 42.34 | G64: 41.23 | H64: LV,HV | I64: LV,HV | J64: LV,HV | K64: LV,HV
A65: ACIPHY | B65: L5L6ELB5P4_MULTIPLE | C65: PP_BRNA0_S_FULP_AN_RXPH_BST_JTG_ELB_ALLFRV_SI_L5L6_ELB5P4 | E65: 31.73 | F65: 31.91 | G65: 31.92 | H65: LV,HV | I65: LV,HV | J65: LV,HV | K65: LV,HV
A66: ACIPHY | B66: L5L6ELB9P6_MULTIPLE | C66: PP_BRNA0_S_FULP_AN_RXPH_BST_JTG_ELB_ALLFRV_SI_L5L6_ELB9P6 | E66: 61.06 | F66: 31.68 | G66: 32.51 | H66: LV,HV | I66: LV,HV | J66: LV,HV | K66: LV,HV
A67: ACIPHY | B67: L5L6ELB14P0_MULTIPLE | C67: PP_BRNA0_S_FULP_AN_RXPH_BST_JTG_ELB_ALLFRV_SI_L5L6_ELB14P0 | E67: 38 | F67: 37.25 | G67: 68.71 | H67: LV,HV | I67: LV,HV | J67: LV,HV | K67: LV,HV
A68: ACIPHY | B68: L5L6PWRELB2P7_MULTIPLE | C68: PP_BRNA0_S_FULP_AN_RXPH_BST_JTG_ELB_ALLFRV_SI_L5L6PWR_ELB2P7 | E68: 46.13 | F68: 46.51 | G68: 46.73 | K68: HV
A69: ACIPHY | B69: L5L6PWRELB5P4_MULTIPLE | C69: PP_BRNA0_S_FULP_AN_RXPH_BST_JTG_ELB_ALLFRV_SI_L5L6PWR_ELB5P4 | E69: 47.81 | F69: 75.33 | G69: 45.94 | K69: HV
A70: ACIPHY | B70: L5L6PWRELB9P6_MULTIPLE | C70: PP_BRNA0_S_FULP_AN_RXPH_BST_JTG_ELB_ALLFRV_SI_L5L6PWR_ELB9P6 | E70: 47.14 | F70: 47.85 | G70: 47.91 | K70: HV
A71: ACIPHY | B71: L5L6PWRELB14P0_MULTIPLE | C71: PP_BRNA0_S_FULP_AN_RXPH_BST_JTG_ELB_ALLFRV_SI_L5L6PWR_ELB14P0 | E71: 48.81 | F71: 49.43 | G71: 49.83 | K71: HV
A72: ACIPHY | B72: RXL5L6FCNT9P6_MULTIPLE | C72: PP_BRNA0_S_FULP_AN_RXRX_MEA_JTG_VMX_ALLFRV_SI_RXL5L6_FCNT9P6 | E72: 28.13 | F72: 28.57 | G72: 28.81 | H72: LV,HV | I72: LV,HV | J72: LV,HV | K72: LV,HV
A73: ACIPHY | B73: RXL5L6FCNT14P0_MULTIPLE | C73: PP_BRNA0_S_FULP_AN_RXRX_MEA_JTG_VMX_ALLFRV_SI_RXL5L6_FCNT14P0 | E73: 61.28 | F73: 29.62 | G73: 29.69 | H73: LV,HV | I73: LV,HV | J73: LV,HV | K73: LV,HV
A74: ACIPHY | B74: RXEIL5L6_MULTIPLE | C74: PP_BRNA0_S_FULP_AN_RXRX_MEA_JTG_VMX_ALLFRV_SI_RXEI_L5L6 | E74: 27.07 | F74: 28.12 | G74: 55.87 | H74: LV,HV | I74: LV,HV | J74: LV,HV | K74: LV,HV
A75: ACIPHY | B75: MNL5L6LONGELB2P7_MULTIPLE | C75: MN_BRNA0_S_FULP_AN_RXPH_BST_JTG_ELB_ALLFRV_SI_L5L6LONG_ELB2P7 | D75: L5L6ELB2P7_MULTIPLE | E75: 2467.72 | F75: 2474.94 | G75: 2446.9 | H75: LV | I75: LV
A76: ACIPHY | B76: MNL5L6LONGELB5P4_MULTIPLE | C76: MN_BRNA0_S_FULP_AN_RXPH_BST_JTG_ELB_ALLFRV_SI_L5L6LONG_ELB5P4 | D76: L5L6ELB5P4_MULTIPLE | E76: 1323.18 | F76: 1356.76 | G76: 1352.16 | H76: LV | I76: LV
A77: ACIPHY | B77: MNL5L6LONGELB9P6_MULTIPLE | C77: MN_BRNA0_S_FULP_AN_RXPH_BST_JTG_ELB_ALLFRV_SI_L5L6LONG_ELB9P6 | D77: L5L6ELB9P6_MULTIPLE | E77: 859.68 | F77: 862.36 | G77: 870.04 | H77: LV | I77: LV
A78: ACIPHY | B78: MNL5L6LONGELB14P0_MULTIPLE | C78: MN_BRNA0_S_FULP_AN_RXPH_BST_JTG_ELB_ALLFRV_SI_L5L6LONG_ELB14P0 | D78: L5L6ELB14P0_MULTIPLE | E78: 674.75 | F78: 675.3 | G78: 673.85 | H78: LV | I78: LV
A79: ACIPHY | B79: MNRXDACRNGL5L6_MULTIPLE | C79: MN_BRNA0_S_FULP_AN_RXRX_MEA_JTG_VMX_ALLFRV_SI_RXDAC_RNGL5L6 | E79: 236.39 | F79: 237.54 | G79: 236.91

Sheet ACIPHY_LITE
A2: Proposal for TTR | D2: Total (ms) | F2: =SUM(E5:G61) -> 112125.04
E3: CP1 (ms)
A4: Category | B4: SubBlock | C4: Pattern | D4: HIP_FailRun | E4: LV | F4: NV | G4: HV | H4: Prod CP1 | I4: Prod CP2 | J4: Prod FT1 | K4: Prod FT2 | L4: Mon | M4: T0Tx | N4: RMA Room | O4: RMA Hot
A5: ACIPHY_LITE | B5: OTHER | C5: ACIPHYLITE_ACIPHY_AUXTRIMTXIMPSWP_FUSE_READ_CAL | F5: 1.17 | J5: NV | K5: NV
A6: ACIPHY_LITE | B6: OTHER | C6: RELAYON_K72 | F6: 3.4
A7: ACIPHY_LITE | B7: OTHER | C7: ACIPHY_L5L4_SELECT | F7: 2.41 | J7: LV,NV,HV | K7: LV,NV,HV
A8: ACIPHY_LITE | B8: CMNCMNVOLT_MULTIPLE | C8: PP_BRNL0_S_FULP_AN_RXCM_MEA_JTG_VMX_ALLFRV_SI_CMN_CMNVOLT | E8: 75.78 | F8: 75.19 | G8: 74.98 | J8: NV
A9: ACIPHY_LITE | B9: SHMREGRDWR_MULTIPLE | C9: PP_BRNL0_S_FULP_AN_RXPH_MEA_JTG_FUN_ALLFRV_SI_SHM_REGRDWR | E9: 85.16 | F9: 85.3 | G9: 85.54
A10: ACIPHY_LITE | B10: RXDACMONO_MULTIPLE | C10: PP_BRNL0_S_FULP_AN_RXPH_MEA_JTG_VMX_ALLFRV_SI_RXDAC_MONO | E10: 74.36 | F10: 74.16 | G10: 73.82 | J10: LV,HV | K10: LV,HV
A11: ACIPHY_LITE | B11: ODDELB2P7_MULTIPLE | C11: PP_BRNL0_S_FULP_AN_RXPH_BST_JTG_ELB_ALLFRV_SI_ODD_ELB2P7 | E11: 39.95 | F11: 61.67 | G11: 39.69 | J11: LV,HV | K11: LV,HV
A12: ACIPHY_LITE | B12: EVENELB2P7_MULTIPLE | C12: PP_BRNL0_S_FULP_AN_RXPH_BST_JTG_ELB_ALLFRV_SI_EVEN_ELB2P7 | E12: 68.93 | F12: 40.82 | G12: 64.64 | J12: LV,HV | K12: LV,HV
A13: ACIPHY_LITE | B13: ODDELB5P4_MULTIPLE | C13: PP_BRNL0_S_FULP_AN_RXPH_BST_JTG_ELB_ALLFRV_SI_ODD_ELB5P4 | E13: 42.04 | F13: 40.35 | G13: 41.37 | J13: LV,HV | K13: LV,HV
A14: ACIPHY_LITE | B14: EVENELB5P4_MULTIPLE | C14: PP_BRNL0_S_FULP_AN_RXPH_BST_JTG_ELB_ALLFRV_SI_EVEN_ELB5P4 | E14: 40.51 | F14: 39.89 | G14: 41.25 | J14: LV,HV | K14: LV,HV
A15: ACIPHY_LITE | B15: ODDELB9P6_MULTIPLE | C15: PP_BRNL0_S_FULP_AN_RXPH_BST_JTG_ELB_ALLFRV_SI_ODD_ELB9P6 | E15: 40.45 | F15: 40.02 | G15: 41.16 | J15: LV,HV | K15: LV,HV
A16: ACIPHY_LITE | B16: EVENELB9P6_MULTIPLE | C16: PP_BRNL0_S_FULP_AN_RXPH_BST_JTG_ELB_ALLFRV_SI_EVEN_ELB9P6 | E16: 40.17 | F16: 41.91 | G16: 41.19 | J16: LV,HV | K16: LV,HV
A17: ACIPHY_LITE | B17: ODDELB14P0_MULTIPLE | C17: PP_BRNL0_S_FULP_AN_RXPH_BST_JTG_ELB_ALLFRV_SI_ODD_ELB14P0 | E17: 54.72 | F17: 54.67 | G17: 54.28 | J17: LV,HV | K17: LV,HV
A18: ACIPHY_LITE | B18: EVENELB14P0_MULTIPLE | C18: PP_BRNL0_S_FULP_AN_RXPH_BST_JTG_ELB_ALLFRV_SI_EVEN_ELB14P0 | E18: 54.62 | F18: 77.84 | G18: 56.13 | J18: LV,HV | K18: LV,HV
A19: ACIPHY_LITE | B19: ODDPWRELB2P7_MULTIPLE | C19: PP_BRNL0_S_FULP_AN_RXPH_BST_JTG_ELB_ALLFRV_SI_ODDPWR_ELB2P7 | E19: 41.66 | F19: 42.04 | G19: 66.92 | K19: HV
A20: ACIPHY_LITE | B20: EVENPWRELB2P7_MULTIPLE | C20: PP_BRNL0_S_FULP_AN_RXPH_BST_JTG_ELB_ALLFRV_SI_EVENPWR_ELB2P7 | E20: 41.3 | F20: 41.14 | G20: 41.52 | K20: HV
A21: ACIPHY_LITE | B21: ODDPWRELB5P4_MULTIPLE | C21: PP_BRNL0_S_FULP_AN_RXPH_BST_JTG_ELB_ALLFRV_SI_ODDPWR_ELB5P4 | E21: 40.96 | F21: 41.36 | G21: 42.56 | K21: HV
A22: ACIPHY_LITE | B22: EVENPWRELB5P4_MULTIPLE | C22: PP_BRNL0_S_FULP_AN_RXPH_BST_JTG_ELB_ALLFRV_SI_EVENPWR_ELB5P4 | E22: 70.66 | F22: 41.13 | G22: 40.58 | K22: HV
A23: ACIPHY_LITE | B23: ODDPWRELB9P6_MULTIPLE | C23: PP_BRNL0_S_FULP_AN_RXPH_BST_JTG_ELB_ALLFRV_SI_ODDPWR_ELB9P6 | E23: 42.07 | F23: 41.03 | G23: 40.67 | K23: HV
A24: ACIPHY_LITE | B24: EVENPWRELB9P6_MULTIPLE | C24: PP_BRNL0_S_FULP_AN_RXPH_BST_JTG_ELB_ALLFRV_SI_EVENPWR_ELB9P6 | E24: 41.57 | F24: 42.1 | G24: 40.57 | K24: HV
A25: ACIPHY_LITE | B25: ODDPWRELB14P0_MULTIPLE | C25: PP_BRNL0_S_FULP_AN_RXPH_BST_JTG_ELB_ALLFRV_SI_ODDPWR_ELB14P0 | E25: 43.76 | F25: 43.26 | G25: 42.74 | K25: HV
A26: ACIPHY_LITE | B26: EVENPWRELB14P0_MULTIPLE | C26: PP_BRNL0_S_FULP_AN_RXPH_BST_JTG_ELB_ALLFRV_SI_EVENPWR_ELB14P0 | E26: 43.45 | F26: 43.37 | G26: 43.68 | K26: HV
A27: ACIPHY_LITE | B27: RXRIMPMEAS_MULTIPLE | C27: PP_BRNL0_S_FULP_AN_RXRX_MEA_JTG_VMX_ALLFRV_SI_RX_RIMPMEAS | E27: 90.94 | F27: 111.45 | G27: 124.62 | J27: LV,HV | K27: LV,HV
A28: ACIPHY_LITE | B28: RXODDFCNT9P6_MULTIPLE | C28: PP_BRNL0_S_FULP_AN_RXRX_MEA_JTG_VMX_ALLFRV_SI_RXODD_FCNT9P6 | E28: 30.56 | F28: 30.81 | G28: 32.76 | J28: LV,HV | K28: LV,HV
A29: ACIPHY_LITE | B29: RXEVENFCNT9P6_MULTIPLE | C29: PP_BRNL0_S_FULP_AN_RXRX_MEA_JTG_VMX_ALLFRV_SI_RXEVEN_FCNT9P6 | E29: 31.49 | F29: 29.29 | G29: 29.36 | J29: LV,HV | K29: LV,HV
A30: ACIPHY_LITE | B30: RXODDFCNT14P0_MULTIPLE | C30: PP_BRNL0_S_FULP_AN_RXRX_MEA_JTG_VMX_ALLFRV_SI_RXODD_FCNT14P0 | E30: 31.54 | F30: 31.04 | G30: 31.18 | J30: LV,HV | K30: LV,HV
A31: ACIPHY_LITE | B31: RXEVENFCNT14P0_MULTIPLE | C31: PP_BRNL0_S_FULP_AN_RXRX_MEA_JTG_VMX_ALLFRV_SI_RXEVEN_FCNT14P0 | E31: 70.58 | F31: 30.87 | G31: 30.77 | J31: LV,HV | K31: LV,HV
A32: ACIPHY_LITE | B32: RXEIEVEN_MULTIPLE | C32: PP_BRNL0_S_FULP_AN_RXRX_MEA_JTG_VMX_ALLFRV_SI_RXEI_EVEN | E32: 21.62 | F32: 21.07 | G32: 20.84 | J32: LV,HV | K32: LV,HV
A33: ACIPHY_LITE | B33: RXEIODD_MULTIPLE | C33: PP_BRNL0_S_FULP_AN_RXRX_MEA_JTG_VMX_ALLFRV_SI_RXEI_ODD | E33: 20.99 | F33: 21.66 | G33: 20.71 | J33: LV,HV | K33: LV,HV
A34: ACIPHY_LITE | B34: AUXAUXTERM_MULTIPLE | C34: PP_BRNL0_S_FULP_AN_RXAX_MEA_JTG_VMX_ALLFRV_SI_AUX_AUXTERM | E34: 284.74 | F34: 286.31 | G34: 284.66 | J34: LV,HV | K34: LV,HV
A35: ACIPHY_LITE | B35: AUXRXSEN50LH_MULTIPLE | C35: PP_BRNL0_S_FULP_AN_RXAX_MEA_JTG_VMX_ALLFRV_SI_AUX_RXSEN | E35: 21.78 | F35: 21.98 | G35: 21.94 | J35: LV,HV | K35: LV,HV
A36: ACIPHY_LITE | B36: AUXRXSEN100LH_MULTIPLE | C36: PP_BRNL0_S_FULP_AN_RXAX_MEA_JTG_VMX_ALLFRV_SI_AUX_RXSEN | E36: 29.35 | F36: 29.61 | G36: 28.51 | J36: LV,HV | K36: LV,HV
A37: ACIPHY_LITE | B37: MNODDLONGELB2P7_MULTIPLE | C37: MN_BRNL0_S_FULP_AN_RXPH_BST_JTG_ELB_ALLFRV_SI_ODDLONG_ELB2P7 | E37: 7332.43 | F37: 7355.46 | G37: 7329.05
A38: ACIPHY_LITE | B38: MNEVENLONGELB2P7_MULTIPLE | C38: MN_BRNL0_S_FULP_AN_RXPH_BST_JTG_ELB_ALLFRV_SI_EVENLONG_ELB2P7 | E38: 7335.66 | F38: 7335.85 | G38: 7332.75
A39: ACIPHY_LITE | B39: MNODDLONGELB5P4_MULTIPLE | C39: MN_BRNL0_S_FULP_AN_RXPH_BST_JTG_ELB_ALLFRV_SI_ODDLONG_ELB5P4 | E39: 3944.65 | F39: 3916.69 | G39: 3937.28
A40: ACIPHY_LITE | B40: MNEVENLONGELB5P4_MULTIPLE | C40: MN_BRNL0_S_FULP_AN_RXPH_BST_JTG_ELB_ALLFRV_SI_EVENLONG_ELB5P4 | E40: 3939.32 | F40: 3970.59 | G40: 3964.42
A41: ACIPHY_LITE | B41: MNODDLONGELB9P6_MULTIPLE | C41: MN_BRNL0_S_FULP_AN_RXPH_BST_JTG_ELB_ALLFRV_SI_ODDLONG_ELB9P6 | E41: 2462.52 | F41: 2464.42 | G41: 2462.79
A42: ACIPHY_LITE | B42: MNEVENLONGELB9P6_MULTIPLE | C42: MN_BRNL0_S_FULP_AN_RXPH_BST_JTG_ELB_ALLFRV_SI_EVENLONG_ELB9P6 | E42: 2463.96 | F42: 2461.4 | G42: 2461.78
A43: ACIPHY_LITE | B43: MNODDLONGELB14P0_MULTIPLE | C43: MN_BRNL0_S_FULP_AN_RXPH_BST_JTG_ELB_ALLFRV_SI_ODDLONG_ELB14P0 | E43: 1917.34 | F43: 1927.23 | G43: 1916.96 | J43: LV | K43: LV
A44: ACIPHY_LITE | B44: MNEVENLONGELB14P0_MULTIPLE | C44: MN_BRNL0_S_FULP_AN_RXPH_BST_JTG_ELB_ALLFRV_SI_EVENLONG_ELB14P0 | E44: 1925.42 | F44: 1900.49 | G44: 1895.78 | J44: LV | K44: LV
A45: ACIPHY_LITE | B45: MNRXDCOBISWPA_MULTIPLE | C45: MN_BRNL0_S_FULP_AN_RXRX_MEA_JTG_FRQ_ALLFRV_SI_RX_DCOBISWP | F45: 829.22
A46: ACIPHY_LITE | B46: MNRXDCOBISWPB_MULTIPLE | C46: MN_BRNL0_S_FULP_AN_RXRX_MEA_JTG_FRQ_ALLFRV_SI_RX_DCOBISWP | F46: 838.6
A47: ACIPHY_LITE | B47: MNRXDCOBISWPC_MULTIPLE | C47: MN_BRNL0_S_FULP_AN_RXRX_MEA_JTG_FRQ_ALLFRV_SI_RX_DCOBISWP | F47: 812.96
A48: ACIPHY_LITE | B48: MNRXDCOBISWPD_MULTIPLE | C48: MN_BRNL0_S_FULP_AN_RXRX_MEA_JTG_FRQ_ALLFRV_SI_RX_DCOBISWP | F48: 814.26
A49: ACIPHY_LITE | B49: MNRXDCOBISWPE_MULTIPLE | C49: MN_BRNL0_S_FULP_AN_RXRX_MEA_JTG_FRQ_ALLFRV_SI_RX_DCOBISWP | F49: 839.82
A50: ACIPHY_LITE | B50: MNRXDCOCRSWPA_MULTIPLE | C50: MN_BRNL0_S_FULP_AN_RXRX_MEA_JTG_FRQ_ALLFRV_SI_RX_DCOCRSWP | E50: 228.24 | F50: 202.16 | G50: 229.86
A51: ACIPHY_LITE | B51: MNRXDCOCRSWPB_MULTIPLE | C51: MN_BRNL0_S_FULP_AN_RXRX_MEA_JTG_FRQ_ALLFRV_SI_RX_DCOCRSWP | E51: 200.7 | F51: 226.31 | G51: 223.61
A52: ACIPHY_LITE | B52: MNRXDCOCRSWPC_MULTIPLE | C52: MN_BRNL0_S_FULP_AN_RXRX_MEA_JTG_FRQ_ALLFRV_SI_RX_DCOCRSWP | E52: 232.14 | F52: 202.78 | G52: 203.42
A53: ACIPHY_LITE | B53: MNRXDCOCRSWPD_MULTIPLE | C53: MN_BRNL0_S_FULP_AN_RXRX_MEA_JTG_FRQ_ALLFRV_SI_RX_DCOCRSWP | E53: 222.72 | F53: 224.48 | G53: 225.1
A54: ACIPHY_LITE | B54: MNRXDCOCRSWPE_MULTIPLE | C54: MN_BRNL0_S_FULP_AN_RXRX_MEA_JTG_FRQ_ALLFRV_SI_RX_DCOCRSWP | E54: 202.58 | F54: 226.54 | G54: 200.21
A55: ACIPHY_LITE | B55: MNRXDCOFNSWPA_MULTIPLE | C55: MN_BRNL0_S_FULP_AN_RXRX_MEA_JTG_FRQ_ALLFRV_SI_RX_DCOFNSWP | E55: 162.75 | F55: 140.08 | G55: 161.1
A56: ACIPHY_LITE | B56: MNRXDCOFNSWPB_MULTIPLE | C56: MN_BRNL0_S_FULP_AN_RXRX_MEA_JTG_FRQ_ALLFRV_SI_RX_DCOFNSWP | E56: 139.96 | F56: 163.11 | G56: 140.03
A57: ACIPHY_LITE | B57: MNRXDCOFNSWPC_MULTIPLE | C57: MN_BRNL0_S_FULP_AN_RXRX_MEA_JTG_FRQ_ALLFRV_SI_RX_DCOFNSWP | E57: 163.44 | F57: 141.37 | G57: 161.99
A58: ACIPHY_LITE | B58: MNRXDCOFNSWPD_MULTIPLE | C58: MN_BRNL0_S_FULP_AN_RXRX_MEA_JTG_FRQ_ALLFRV_SI_RX_DCOFNSWP | E58: 140.26 | F58: 162.98 | G58: 139.78
A59: ACIPHY_LITE | B59: MNRXDCOFNSWPE_MULTIPLE | C59: MN_BRNL0_S_FULP_AN_RXRX_MEA_JTG_FRQ_ALLFRV_SI_RX_DCOFNSWP | E59: 139.5 | F59: 139.93 | G59: 161.07
A60: ACIPHY_LITE | B60: MNRXDACRNGEVEN_MULTIPLE | C60: MN_BRNL0_S_FULP_AN_RXRX_MEA_JTG_VMX_ALLFRV_SI_RXDAC_RNGEVEN | E60: 642.05 | F60: 627.18 | G60: 613.87
A61: ACIPHY_LITE | B61: MNRXDACRNGODD_MULTIPLE | C61: MN_BRNL0_S_FULP_AN_RXRX_MEA_JTG_VMX_ALLFRV_SI_RXDAC_RNGODD | E61: 614.4 | F61: 616.76 | G61: 610.81

Sheet LPDPTX
A2: Proposal for TTR | D2: Total (ms) | F2: =SUM(E5:G19) -> 3387.23
E3: CP1 (ms)
A4: Category | B4: SubBlock | C4: Pattern | D4: HIP_FailRun | E4: LV | F4: NV | G4: HV | H4: Prod CP1 | I4: Prod CP2 | J4: Prod FT1 | K4: Prod FT2 | L4: Mon | M4: T0Tx | N4: RMA Room | O4: RMA Hot
A5: LPDPTX | B5: AUXRXAUXTIMP_MULTIPLE | C5: PP_BRNA0_S_FULP_AN_TXAX_MEA_JTG_VMX_ALLFRV_SI_AUXRX_AUXTIMP | F5: 412.75 | H5: NV
A6: LPDPTX | B6: OTHER | C6: LPDPTX_AUXRXAUXTIMP_FUSE_PREWRITE_CAL | F6: 0.24 | H6: NV
A7: LPDPTX | B7: OTHER | C7: LPDPTX_AUXRXAUXTIMP_FUSE_READ_CAL | F7: 1.05 | I7: NV | J7: NV | K7: NV
A8: LPDPTX | B8: AUXTXAUXTMODE_MULTIPLE | C8: PP_BRNA0_S_FULP_AN_TXAX_MEA_JTG_VMX_ALLFRV_SI_AUXTX_AUXTMODE | E8: 74.74 | F8: 107.63 | G8: 75.3 | H8: LV,HV | I8: LV,HV | J8: LV,HV | K8: LV,HV
A9: LPDPTX | B9: TXTIMPMEAS_MULTIPLE | C9: PP_BRNA0_S_FULP_AN_TXTX_MEA_JTG_VMX_ALLFRV_SI_TX_TIMPMEAS | F9: 45.36 | H9: NV | J9: NV
A10: LPDPTX | B10: TXHIZLEAK_MULTIPLE | C10: PP_BRNA0_S_FULP_AN_TXTX_MEA_JTG_VMX_ALLFRV_SI_TXHIZ_LEAK | E10: 59.39 | F10: 59.56 | G10: 60.09 | H10: LV,HV | I10: LV,HV | J10: LV,HV | K10: LV,HV
A11: LPDPTX | B11: TXSWING_MULTIPLE | C11: PP_BRNA0_S_FULP_AN_TXTX_MEA_JTG_VMX_ALLFRV_SI_TX_SWING | E11: 172.61 | F11: 200.27 | G11: 171.32 | H11: LV,HV | I11: LV,HV | J11: LV,HV | K11: LV,HV
A12: LPDPTX | B12: TXPLB_MULTIPLE | C12: PP_BRNA0_S_FULP_AN_TXTX_MEA_JTG_FUN_ALLFRV_SI_TX_PLB | E12: 20.06 | F12: 20.04 | G12: 20.18 | H12: LV,HV | I12: LV,HV | J12: LV,HV | K12: LV,HV
A13: LPDPTX | B13: TXFREQ_MULTIPLE | C13: PP_BRNA0_S_FULP_AN_TXTX_MEA_JTG_FRQ_ALLFRV_SI_TX_FREQ | E13: 67.62 | F13: 71.5 | G13: 68.55 | H13: LV,HV | I13: LV,HV | J13: LV,HV | K13: LV,HV
A14: LPDPTX | B14: TXCMFC_MULTIPLE | C14: PP_BRNA0_S_FULP_AN_TXTX_MEA_JTG_VMX_ALLFRV_SI_TX_CMFC | E14: 104.38 | F14: 69.43 | G14: 67.23 | H14: LV,HV | I14: LV,HV | J14: LV,HV | K14: LV,HV
A15: LPDPTX | B15: TXSHMCHECK_MULTIPLE | C15: PP_BRNA0_S_FULP_AN_TXTX_MEA_JTG_FUN_ALLFRV_SI_TX_SHMCHECK | E15: 47.5 | F15: 47.44 | G15: 46.36
A16: LPDPTX | B16: CMNCMNVOLT_MULTIPLE | C16: PP_BRNA0_S_FULP_AN_TXCM_MEA_JTG_VMX_ALLFRV_SI_CMN_CMNVOLT | E16: 272.21 | F16: 278.51 | G16: 306.73 | H16: LV,HV | I16: LV,HV | J16: LV,HV | K16: LV,HV
A17: LPDPTX | B17: AUXRXAUXRMODEHI_MULTIPLE | C17: PP_BRNA0_S_FULP_AN_TXAX_MEA_JTG_VMX_ALLFRV_SI_AUXRX_AUXRMODE | E17: 28.23 | F17: 27.11 | G17: 26.96 | H17: LV,HV | I17: LV,HV | J17: LV,HV | K17: LV,HV
A18: LPDPTX | B18: AUXRXAUXRMODELO_MULTIPLE | C18: PP_BRNA0_S_FULP_AN_TXAX_MEA_JTG_VMX_ALLFRV_SI_AUXRX_AUXRMODE | E18: 32.71 | F18: 33.11 | G18: 32.77
A19: LPDPTX | B19: MNTXCLKMON_MULTIPLE | C19: MN_BRNA0_S_FULP_AN_TXTX_MEA_JTG_VMX_ALLFRV_SI_TX_CLKMON | E19: 83.04 | F19: 89.85 | G19: 85.4 | H19: LV | I19: LV | J19: LV | K19: LV

Sheet LPDPTX_LITE
A2: Proposal for TTR | D2: Total (ms) | F2: =SUM(E8:G16) -> 0
E3: CP1 (ms)
A4: Category | B4: SubBlock | C4: Pattern | D4: HIP_FailRun | E4: LV | F4: NV | G4: HV | H4: Prod CP1 | I4: Prod CP2 | J4: Prod FT1 | K4: Prod FT2 | L4: Mon | M4: T0Tx | N4: RMA Room | O4: RMA Hot
A5: LPDPTX_LITE | B5: OTHER | C5: LPDPTXLITE_LPDPTX_AUXRXAUXTIMP_FUSE_READ_CAL | J5: NV | K5: NV
A6: LPDPTX_LITE | B6: AUXTXAUXTMODE_MULTIPLE | C6: PP_BRNL0_S_FULP_AN_TXAX_MEA_JTG_VMX_ALLFRV_SI_AUXTX_AUXTMODE | J6: LV,HV | K6: LV,HV
A7: LPDPTX_LITE | B7: TXTIMPMEAS_MULTIPLE | C7: PP_BRNL0_S_FULP_AN_TXTX_MEA_JTG_VMX_ALLFRV_SI_TX_TIMPMEAS | J7: NV
A8: LPDPTX_LITE | B8: TXHIZLEAK_MULTIPLE | C8: PP_BRNL0_S_FULP_AN_TXTX_MEA_JTG_VMX_ALLFRV_SI_TXHIZ_LEAK | J8: LV,HV | K8: LV,HV
A9: LPDPTX_LITE | B9: TXSWING_MULTIPLE | C9: PP_BRNL0_S_FULP_AN_TXTX_MEA_JTG_VMX_ALLFRV_SI_TX_SWING | J9: LV,HV | K9: LV,HV
A10: LPDPTX_LITE | B10: TXPLB_MULTIPLE | C10: PP_BRNL0_S_FULP_AN_TXTX_MEA_JTG_FUN_ALLFRV_SI_TX_PLB | J10: LV,HV | K10: LV,HV
A11: LPDPTX_LITE | B11: TXFREQ_MULTIPLE | C11: PP_BRNL0_S_FULP_AN_TXTX_MEA_JTG_FRQ_ALLFRV_SI_TX_FREQ | J11: LV,HV | K11: LV,HV
A12: LPDPTX_LITE | B12: TXCMFC_MULTIPLE | C12: PP_BRNL0_S_FULP_AN_TXTX_MEA_JTG_VMX_ALLFRV_SI_TX_CMFC | J12: LV,HV | K12: LV,HV
A13: LPDPTX_LITE | B13: TXSHMCHECK_MULTIPLE | C13: PP_BRNL0_S_FULP_AN_TXTX_MEA_JTG_FUN_ALLFRV_SI_TX_SHMCHECK
A14: LPDPTX_LITE | B14: CMNCMNVOLT_MULTIPLE | C14: PP_BRNL0_S_FULP_AN_TXCM_MEA_JTG_VMX_ALLFRV_SI_CMN_CMNVOLT | J14: LV,HV | K14: LV,HV
A15: LPDPTX_LITE | B15: AUXRXAUXRMODELO_MULTIPLE | C15: PP_BRNL0_S_FULP_AN_TXAX_MEA_JTG_VMX_ALLFRV_SI_AUXRX_AUXRMODE
A16: LPDPTX_LITE | B16: MNTXCLKMON_MULTIPLE | C16: MN_BRNL0_S_FULP_AN_TXTX_MEA_JTG_VMX_ALLFRV_SI_TX_CLKMON | J16: LV | K16: LV
C30: =UPPER(C17)

Sheet PCIE5
A2: Proposal for TTR | D2: Total (ms) | F2: =SUM(E5:G43) -> 104195.69
E3: CP1 (ms)
A4: Category | B4: SubBlock | C4: Pattern | D4: HIP_FailRun | E4: LV | F4: NV | G4: HV | H4: Prod CP1 | I4: Prod CP2 | J4: Prod FT1 | K4: Prod FT2 | L4: Mon | M4: T0Tx | N4: RMA Room | O4: RMA Hot
A5: PCIE5 | B5: CMNCMNVOLT_MULTIPLE | C5: PP_BRNA0_S_FULP_AN_P5CM_MEA_JTG_VMX_ALLFRV_SI_CMN_CMNVOLT | E5: 263.33 | F5: 263.78 | G5: 307.82 | H5: NV | J5: NV
A6: PCIE5 | B6: TXTIMPMEAS_MULTIPLE | C6: PP_BRNA0_S_FULP_AN_P5TX_MEA_JTG_VMX_ALLFRV_SI_TX_TIMPMEAS | E6: 86.71 | F6: 54.2 | G6: 53.93 | H6: NV | J6: NV
A7: PCIE5 | B7: TXHIZLEAK_MULTIPLE | C7: PP_BRNA0_S_FULP_AN_P5TX_MEA_JTG_VMX_ALLFRV_SI_TX_HIZLEAK | E7: 46.45 | F7: 45.49 | G7: 44.99 | J7: HV | K7: HV
A8: PCIE5 | B8: TXSWING_MULTIPLE | C8: PP_BRNA0_S_FULP_AN_P5TX_MEA_JTG_VMX_ALLFRV_SI_TX_SWING | E8: 82.11 | F8: 114.15 | G8: 86.92 | H8: LV,HV | I8: LV,HV | J8: LV,HV | K8: LV,HV
A9: PCIE5 | B9: TXFREQ_MULTIPLE | C9: PP_BRNA0_S_FULP_AN_P5TX_MEA_JTG_FRQ_ALLFRV_SI_TX_FREQ | E9: 60.94 | F9: 61.53 | G9: 64.96 | H9: LV,HV | I9: LV,HV | J9: LV,HV | K9: LV,HV
A10: PCIE5 | B10: TXRXDET_MULTIPLE | C10: PP_BRNA0_S_FULP_AN_P5TX_MEA_JTG_VMX_ALLFRV_SI_TX_RXDET | E10: 45.78 | F10: 46.11 | G10: 46.94 | H10: LV,HV | I10: LV,HV | J10: LV,HV | K10: LV,HV
A11: PCIE5 | B11: TXCMFC_MULTIPLE | C11: PP_BRNA0_S_FULP_AN_P5TX_MEA_JTG_VMX_ALLFRV_SI_TX_CMFC | E11: 60 | F11: 61.12 | G11: 94.82 | H11: LV,HV | I11: LV,HV | J11: LV,HV | K11: LV,HV
A12: PCIE5 | B12: RXRIMPMEAS_MULTIPLE | C12: PP_BRNA0_S_FULP_AN_P5RX_MEA_JTG_VMX_ALLFRV_SI_RX_RIMPMEAS | E12: 71.65 | F12: 67.89 | G12: 68.8 | H12: LV,HV | I12: LV,HV | J12: LV,HV | K12: LV,HV
A13: PCIE5 | B13: RXEIHILO_MULTIPLE | C13: PP_BRNA0_S_FULP_AN_P5RX_MEA_JTG_VMX_ALLFRV_SI_RX_EIHILO | E13: 76.1 | F13: 39.21 | G13: 39.54 | H13: LV,HV | I13: LV,HV | J13: LV,HV | K13: LV,HV
A14: PCIE5 | B14: ELBG1_MULTIPLE | C14: PP_BRNA0_S_FULP_AN_P5PH_BST_JTG_ELB_ALLFRV_SI_ELB_G1 | E14: 50.76 | F14: 88.11 | G14: 49.03 | H14: LV,HV | I14: LV,HV | J14: LV,HV | K14: LV,HV
A15: PCIE5 | B15: ELBG1ROM_MULTIPLE | C15: PP_BRNA0_S_FULP_AN_P5PH_BST_JTG_ELB_ALLFRV_SI_ELB_G1ROM | E15: 49.25 | F15: 50.1 | G15: 48.18 | H15: LV,HV | I15: LV,HV | J15: LV,HV | K15: LV,HV
A16: PCIE5 | B16: ELBG2_MULTIPLE | C16: PP_BRNA0_S_FULP_AN_P5PH_BST_JTG_ELB_ALLFRV_SI_ELB_G2 | E16: 51.4 | F16: 50.86 | G16: 51.37 | H16: LV,HV | I16: LV,HV | J16: LV,HV | K16: LV,HV
A17: PCIE5 | B17: ELBG3_MULTIPLE | C17: PP_BRNA0_S_FULP_AN_P5PH_BST_JTG_ELB_ALLFRV_SI_ELB_G3 | E17: 50.56 | F17: 50.63 | G17: 51.9 | H17: LV,HV | I17: LV,HV | J17: LV,HV | K17: LV,HV
A18: PCIE5 | B18: ELBG4NOEQ_MULTIPLE | C18: PP_BRNA0_S_FULP_AN_P5PH_BST_JTG_ELB_ALLFRV_SI_ELB_G4NOEQ | E18: 65.22 | F18: 64.88 | G18: 97.08 | H18: LV,HV | I18: LV,HV | J18: LV,HV | K18: LV,HV
A19: PCIE5 | B19: ELBG4_MULTIPLE | C19: PP_BRNA0_S_FULP_AN_P5PH_BST_JTG_ELB_ALLFRV_SI_ELB_G4 | E19: 139.42 | F19: 107.43 | G19: 107.94 | H19: LV,HV | I19: LV,HV | J19: LV,HV | K19: LV,HV
A20: PCIE5 | B20: ELBG5_MULTIPLE | C20: PP_BRNA0_S_FULP_AN_P5PH_BST_JTG_ELB_ALLFRV_SI_ELB_G5 | E20: 106.99 | F20: 138.24 | G20: 106.59 | H20: LV,HV | I20: LV,HV | J20: LV,HV | K20: LV,HV
A21: PCIE5 | B21: PWRG1_MULTIPLE | C21: PP_BRNA0_S_FULP_AN_P5PH_MEA_JTG_IMX_ALLFRV_SI_PWR_G1 | E21: 35.72 | F21: 36.25 | G21: 35.64 | K21: HV
A22: PCIE5 | B22: PWRG2_MULTIPLE | C22: PP_BRNA0_S_FULP_AN_P5PH_MEA_JTG_IMX_ALLFRV_SI_PWR_G2 | E22: 40.48 | F22: 40.54 | G22: 40.54 | K22: HV
A23: PCIE5 | B23: PWRG3_MULTIPLE | C23: PP_BRNA0_S_FULP_AN_P5PH_MEA_JTG_IMX_ALLFRV_SI_PWR_G3 | E23: 40.97 | F23: 40.47 | G23: 40.9 | K23: HV
A24: PCIE5 | B24: PWRG4_MULTIPLE | C24: PP_BRNA0_S_FULP_AN_P5PH_MEA_JTG_IMX_ALLFRV_SI_PWR_G4 | E24: 82.44 | F24: 82.68 | G24: 84.19 | K24: HV
A25: PCIE5 | B25: PWRG5_MULTIPLE | C25: PP_BRNA0_S_FULP_AN_P5PH_MEA_JTG_IMX_ALLFRV_SI_PWR_G5 | E25: 107.6 | F25: 108.19 | G25: 138.72 | K25: HV
A26: PCIE5 | B26: SHMREGRDWR_MULTIPLE | C26: PP_BRNA0_S_FULP_AN_P5PH_MEA_JTG_FUN_ALLFRV_SI_SHM_REGRDWR | E26: 67.36 | F26: 68.23 | G26: 66.65
A27: PCIE5 | B27: RXDACMONO_MULTIPLE | C27: PP_BRNA0_S_FULP_AN_P5PH_MEA_JTG_VMX_ALLFRV_SI_RXDAC_MONO | E27: 97.98 | F27: 67.08 | G27: 66.78 | H27: LV,HV | I27: LV,HV | J27: LV,HV | K27: LV,HV
A28: PCIE5 | B28: MNRXDACRNG_MULTIPLE | C28: MN_BRNA0_S_FULP_AN_P5RX_MEA_JTG_VMX_ALLFRV_SI_RX_DACRNG | D28: RXDACMONO_MULTIPLE | E28: 808.26 | F28: 839.94 | G28: 815.77
A29: PCIE5 | B29: MNRXISIMEAS_MULTIPLE | C29: MN_BRNA0_S_FULP_AN_P5RX_MEA_JTG_VMX_ALLFRV_SI_RX_ISIMEAS | E29: 136.2 | F29: 103.18 | G29: 135.63
A30: PCIE5 | B30: MNELBLONGG1_MULTIPLE | C30: MN_BRNA0_S_FULP_AN_P5PH_BST_JTG_ELB_ALLFRV_SI_ELBLONG_G1 | D30: ELBG1_MULTIPLE | E30: 1790.56 | F30: 1763.66 | G30: 1606.86
A31: PCIE5 | B31: MNELBLONGG2_MULTIPLE | C31: MN_BRNA0_S_FULP_AN_P5PH_BST_JTG_ELB_ALLFRV_SI_ELBLONG_G2 | D31: ELBG2_MULTIPLE | E31: 1573.51 | F31: 1628.11 | G31: 1796.96
A32: PCIE5 | B32: MNELBLONGG3_MULTIPLE | C32: MN_BRNA0_S_FULP_AN_P5PH_BST_JTG_ELB_ALLFRV_SI_ELBLONG_G3 | D32: ELBG3_MULTIPLE | E32: 1808.12 | F32: 1748.98 | G32: 1628.73
A33: PCIE5 | B33: MNELBLONGG4_MULTIPLE | C33: MN_BRNA0_S_FULP_AN_P5PH_BST_JTG_ELB_ALLFRV_SI_ELBLONG_G4 | D33: ELBG4_MULTIPLE | E33: 1692.66 | F33: 1699.42 | G33: 1970.74
A34: PCIE5 | B34: MNELBLONGG5_MULTIPLE | C34: MN_BRNA0_S_FULP_AN_P5PH_BST_JTG_ELB_ALLFRV_SI_ELBLONG_G5 | E34: 1925.27 | F34: 1839.04 | G34: 1981.88 | H34: LV | I34: LV | J34: LV | K34: LV
A35: PCIE5 | B35: RX_DCOBISWP_MULTIPLE | C35: MN_BRNA0_S_FULP_AN_P5RX_MEA_JTG_FRQ_ALLFRV_SI_RX_DCOBISWP_1 | E35: 6602.92 | F35: 6431.45 | G35: 6859.22
A36: PCIE5 | B36: RX_DCOBISWP_MULTIPLE | C36: MN_BRNA0_S_FULP_AN_P5RX_MEA_JTG_FRQ_ALLFRV_SI_RX_DCOBISWP_2 | E36: 6678.82 | F36: 6477.5 | G36: 6868.96
A37: PCIE5 | B37: RX_DCOBISWP_MULTIPLE | C37: MN_BRNA0_S_FULP_AN_P5RX_MEA_JTG_FRQ_ALLFRV_SI_RX_DCOBISWP_3 | E37: 6735.49 | F37: 6549.18 | G37: 6953.45
A38: PCIE5 | B38: MNRXDCOCRSWPA_MULTIPLE | C38: MN_BRNA0_S_FULP_AN_P5RX_MEA_JTG_FRQ_ALLFRV_SI_RX_DCOCRSWP | E38: 1949.3 | F38: 1943.23 | G38: 1981.72
A39: PCIE5 | B39: MNRXDCOCRSWPB_MULTIPLE | C39: MN_BRNA0_S_FULP_AN_P5RX_MEA_JTG_FRQ_ALLFRV_SI_RX_DCOCRSWP | E39: 315.23 | F39: 318.58 | G39: 285.42
A40: PCIE5 | B40: MNRXDCOCRSWPC_MULTIPLE | C40: MN_BRNA0_S_FULP_AN_P5RX_MEA_JTG_FRQ_ALLFRV_SI_RX_DCOCRSWP | E40: 315.74 | F40: 315.76 | G40: 315.61
A41: PCIE5 | B41: MNRXDCOFNSWPA_MULTIPLE | C41: MN_BRNA0_S_FULP_AN_P5RX_MEA_JTG_FRQ_ALLFRV_SI_RX_DCOFNSWP | E41: 174.07 | F41: 173.34 | G41: 203.11
A42: PCIE5 | B42: MNRXDCOFNSWPB_MULTIPLE | C42: MN_BRNA0_S_FULP_AN_P5RX_MEA_JTG_FRQ_ALLFRV_SI_RX_DCOFNSWP | E42: 206.32 | F42: 203.1 | G42: 173.42
A43: PCIE5 | B43: MNRXDCOFNSWPC_MULTIPLE | C43: MN_BRNA0_S_FULP_AN_P5RX_MEA_JTG_FRQ_ALLFRV_SI_RX_DCOFNSWP | E43: 173.49 | F43: 173.77 | G43: 203.39

Sheet NTSX
A2: Proposal for TTR | D2: Total (ms) | F2: =SUM(E5:G7) -> 62.13
E3: CP1 (ms)
A4: Category | B4: SubBlock | C4: Pattern | D4: HIP_FailRun | E4: LV | F4: NV | G4: HV | H4: Prod CP1 | I4: Prod CP2 | J4: Prod FT1 | K4: Prod FT2 | L4: Mon | M4: T0Tx | N4: RMA Room | O4: RMA Hot
A5: NTSX | B5: NTST1_MULTIPLE | C5: PP_BRNA0_S_FULP_AN_P5MT_PFF_JTG_COD_ALLFRV_SI_NTS_T1 | F5: 61.05 | H5: NV | I5: NV | J5: NV | K5: NV
A6: NTSX | B6: OTHER | C6: NTSX_PCIE5NTSX_NTST1_FUSE_PREWRITE_CAL | F6: 0.33 | H6: NV
A7: NTSX | B7: OTHER | C7: NTSX_PCIE5NTSX_NTST1_FUSE_READ_CAL | F7: 0.75 | I7: NV | J7: NV | K7: NV

Sheet PCIEREFBUF
A2: Proposal for TTR | D2: Total (ms) | F2: =SUM(E5:G6) -> 175.08
E3: CP1 (ms)
A4: Category | B4: SubBlock | C4: Pattern | D4: HIP_FailRun | E4: LV | F4: NV | G4: HV | H4: Prod CP1 | I4: Prod CP2 | J4: Prod FT1 | K4: Prod FT2 | L4: Mon | M4: T0Tx | N4: RMA Room | O4: RMA Hot
A5: PCIEREFBUF | B5: REFBUFAUXTRIMAUXTIMP | C5: PP_BRNA0_S_FULP_AN_AB00_MEA_JTG_VMX_ALLFRV_SI_CALIB_T1PN | F5: 52.15 | H5: NV | J5: NV | K5: NV
A6: PCIEREFBUF | B6: SWNGT7 | C6: PP_BRNA0_S_FULP_AN_AB00_MEA_JTG_IMX_ALLFRV_SI_SWNG_T7 | E6: 43.81 | F6: 35.19 | G6: 43.93 | H6: NV | J6: NV | K6: NV

Sheet USB
A2: Proposal for TTR | D2: Total (ms) | F2: =SUM(E5:G34) -> 3900.88
E3: CP1 (ms)
A4: Category | B4: SubBlock | C4: Pattern | D4: HIP_FailRun | E4: LV | F4: NV | G4: HV | H4: Prod CP1 | I4: Prod CP2 | J4: Prod FT1 | K4: Prod FT2 | L4: Mon | M4: T0Tx | N4: RMA Room | O4: RMA Hot
A5: USB | B5: IDDQT01 | C5: PP_BRNA0_S_FULP_AN_EUSB_MEA_JTG_IMX_ALLFRV_SI_IDDQ_T01 | E5: 150.82 | F5: 107.39 | G5: 146.07 | I5: HV | K5: HV
A6: USB | B6: UTMIT03 | C6: PP_BRNA0_S_FULP_AN_EUSB_MEA_JTG_FRQ_ALLFRV_SI_UTMI_T03 | E6: 39.74 | F6: 38.83 | G6: 38.77 | I6: LV
A7: USB | B7: FSLST04 | C7: PP_BRNA0_S_FULP_AN_EUSB_BST_JTG_ILB_ALLFRV_SI_FSLS_T04 | E7: 27.09 | F7: 62.9 | G7: 26.3 | H7: LV,HV | I7: LV,HV | J7: LV,HV | K7: LV,HV
A8: USB | B8: HST06 | C8: PP_BRNA0_S_FULP_AN_EUSB_BST_JTG_ILB_ALLFRV_SI_HS_T06 | E8: 21.51 | F8: 21.44 | G8: 21.08 | H8: LV,HV | I8: LV,HV | J8: LV,HV | K8: LV,HV
A9: USB | B9: HSTJT10TERM | C9: PP_BRNA0_S_FULP_AN_EUSB_MEA_JTG_VMX_ALLFRV_SI_HSTJ_T10 | E9: 63.98 | F9: 64.03 | G9: 63.57 | K9: LV
A10: USB | B10: HSTJT10UNTERM | C10: PP_BRNA0_S_FULP_AN_EUSB_MEA_JTG_VMX_ALLFRV_SI_HSTJ_T10 | E10: 37.19 | F10: 36.99 | G10: 37.06 | K10: LV
A11: USB | B11: HSTKT11TERM | C11: PP_BRNA0_S_FULP_AN_EUSB_MEA_JTG_VMX_ALLFRV_SI_HSTK_T11 | E11: 56 | F11: 56.66 | G11: 56.17 | K11: LV
A12: USB | B12: HSTKT11UNTERM | C12: PP_BRNA0_S_FULP_AN_EUSB_MEA_JTG_VMX_ALLFRV_SI_HSTK_T11 | E12: 37.03 | F12: 37.31 | G12: 36.85 | K12: LV
A13: USB | B13: HSSE0T12 | C13: PP_BRNA0_S_FULP_AN_EUSB_MEA_JTG_VMX_ALLFRV_SI_HSSE0_T12 | E13: 35.99 | F13: 36.33 | G13: 36.34 | K13: HV
A14: USB | B14: SIHSJKT13TTR | C14: PP_BRNA0_S_FULP_AN_EUSB_MEA_JTG_IMX_ALLFRV_SI_SIHSJK_T13TTR | E14: 32.45 | F14: 32.51 | G14: 33.52 | J14: LV | K14: LV
A15: USB | B15: HSRTMT16 | C15: PP_BRNA0_S_FULP_AN_EUSB_BST_JTG_ILB_ALLFRV_SI_HSRTM_T16 | E15: 23.25 | F15: 26.14 | G15: 23.64 | I15: LV
A16: USB | B16: DCSQJT17 | C16: PP_BRNA0_S_FULP_AN_EUSB_BST_JTG_ILB_ALLFRV_SI_DCSQJ_T17 | E16: 20.11 | F16: 20.24 | G16: 20.37 | I16: LV
A17: USB | B17: DCSQKT18 | C17: PP_BRNA0_S_FULP_AN_EUSB_BST_JTG_ILB_ALLFRV_SI_DCSQK_T18 | E17: 17.03 | F17: 17.04 | G17: 17.11 | I17: LV
A18: USB | B18: DCSQSE0T17SQ | C18: PP_BRNA0_S_FULP_AN_EUSB_BST_JTG_ILB_ALLFRV_SI_DCSQSE0_T17SQ | E18: 16.58 | F18: 16.59 | G18: 16.61 | I18: LV
A19: USB | B19: FSLST19TTR | C19: PP_BRNA0_S_FULP_AN_EUSB_MEA_JTG_VMX_ALLFRV_SI_FSLS_T19TTR | E19: 78.79 | F19: 79.16 | G19: 78.87 | I19: LV
A20: USB | B20: FSLSZT25TTR | C20: PP_BRNA0_S_FULP_AN_EUSB_MEA_JTG_IMX_ALLFRV_SI_FSLSZ_T25TTR | E20: 42.2 | F20: 43.26 | G20: 42.98 | I20: LV
A21: USB | B21: FLSRSET29P1 | C21: PP_BRNA0_S_FULP_AN_EUSB_BST_JTG_ILB_ALLFRV_SI_FLSRSE_T29P1 | E21: 18.05 | F21: 18.04 | G21: 18.03 | I21: LV
A22: USB | B22: FLSRSET29P2 | C22: PP_BRNA0_S_FULP_AN_EUSB_BST_JTG_ILB_ALLFRV_SI_FLSRSE_T29P2 | E22: 21.3 | F22: 21.01 | G22: 20.95 | I22: LV
A23: USB | B23: FLSRSET29P3 | C23: PP_BRNA0_S_FULP_AN_EUSB_BST_JTG_ILB_ALLFRV_SI_FLSRSE_T29P3 | E23: 21.16 | F23: 20.86 | G23: 20.8 | I23: LV
A24: USB | B24: FLSRSET29P4 | C24: PP_BRNA0_S_FULP_AN_EUSB_BST_JTG_ILB_ALLFRV_SI_FLSRSE_T29P4 | E24: 19.99 | F24: 19.58 | G24: 19.63 | I24: LV
A25: USB | B25: RPDT30 | C25: PP_BRNA0_S_FULP_AN_EUSB_MEA_JTG_IMX_ALLFRV_SI_RPD_T30 | E25: 22.07 | F25: 22.05 | G25: 24.32 | K25: LV
A26: USB | B26: PSSE0T40 | C26: PP_BRNA0_S_FULP_AN_EUSB_BST_JTG_ILB_ALLFRV_SI_PSSE0_T40 | E26: 65.37 | F26: 37.49 | G26: 71.7 | K26: LV
A27: USB | B27: PSSE1T41 | C27: PP_BRNA0_S_FULP_AN_EUSB_BST_JTG_ILB_ALLFRV_SI_PSSE1_T41 | E27: 40.92 | F27: 71.1 | G27: 37.83 | K27: LV
A28: USB | B28: PGPMLBAET42 | C28: PP_BRNA0_S_FULP_AN_EUSB_BST_JTG_ILB_ALLFRV_SI_PGPMLBAE_T42 | E28: 22.34 | F28: 22.51 | G28: 22.26 | K28: LV
A29: USB | B29: PGPMLBAET43 | C29: PP_BRNA0_S_FULP_AN_EUSB_BST_JTG_ILB_ALLFRV_SI_PGPMLBAE_T43 | E29: 29.4 | F29: 29.32 | G29: 29.45 | K29: LV
A30: USB | B30: PGPMLBNET44 | C30: PP_BRNA0_S_FULP_AN_EUSB_BST_JTG_ILB_ALLFRV_SI_PGPMLBNE_T44 | E30: 29.13 | F30: 29.03 | G30: 29.42 | K30: LV
A31: USB | B31: HSMAXDENT50 | C31: PP_BRNA0_S_FULP_AN_EUSB_MEA_JTG_FRQ_ALLFRV_SI_HSMAXDEN_T50 | E31: 52.87 | F31: 52.75 | G31: 53.83 | K31: LV
A32: USB | B32: FSMAXDENT51 | C32: PP_BRNA0_S_FULP_AN_EUSB_MEA_JTG_FRQ_ALLFRV_SI_FSMAXDEN_T51 | E32: 52.37 | F32: 52.38 | G32: 52.67 | K32: LV
A33: USB | B33: MNCALT15 | C33: MN_BRNA0_S_FULP_AN_EUSB_BST_JTG_ILB_ALLFRV_SI_CAL_T15 | E33: 26.73 | F33: 27.43 | G33: 26.9 | H33: LV | I33: LV | J33: LV | K33: LV
A34: USB | B34: MNATBT33 | C34: MN_BRNA0_S_FULP_AN_EUSB_MEA_JTG_IMX_ALLFRV_SI_ATB_T33 | E34: 111.6 | F34: 313.96 | G34: 110.39 | H34: LV | I34: LV | J34: LV | K34: LV

Sheet AMP
A2: Proposal for TTR | D2: Total (ms) | F2: =SUM(E5:G150) -> 238398.79
E3: CP1 (ms)
A4: Category | B4: SubBlock | C4: Pattern | D4: HIP_FailRun | E4: LV | F4: NV | G4: HV | H4: Prod CP1 | I4: Prod CP2 | J4: Prod FT1 | K4: Prod FT2 | L4: Mon | M4: T0Tx | N4: RMA Room | O4: RMA Hot
A5: AMP | B5: OTHER | C5: RELAYON_K100_K102_K104_RELAYOFF_K15_K19_K17 | F5: 199.57 | H5: NV,LV,HV | I5: NV,LV,HV | J5: NV,LV,HV | K5: NV,LV,HV
A6: AMP | B6: OTHER | C6: RELAYON_K15_K19_K17_RELAYOFF_K100_K102_K104 | F6: 162.21 | H6: NV,LV,HV | I6: NV,LV,HV | J6: NV,LV,HV | K6: NV,LV,HV
A7: AMP | B7: RREFVREGCAL | C7: PP_BRNA0_S_FULP_AN_DDIO_MEA_JTG_LP5_MDX00A_SI_RREF_VREGCAL | F7: 473.09 | H7: NV
A8: AMP | B8: INTSMD1CA | C8: PP_BRNA0_S_FULP_AN_DDIO_ILB_JTG_LP5_MDX001_SI_INTS_MD1CA | E8: 44.23 | F8: 42.28 | G8: 43.27 | H8: BV | I8: BV_BChk | J8: BV_BChk | K8: BV_BChk
A9: AMP | B9: INTSMD2CA | C9: PP_BRNA0_S_FULP_AN_DDIO_ILB_JTG_LP5_MDX002_SI_INTS_MD2CA | E9: 41.42 | F9: 40.33 | G9: 42.9 | H9: BV | I9: BV_BChk | J9: BV_BChk | K9: BV_BChk
A10: AMP | B10: INTSMD3CA | C10: PP_BRNA0_S_FULP_AN_DDIO_ILB_JTG_LP5_MDX003_SI_INTS_MD3CA | E10: 72.99 | F10: 41.18 | G10: 42.28 | H10: BV | I10: BV_BChk | J10: BV_BChk | K10: BV_BChk
A11: AMP | B11: INTSMD4CA | C11: PP_BRNA0_S_FULP_AN_DDIO_ILB_JTG_LP5_MDX004_SI_INTS_MD4CA | E11: 41.94 | F11: 39.23 | G11: 74.01 | H11: BV | I11: BV_BChk | J11: BV_BChk | K11: BV_BChk
A12: AMP | B12: INTSMD5CA | C12: PP_BRNA0_S_FULP_AN_DDIO_ILB_JTG_LP5_MDX005_SI_INTS_MD5CA | E12: 42.76 | F12: 77.9 | G12: 47.66 | H12: BV | I12: BV_BChk | J12: BV_BChk | K12: BV_BChk
A13: AMP | B13: INTSMD6CA | C13: PP_BRNA0_S_FULP_AN_DDIO_ILB_JTG_LP5_MDX006_SI_INTS_MD6CA | E13: 42.38 | F13: 43.71 | G13: 44.31 | H13: BV | I13: BV_BChk | J13: BV_BChk | K13: BV_BChk
A14: AMP | B14: INTSMD7CA | C14: PP_BRNA0_S_FULP_AN_DDIO_ILB_JTG_LP5_MDX007_SI_INTS_MD7CA | E14: 77.47 | F14: 42.1 | G14: 44.6 | H14: BV | I14: BV_BChk | J14: BV_BChk | K14: BV_BChk
A15: AMP | B15: INTSMD8CA | C15: PP_BRNA0_S_FULP_AN_DDIO_ILB_JTG_LP5_MDX008_SI_INTS_MD8CA | E15: 44.23 | F15: 43.37 | G15: 79.41 | H15: BV | I15: BV_BChk | J15: BV_BChk | K15: BV_BChk
A16: AMP | B16: INTSMD9CA | C16: PP_BRNA0_S_FULP_AN_DDIO_ILB_JTG_LP5_MDX009_SI_INTS_MD9CA | E16: 44.58 | F16: 74.07 | G16: 44.92 | H16: BV | I16: BV_BChk | J16: BV_BChk | K16: BV_BChk
A17: AMP | B17: INTSMDACA | C17: PP_BRNA0_S_FULP_AN_DDIO_ILB_JTG_LP5_MDX00A_SI_INTS_MDACA | E17: 43.94 | F17: 43.32 | G17: 45.34 | H17: BV,HBV | I17: BV_BChk,HBV_BChk | J17: BV_BChk,HBV_BChk | K17: BV_BChk,HBV_BChk
A18: AMP | B18: INTSMD1DQW | C18: PP_BRNA0_S_FULP_AN_DDIO_ILB_JTG_LP5_MDX001_SI_INTS_MD1DQW | E18: 79.92 | F18: 46.93 | G18: 80.22 | H18: BV | I18: BV_BChk | J18: BV_BChk | K18: BV_BChk
A19: AMP | B19: INTSMD2DQW | C19: PP_BRNA0_S_FULP_AN_DDIO_ILB_JTG_LP5_MDX002_SI_INTS_MD2DQW | E19: 48.93 | F19: 46.35 | G19: 50.05 | H19: BV | I19: BV_BChk | J19: BV_BChk | K19: BV_BChk
... A38: AMP | B38: INTECCMDADQW | C38: PP_BRNA0_S_FULP_AN_DDIO_ILB_JTG_LP5_MDX00A_SI_INTECC_MDADQW | E38: 43.51 | F38: 41.38 | G38: 47.42 | H38: BV,HBV | I38: BV_BChk,HBV_BChk | J38: BV_BChk,HBV_BChk | K38: BV_BChk,HBV_BChk
A39: AMP | B39: EXTSMD1CA | C39: PP_BRNA0_S_FULP_AN_DDIO_ELB_JTG_LP5_MDX001_SI_EXTS_MD1CA | E39: 59.52 | F39: 88.22 | G39: 90.28
A40: AMP | B40: EXTSMD2CA | C40: PP_BRNA0_S_FULP_AN_DDIO_ELB_JTG_LP5_MDX002_SI_EXTS_MD2CA | E40: 59.91 | F40: 58.74 | G40: 59.75
A41: AMP | B41: EXTSMD3CA | C41: PP_BRNA0_S_FULP_AN_DDIO_ELB_JTG_LP5_MDX003_SI_EXTS_MD3CA | E41: 90.85 | F41: 57.82 | G41: 59.43
A42: AMP | B42: EXTSMD1DQWCM | C42: PP_BRNA0_S_FULP_AN_DDIO_ELB_JTG_LP5_MDX001_SI_EXTS_MD1DQWCM | E42: 77.41 | F42: 73.87 | G42: 80.87
A43: AMP | B43: EXTSMD2DQWCM | C43: PP_BRNA0_S_FULP_AN_DDIO_ELB_JTG_LP5_MDX002_SI_EXTS_MD2DQWCM | E43: 76.76 | F43: 73.43 | G43: 109.39
A44: AMP | B44: EXTSMD3DQW | C44: PP_BRNA0_S_FULP_AN_DDIO_ELB_JTG_LP5_MDX003_SI_EXTS_MD3DQW | E44: 109.16 | F44: 106.03 | G44: 76.58
A45: AMP | B45: EXTSCMLPMD1DQR | C45: PP_BRNA0_S_FULP_AN_DDIO_ELB_JTG_LP5_MDX001_SI_EXTSCMLP_MD1DQR | E45: 73.19 | F45: 71.44 | G45: 72.86
A46: AMP | B46: EXTSCMLPMD2DQR | C46: PP_BRNA0_S_FULP_AN_DDIO_ELB_JTG_LP5_MDX002_SI_EXTSCMLP_MD2DQR | E46: 72.45 | F46: 70.63 | G46: 72.42
A47: AMP | B47: EXTSCMHPMD3DQR | C47: PP_BRNA0_S_FULP_AN_DDIO_ELB_JTG_LP5_MDX003_SI_EXTSCMHP_MD3DQR | E47: 78.58 | F47: 69.83 | G47: 104.42
A48: AMP | B48: EXTSMD3DQR | C48: PP_BRNA0_S_FULP_AN_DDIO_ELB_JTG_LP5_MDX003_SI_EXTS_MD3DQR | E48: 107.59 | F48: 101.38 | G48: 72.81
A49: AMP | B49: EXTSDRAMMD4DQW | C49: PP_BRNA0_S_FULP_AN_DDIO_ELB_JTG_LP5_MDX004_SI_EXTSDRAM_MD4DQW | E49: 112.62 | F49: 108.92 | G49: 111.84
A50: AMP | B50: EXTSDRAMMD8DQW | C50: PP_BRNA0_S_FULP_AN_DDIO_ELB_JTG_LP5_MDX008_SI_EXTSDRAM_MD8DQW | E50: 114.64 | F50: 112.88 | G50: 146.76
... A74: AMP | B74: EXTSRXSWMDADQR | C74: PP_BRNA0_S_FULP_AN_DDIO_ELB_JTG_LP5_MDX00A_SI_EXTSRXSW_MDADQR | E74: 3762.44 | F74: 3732.46 | G74: 3787
A75: AMP | B75: ZCALMD1ZCAL | C75: PP_BRNA0_S_FULP_AN_DDIO_CAL_JTG_LP5_MDX001_SI_ZCAL_MD1ZCAL | E75: 43.47 | F75: 38.87 | G75: 40.13 | H75: LV,HV | I75: LV,HV | J75: LV,HV | K75: LV,HV
A76: AMP | B76: ZCALMD2ZCAL | C76: PP_BRNA0_S_FULP_AN_DDIO_CAL_JTG_LP5_MDX002_SI_ZCAL_MD2ZCAL | E76: 38.55 | F76: 36.61 | G76: 46.2 | H76: LV,HV | I76: LV,HV | J76: LV,HV | K76: LV,HV
A77: AMP | B77: ZCALMD3ZCAL | C77: PP_BRNA0_S_FULP_AN_DDIO_CAL_JTG_LP5_MDX003_SI_ZCAL_MD3ZCAL | E77: 38.42 | F77: 37.43 | G77: 38.71 | H77: LV,HV | I77: LV,HV | J77: LV,HV | K77: LV,HV
A78: AMP | B78: ZCALMD4ZCAL | C78: PP_BRNA0_S_FULP_AN_DDIO_CAL_JTG_LP5_MDX004_SI_ZCAL_MD4ZCAL | E78: 67.78 | F78: 66.56 | G78: 69.08 | H78: LV,HV | I78: LV,HV | J78: LV,HV | K78: LV,HV
A79: AMP | B79: ZCALMD5ZCAL | C79: PP_BRNA0_S_FULP_AN_DDIO_CAL_JTG_LP5_MDX005_SI_ZCAL_MD5ZCAL | E79: 43.2 | F79: 40.63 | G79: 43.53 | H79: LV,HV | I79: LV,HV | J79: LV,HV | K79: LV,HV
A80: AMP | B80: ZCALMD6ZCAL | C80: PP_BRNA0_S_FULP_AN_DDIO_CAL_JTG_LP5_MDX006_SI_ZCAL_MD6ZCAL | E80: 40.45 | F80: 38.58 | G80: 40.12 | H80: LV,HV | I80: LV,HV | J80: LV,HV | K80: LV,HV
A81: AMP | B81: ZCALMD7ZCAL | C81: PP_BRNA0_S_FULP_AN_DDIO_CAL_JTG_LP5_MDX007_SI_ZCAL_MD7ZCAL | E81: 40.44 | F81: 38.44 | G81: 40.57 | H81: LV,HV | I81: LV,HV | J81: LV,HV | K81: LV,HV
A82: AMP | B82: ZCALMD8ZCAL | C82: PP_BRNA0_S_FULP_AN_DDIO_CAL_JTG_LP5_MDX008_SI_ZCAL_MD8ZCAL | E82: 72.02 | F82: 69.15 | G82: 71.35 | H82: LV,HV | I82: LV,HV | J82: LV,HV | K82: LV,HV
A83: AMP | B83: ZCALMD9ZCAL | C83: PP_BRNA0_S_FULP_AN_DDIO_CAL_JTG_LP5_MDX009_SI_ZCAL_MD9ZCAL | E83: 40.79 | F83: 39.42 | G83: 42.89 | H83: LV,HV | I83: LV,HV | J83: LV,HV | K83: LV,HV
A84: AMP | B84: ZCALMDAZCAL | C84: PP_BRNA0_S_FULP_AN_DDIO_CAL_JTG_LP5_MDX00A_SI_ZCAL_MDAZCAL | E84: 40.43 | F84: 39.85 | G84: 41.28 | H84: LV,HV | I84: LV,HV | J84: LV,HV | K84: LV,HV
A85: AMP | B85: BCODESMD1MDLL | C85: PP_BRNA0_S_FULP_AN_DDIO_DLL_JTG_LP5_MDX001_SI_BCODES_MD1MDLL | E85: 34.71 | F85: 34.54 | G85: 35.84 | H85: LV,HV | I85: LV,HV | J85: LV,HV | K85: LV,HV
A86: AMP | B86: BCODESMD2MDLL | C86: PP_BRNA0_S_FULP_AN_DDIO_DLL_JTG_LP5_MDX002_SI_BCODES_MD2MDLL | E86: 34.39 | F86: 33.64 | G86: 36.04 | H86: LV,HV | I86: LV,HV | J86: LV,HV | K86: LV,HV
... A97: AMP | B97: RDGATEMD3RDGT | C97: PP_BRNA0_S_FULP_AN_DDIO_RDG_JTG_LP5_MDX003_SI_RDGATE_MD3RDGT | E97: 42.47 | F97: 68.62 | G97: 43.11 | H97: LV,HV | I97: LV,HV | J97: LV,HV | K97: LV,HV
A98: AMP | B98: HIGHZMDAHIZ | C98: PP_BRNA0_S_FULP_AN_DDIO_HIZ_JTG_LP5_MDX00A_SI_HIGHZ_MDAHIZ | E98: 268.52 | F98: 288.21 | G98: 296.06 | H98: LV,HV | I98: LV,HV
A99: AMP | B99: RESETMD0RST | C99: PP_BRNA0_S_FULP_AN_DDIO_RST_JTG_LP5_MDX000_SI_RESET_MD0RST | E99: 51.64 | F99: 51.44 | G99: 51.9 | H99: LV,HV | I99: LV,HV
A100: AMP | B100: RESETMDARST | C100: PP_BRNA0_S_FULP_AN_DDIO_RST_JTG_LP5_MDX00A_SI_RESET_MDARST | E100: 52.49 | F100: 52.01 | G100: 52.59 | H100: LV,HV | I100: LV,HV
A101: AMP | B101: NPJSMDALDO | C101: MN_BRNA0_S_FULP_AN_DDIO_NPJ_JTG_LP5_MDX00A_SI_NPJS_MDALDO | E101: 466.3 | F101: 2546.88 | G101: 420.77 | L101: LV,HV
A102: AMP | B102: NPJSMDAST | C102: MN_BRNA0_S_FULP_AN_DDIO_NPJ_JTG_LP5_MDX00A_SI_NPJS_MDAST | E102: 476.02 | F102: 509.68 | G102: 527.21 | L102: LV,HV
A103: AMP | B103: NPJSMDAJTR | C103: MN_BRNA0_S_FULP_AN_DDIO_NPJ_JTG_LP5_MDX00A_SI_NPJS_MDAJTR | E103: 1225.67 | F103: 1231.74 | G103: 1217.78 | L103: LV,HV
A104: AMP | B104: NTSXT1 | C104: PP_BRNA0_S_FULP_AN_DDIO_PFF_JTG_LP5_ALLFRV_SI_NTSX_T1 | E104: 164.19 | F104: 170.86 | G104: 168.73 | H104: NV | I104: NV | J104: NV | K104: NV
A105: AMP | B105: CRACKMD0CRCK | C105: PP_BRNA0_S_FULP_AN_DDIO_PFF_JTG_LP5_MDX000_SI_CRACK_MD0CRCK | E105: 38.34 | F105: 37.95 | G105: 38.44 | H105: LV,HV | I105: LV,HV | J105: LV,HV | K105: LV,HV
A106: AMP | B106: MNUCSDMCAL | C106: MN_BRNA0_S_FULP_AN_DDIO_MEA_JTG_LP5_MDX00A_SI_UCSDM_CAL | E106: 86.1 | F106: 49.48 | G106: 52.08 | H106: NV
A107: AMP | B107: MNUCSDMMEAS | C107: MN_BRNA0_S_FULP_AN_DDIO_MEA_JTG_LP5_MDX00A_SI_UCSDM_MEAS | E107: 300.63 | F107: 294.13 | G107: 299.77 | H107: NV
A108: AMP | B108: MNINTSFRMDACA | C108: MN_BRNA0_S_FULP_AN_DDIO_ILB_JTG_LP5_MDX00A_SI_INTSFR_MDACA | E108: 37.54 | F108: 34.95 | G108: 37.06 | L108: LV,HV
A109: AMP | B109: MNINTSFRMDADQW | C109: MN_BRNA0_S_FULP_AN_DDIO_ILB_JTG_LP5_MDX00A_SI_INTSFR_MDADQW | E109: 70.77 | F109: 39.42 | G109: 73.37 | L109: LV,HV
A110: AMP | B110: MNINTECCMD1DQW | C110: MN_BRNA0_S_FULP_AN_DDIO_ILB_JTG_LP5_MDX001_SI_INTECC_MD1DQW | E110: 50.71 | F110: 81.11 | G110: 50.13 | L110: LV,HV
A111: AMP | B111: MNINTECCMD2DQW | C111: MN_BRNA0_S_FULP_AN_DDIO_ILB_JTG_LP5_MDX002_SI_INTECC_MD2DQW | E111: 49.43 | F111: 49.15 | G111: 49.91 | L111: LV,HV
A112: AMP | B112: MNINTECCMD3DQW | C112: MN_BRNA0_S_FULP_AN_DDIO_ILB_JTG_LP5_MDX003_SI_INTECC_MD3DQW | E112: 51.84 | F112: 48.34 | G112: 83.04 | L112: LV,HV
A113: AMP | B113: MNINTECCMD4DQW | C113: MN_BRNA0_S_FULP_AN_DDIO_ILB_JTG_LP5_MDX004_SI_INTECC_MD4DQW | E113: 92.66 | F113: 83.6 | G113: 50.11 | L113: LV,HV
A114: AMP | B114: MNINTECCMD5DQW | C114: MN_BRNA0_S_FULP_AN_DDIO_ILB_JTG_LP5_MDX005_SI_INTECC_MD5DQW | E114: 55.86 | F114: 50.72 | G114: 54.97 | L114: LV,HV
A115: AMP | B115: MNINTECCMD6DQW | C115: MN_BRNA0_S_FULP_AN_DDIO_ILB_JTG_LP5_MDX006_SI_INTECC_MD6DQW | E115: 82.38 | F115: 49.74 | G115: 81.58 | L115: LV,HV
A116: AMP | B116: MNINTECCMD7DQW | C116: MN_BRNA0_S_FULP_AN_DDIO_ILB_JTG_LP5_MDX007_SI_INTECC_MD7DQW | E116: 52.25 | F116: 78.9 | G116: 52.16 | L116: LV,HV
A117: AMP | B117: MNINTECCMD8DQW | C117: MN_BRNA0_S_FULP_AN_DDIO_ILB_JTG_LP5_MDX008_SI_INTECC_MD8DQW | E117: 51.3 | F117: 50.74 | G117: 80.44 | L117: LV,HV
A118: AMP | B118: MNINTECCMD9DQW | C118: MN_BRNA0_S_FULP_AN_DDIO_ILB_JTG_LP5_MDX009_SI_INTECC_MD9DQW | E118: 80.81 | F118: 80.35 | G118: 51.67 | L118: LV,HV
A119: AMP | B119: MNEXTSMD4DQW | C119: MN_BRNA0_S_FULP_AN_DDIO_ELB_JTG_LP5_MDX004_SI_EXTS_MD4DQW | E119: 75.57 | F119: 75.34 | G119: 75.9 | L119: LV,HV
... A150: AMP | B150: HTINTSMDACADQ_MULTIPLE | C150: HT_BRNA0_S_PL00_AN_DDIO_ILB_JTG_LP5_MDX00A_SI_INTS_MDACADQ | E150: 34.33 | F150: 34.34 | G150: 34.16 | L150: LV,HV
